date_added,persistent_id,name,kind,podcast,bitrate,play_date_utc,unplayed,location,file_folder_count,track_id,play_count,size,artwork_count,library_folder_count,track_type,album,date_modified,release_date,genre,sample_rate,total_time,play_date,year,artist
2021-12-30 22:58:16,D0C446F59614E7AE,1.1 Come Follow Me (Introductory Pages) - Book of Mormon Evidence - Panel Discussion,,True,,2020-02-25 19:54:39,True,https://www.buzzsprout.com/802637/2432739-1-1-come-follow-me-introductory-pages-book-of-mormon-evidence-panel-discussion.mp3,,6472,,65826474,,,URL,Come Follow Me 2021 - Latter-Day Media,,2020-01-05 14:00:00,Podcast,,5475000,3665480079,,Rod Meldrum and Latter-Day Media
2021-12-30 22:58:16,65465C64B93808B9,1.2 Come Follow Me (Introductory Pages) - Book of Mormon Evidence - Panel Discussion,,True,,2020-02-28 19:39:39,True,https://www.buzzsprout.com/802637/2441486-1-2-come-follow-me-introductory-pages-book-of-mormon-evidence-panel-discussion.mp3,,6474,,54279004,,,URL,Come Follow Me 2021 - Latter-Day Media,,2020-01-08 20:00:00,Podcast,,4513000,3665738379,,Rod Meldrum and Latter-Day Media
2021-12-30 22:58:16,E8D8EB7721012C80,2 Come Follow Me (1 Nephi 1–7) Book of Mormon Evidence - Mike & Betty LaFontaine,,True,,2020-03-03 19:04:33,True,https://www.buzzsprout.com/802637/2465333-2-come-follow-me-1-nephi-1-7-book-of-mormon-evidence-mike-betty-lafontaine.mp3,,6476,,45491766,,,URL,Come Follow Me 2021 - Latter-Day Media,,2020-01-12 20:00:00,Podcast,,3781000,3666081873,,Rod Meldrum and Latter-Day Media
2021-12-30 22:58:16,6685044AA6B9FE9A,3 Come Follow Me (1 Nephi 8–10) Book of Mormon Evidence - Avraham Gileadi,,True,,2020-03-05 20:21:53,True,https://www.buzzsprout.com/802637/2521912-3-come-follow-me-1-nephi-8-10-book-of-mormon-evidence-avraham-gileadi.mp3,,6478,,30676621,,,URL,Come Follow Me 2021 - Latter-Day Media,,2020-01-13 21:00:00,Podcast,,2545000,3666259313,,Rod Meldrum and Latter-Day Media
2021-12-30 22:58:16,5C8A1ECFCD649EE3,4 Come Follow Me (1 Nephi 11–15) Book of Mormon Evidence - Avraham Gileadi,,True,,2020-03-07 01:12:24,True,https://www.buzzsprout.com/802637/2540593-4-come-follow-me-1-nephi-11-15-book-of-mormon-evidence-avraham-gileadi.mp3,,6480,,32137157,,,URL,Come Follow Me 2021 - Latter-Day Media,,2020-01-20 06:00:00,Podcast,,2668000,3666363144,,Rod Meldrum and Latter-Day Media
2021-12-30 22:58:16,EE845160C0601570,5.1 Come Follow Me (1 Nephi 16-22) Book of Mormon Evidence - Kay Godfrey,,True,,2020-03-18 21:00:52,True,https://www.buzzsprout.com/802637/2518120-5-1-come-follow-me-1-nephi-16-22-book-of-mormon-evidence-kay-godfrey.mp3,,6482,,18077859,,,URL,Come Follow Me 2021 - Latter-Day Media,,2020-01-22 03:00:00,Podcast,,1497000,3667388452,,Rod Meldrum and Latter-Day Media
2021-12-30 22:58:16,08876BA63D75AF21,5.2 Come Follow Me (1 Nephi 16-22) Book of Mormon Evidence - Brent Heaton,,True,,2020-04-16 20:59:02,True,https://www.buzzsprout.com/802637/2660203-5-2-come-follow-me-1-nephi-16-22-book-of-mormon-evidence-brent-heaton.mp3,,6484,,36124963,,,URL,Come Follow Me 2021 - Latter-Day Media,,2020-02-04 22:00:00,Podcast,,3000000,3669893942,,Rod Meldrum and Latter-Day Media
2021-12-30 22:58:16,E9AEE9AFA7D358C7,5.3 Come Follow Me (1 Nephi 16-22) Book of Mormon Evidence - Boyd Tuttle,,True,,2020-05-09 17:06:02,True,https://www.buzzsprout.com/802637/2707945-5-3-come-follow-me-1-nephi-16-22-book-of-mormon-evidence-boyd-tuttle.mp3,,6486,,53557837,,,URL,Come Follow Me 2021 - Latter-Day Media,,2020-02-10 19:00:00,Podcast,,4452000,3671867162,,Rod Meldrum and Latter-Day Media
2021-12-30 22:58:16,B7D9FDFA37CCF30E,"6.1 Come Follow Me (2 Nephi 1-5) Book of Mormon Evidence - Timothy Ballard, Operation Underground Railroad",,True,,2020-05-19 23:31:53,True,https://www.buzzsprout.com/802637/2708599-6-1-come-follow-me-2-nephi-1-5-book-of-mormon-evidence-timothy-ballard-operation-underground-railroad.mp3,,6488,,62411444,,,URL,Come Follow Me 2021 - Latter-Day Media,,2020-02-12 20:00:00,Podcast,,5191000,3672754313,,Rod Meldrum and Latter-Day Media
2021-12-30 22:58:16,2D034C72373DACB8,6.2 Come Follow Me (2 Nephi1-5) Book of Mormon Evidence - Chauncey Riddle,,True,,2020-05-26 17:09:47,True,https://www.buzzsprout.com/802637/2730577-6-2-come-follow-me-2-nephi1-5-book-of-mormon-evidence-chauncey-riddle.mp3,,6490,,40297674,,,URL,Come Follow Me 2021 - Latter-Day Media,,2020-02-13 04:00:00,Podcast,,3346000,3673336187,,Rod Meldrum and Latter-Day Media
2021-12-30 22:58:16,5DEAEDFCE1549B0E,7 Come Follow Me (2 Nephi 6-10) Book of Mormon Evidence - Ken Krogue,,True,,2020-07-25 16:49:45,True,https://www.buzzsprout.com/802637/2773522-7-come-follow-me-2-nephi-6-10-book-of-mormon-evidence-ken-krogue.mp3,,6492,,44929984,,,URL,Come Follow Me 2021 - Latter-Day Media,,2020-02-17 06:00:00,Podcast,,3734000,3678518985,,Rod Meldrum and Latter-Day Media
2021-12-30 22:58:16,F5BE75D57DD1B946,8 Come Follow Me (2 Nephi 11-25) Book of Mormon Evidence - David Allan,,True,,2020-07-31 13:49:56,True,https://www.buzzsprout.com/802637/2787457-8-come-follow-me-2-nephi-11-25-book-of-mormon-evidence-david-allan.mp3,,6494,,21507826,,,URL,Come Follow Me 2021 - Latter-Day Media,,2020-02-18 18:00:00,Podcast,,1781000,3679026596,,Rod Meldrum and Latter-Day Media
2021-12-30 22:58:16,28291521A40A5169,9 Come Follow Me (2 Nephi 26-30) Book of Mormon Evidence - Farrell & Rhonda Pickering,,True,,2020-08-08 15:29:32,True,https://www.buzzsprout.com/802637/2845042-9-come-follow-me-2-nephi-26-30-book-of-mormon-evidence-farrell-rhonda-pickering.mp3,,6496,,75017743,,,URL,Come Follow Me 2021 - Latter-Day Media,,2020-02-25 04:00:00,Podcast,,6241000,3679723772,,Rod Meldrum and Latter-Day Media
2021-12-30 22:58:16,EF3B36F7CE51298C,10 Come Follow Me (2 Nephi 31-33) Book of Mormon Evidence - James & Hannah Stoddard,,True,,2020-08-08 18:03:42,True,https://www.buzzsprout.com/802637/2863417-10-come-follow-me-2-nephi-31-33-book-of-mormon-evidence-james-hannah-stoddard.mp3,,6498,,68630782,,,URL,Come Follow Me 2021 - Latter-Day Media,,2020-02-27 23:00:00,Podcast,,5710000,3679733022,,Rod Meldrum and Latter-Day Media
2021-12-30 22:58:16,8A036B02725DD1DA,11.1 Come Follow Me (Jacob 1-4) Book of Mormon Evidence - Robert Kay,,True,,2020-08-15 15:02:16,True,https://www.buzzsprout.com/802637/2917453-11-1-come-follow-me-jacob-1-4-book-of-mormon-evidence-robert-kay.mp3,,6500,,33761769,,,URL,Come Follow Me 2021 - Latter-Day Media,,2020-03-04 20:00:00,Podcast,,2803000,3680326936,,Rod Meldrum and Latter-Day Media
2021-12-30 22:58:16,E17D9E5CAF6F1871,11.2 Come Follow Me (Jacob 1-4) Book of Mormon Evidence - Robert Kay,,True,,2020-08-29 14:44:16,True,https://www.buzzsprout.com/802637/2920387-11-2-come-follow-me-jacob-1-4-book-of-mormon-evidence-robert-kay.mp3,,6502,,34746282,,,URL,Come Follow Me 2021 - Latter-Day Media,,2020-03-05 05:00:00,Podcast,,2884000,3681535456,,Rod Meldrum and Latter-Day Media
2021-12-30 22:58:16,5E2297DE44CCBB63,12 Come Follow Me (Jacob 5-7) Book of Mormon Evidence - Rhonda & Farrell Pickering,,True,,2020-09-10 18:17:23,True,https://www.buzzsprout.com/802637/3001819-12-come-follow-me-jacob-5-7-book-of-mormon-evidence-rhonda-farrell-pickering.mp3,,6504,,60365299,,,URL,Come Follow Me 2021 - Latter-Day Media,,2020-03-13 20:00:00,Podcast,,5017000,3682585043,,Rod Meldrum and Latter-Day Media
2021-12-30 22:58:16,BF739D4E334292D3,Intro to Most In-depth Come Follow Me 2020 Podcast!,,True,,2020-09-05 23:49:17,True,https://www.buzzsprout.com/802637/3015940-intro-to-most-in-depth-come-follow-me-2020-podcast.mp3,,6506,,2401008,,,URL,Come Follow Me 2021 - Latter-Day Media,,2020-03-15 19:00:00,Podcast,,189000,3682172957,,Rod Meldrum and Latter-Day Media
2021-12-30 22:58:16,B212EA07F52B523A,13 Come Follow Me (Enos-Words of Mormon) Book of Mormon Evidence - Jonathan Neville,,True,,2020-09-26 23:09:49,True,https://www.buzzsprout.com/802637/3090802-13-come-follow-me-enos-words-of-mormon-book-of-mormon-evidence-jonathan-neville.mp3,,6508,,28589904,,,URL,Come Follow Me 2021 - Latter-Day Media,,2020-03-23 04:00:00,Podcast,,2373000,3683984989,,Rod Meldrum and Latter-Day Media
2021-12-30 22:58:16,5B1357D66D3A5C58,14.1 Come Follow Me (General Conference) Book of Mormon Evidence - ALEX BOYE',,True,,2020-12-02 14:45:31,,https://www.buzzsprout.com/802637/3214693-14-1-come-follow-me-general-conference-book-of-mormon-evidence-alex-boye.mp3,,6510,1,43636482,,,URL,Come Follow Me 2021 - Latter-Day Media,,2020-04-02 17:00:00,Podcast,,3629000,3689739931,,Rod Meldrum and Latter-Day Media
2021-12-30 22:58:16,B097ABED78885238,14.2 Come Follow Me (Bonus) Alex Boye' - American Prophet (An Urban Musical),,True,,2020-12-04 21:54:39,,https://www.buzzsprout.com/802637/3498511-14-2-come-follow-me-bonus-alex-boye-american-prophet-an-urban-musical.mp3,,6512,1,42950317,,,URL,Come Follow Me 2021 - Latter-Day Media,,2020-04-25 10:00:00,Podcast,,3573000,3689938479,,Rod Meldrum and Latter-Day Media
2021-12-30 22:58:16,D697F37B433E8783,15 Come Follow Me (Mosiah 1-3) Book of Mormon Evidence - Doug Brinley,,True,,2021-01-02 18:51:35,,https://www.buzzsprout.com/802637/3552973-15-come-follow-me-mosiah-1-3-book-of-mormon-evidence-doug-brinley.mp3,,6514,1,48035789,,,URL,Come Follow Me 2021 - Latter-Day Media,,2020-04-29 14:00:00,Podcast,,3994000,3692433095,,
2021-12-30 22:58:16,EC81748D27A08A93,16 Come Follow Me (Mosiah 4-6) Book of Mormon Evidence - Jonathan Neville,,True,,2021-02-06 00:05:09,,https://www.buzzsprout.com/802637/3625249-16-come-follow-me-mosiah-4-6-book-of-mormon-evidence-jonathan-neville.mp3,,6516,22,28788190,,,URL,Come Follow Me 2021 - Latter-Day Media,,2020-05-05 04:00:00,Podcast,,2389000,3695389509,,Rod Meldrum and Latter-Day Media
2021-12-30 22:58:16,537726AC94E3D85B,17 Come Follow Me (Mosiah 7-10) Book of Mormon Evidence - Kels Goodman,,True,,2021-03-11 23:23:18,,https://www.buzzsprout.com/802637/3722150-17-come-follow-me-mosiah-7-10-book-of-mormon-evidence-kels-goodman.mp3,,6518,1,70291190,,,URL,Come Follow Me 2021 - Latter-Day Media,,2020-05-12 04:00:00,Podcast,,5848000,3698324598,,Rod Meldrum and Latter-Day Media
2021-12-30 22:58:16,64A9897C20266BB5,18 Come Follow Me (Mosiah 11-17) Book of Mormon Evidence - Amberli Nelson,,True,,2021-04-01 17:24:44,,https://www.buzzsprout.com/802637/3734669-18-come-follow-me-mosiah-11-17-book-of-mormon-evidence-amberli-nelson.mp3,,6520,1,46643784,,,URL,Come Follow Me 2021 - Latter-Day Media,,2020-05-13 03:00:00,Podcast,,3877000,3700121084,,Rod Meldrum and Latter-Day Media
2021-12-30 22:58:16,304A8901BEB0A10B,19 Come Follow Me (Mosiah 18-24) Book of Mormon Evidence - Amberli Nelson,,True,,2021-04-03 22:44:03,,https://www.buzzsprout.com/802637/3745517-19-come-follow-me-mosiah-18-24-book-of-mormon-evidence-amberli-nelson.mp3,,6522,1,49604501,,,URL,Come Follow Me 2021 - Latter-Day Media,,2020-05-13 21:00:00,Podcast,,4123000,3700313043,,Rod Meldrum and Latter-Day Media
2021-12-30 22:58:16,0526F6F4E0499150,20 Come Follow Me (Mosiah 25-28) Book of Mormon Evidence - Mike & Betty LaFontaine,,True,,2021-05-01 17:39:40,,https://www.buzzsprout.com/802637/3802700-20-come-follow-me-mosiah-25-28-book-of-mormon-evidence-mike-betty-lafontaine.mp3,,6524,1,52182266,,,URL,Come Follow Me 2021 - Latter-Day Media,,2020-05-18 02:00:00,Podcast,,4338000,3702713980,,Rod Meldrum and Latter-Day Media
2021-12-30 22:58:16,4B873653DBCA62E8,21 Come Follow Me (Mosiah 29-Alma 4) Book of Mormon Evidence - Kay Fairchild,,True,,2021-05-05 22:55:30,,https://www.buzzsprout.com/802637/3869276-21-come-follow-me-mosiah-29-alma-4-book-of-mormon-evidence-kay-fairchild.mp3,,6526,1,38299968,,,URL,Come Follow Me 2021 - Latter-Day Media,,2020-05-22 06:00:00,Podcast,,3183000,3703078530,,Rod Meldrum and Latter-Day Media
2021-12-30 22:58:16,1CB23D9D821A5A90,22 Come Follow Me (Alma 5-7) Book of Mormon Evidence - Mini Series with Rian Nelson,,True,,2021-05-06 16:18:16,,https://www.buzzsprout.com/802637/4048097-22-come-follow-me-alma-5-7-book-of-mormon-evidence-mini-series-with-rian-nelson.mp3,,6528,1,55856340,,,URL,Come Follow Me 2021 - Latter-Day Media,,2020-06-04 22:00:00,Podcast,,4644000,3703141096,,Rod Meldrum and Latter-Day Media
2021-12-30 22:58:16,8478B5C82C92A17D,23 Come Follow Me (Alma 8-12) Book of Mormon Evidence - Mini Series with Rian Nelson,,True,,2021-05-06 21:03:36,,https://www.buzzsprout.com/802637/4070783-23-come-follow-me-alma-8-12-book-of-mormon-evidence-mini-series-with-rian-nelson.mp3,,6530,1,85470737,,,URL,Come Follow Me 2021 - Latter-Day Media,,2020-06-07 06:00:00,Podcast,,7111000,3703158216,,Rod Meldrum and Latter-Day Media
2021-12-30 22:58:16,BF0443D43F7615B1,24 Come Follow Me (Alma 13-16) Book of Mormon Evidence - Rian Nelson and Rod Meldrum,,True,,2021-05-27 18:27:25,,https://www.buzzsprout.com/802637/4207985-24-come-follow-me-alma-13-16-book-of-mormon-evidence-rian-nelson-and-rod-meldrum.mp3,,6532,2,52840358,,,URL,Come Follow Me 2021 - Latter-Day Media,,2020-06-17 06:00:00,Podcast,,4394000,3704963245,,Rod Meldrum and Latter-Day Media
2021-12-30 22:58:16,1571C0D6B0A105D5,25 Come Follow Me (Alma 17-22) Book of Mormon Evidence - Rian Nelson and Rod Meldrum,,True,,2021-08-26 16:35:18,,https://www.buzzsprout.com/802637/4255106-25-come-follow-me-alma-17-22-book-of-mormon-evidence-rian-nelson-and-rod-meldrum.mp3,,6534,1,37605586,,,URL,Come Follow Me 2021 - Latter-Day Media,,2020-06-21 05:00:00,Podcast,,3123000,3712818918,,Rod Meldrum and Latter-Day Media
2021-12-30 22:58:16,32E097DA8A85B0C0,26 Come Follow Me - (Alma  23-29) Book of Mormon Evidence - Wayne May,,True,,2021-08-26 17:44:20,,https://www.buzzsprout.com/802637/4415768-26-come-follow-me-alma-23-29-book-of-mormon-evidence-wayne-may.mp3,,6536,1,60921328,,,URL,Come Follow Me 2021 - Latter-Day Media,,2020-07-02 18:00:00,Podcast,,5066000,3712823060,,Rod Meldrum and Latter-Day Media
2021-12-30 22:58:16,151D291B02C99BE0,27 Come Follow Me - (Alma 30-31) Book of Mormon Evidence - Dean Sessions,,True,,2021-09-01 18:14:45,,https://www.buzzsprout.com/802637/4440209-27-come-follow-me-alma-30-31-book-of-mormon-evidence-dean-sessions.mp3,,6538,1,56748367,,,URL,Come Follow Me 2021 - Latter-Day Media,,2020-07-04 22:00:00,Podcast,,4718000,3713343285,,Rod Meldrum and Latter-Day Media
2021-12-30 22:58:16,AC03269E0FBDDBEF,28 Come Follow Me - (Alma 32-35) Book of Mormon Evidence - Dean Sessions,,True,,,True,https://www.buzzsprout.com/802637/4526072-28-come-follow-me-alma-32-35-book-of-mormon-evidence-dean-sessions.mp3,,6540,,59021678,,,URL,Come Follow Me 2021 - Latter-Day Media,,2020-07-11 13:00:00,Podcast,,4907000,,,Rod Meldrum and Latter-Day Media
2021-12-30 22:58:16,8E6229195B16DEA0,29 Come Follow Me ( Alma 36-38) Book of Mormon Evidence - Pam Openshaw,,True,,,True,https://www.buzzsprout.com/802637/4664339-29-come-follow-me-alma-36-38-book-of-mormon-evidence-pam-openshaw.mp3,,6542,,65678833,,,URL,Come Follow Me 2021 - Latter-Day Media,,2020-07-22 01:00:00,Podcast,,5462000,,,Rod Meldrum and Latter-Day Media
2021-12-30 22:58:16,241DEF8002A6DEB7,30.1 Come Follow Me ( Alma 36-38) Book of Mormon Evidence - Lenet Hadley Read,,True,,,True,https://www.buzzsprout.com/802637/4752593-30-1-come-follow-me-alma-36-38-book-of-mormon-evidence-lenet-hadley-read.mp3,,6544,,39024412,,,URL,Come Follow Me 2021 - Latter-Day Media,,2020-07-28 18:00:00,Podcast,,3245000,,,Rod Meldrum and Latter-Day Media
2021-12-30 22:58:16,5BC4DECA33761450,30.2 - Come Follow Me ( Alma 36-38) Book of Mormon Evidence - Lenet Hadley Read,,True,,,True,https://www.buzzsprout.com/802637/4759103-30-2-come-follow-me-alma-36-38-book-of-mormon-evidence-lenet-hadley-read.mp3,,6546,,35054353,,,URL,Come Follow Me 2021 - Latter-Day Media,,2020-07-29 02:00:00,Podcast,,2914000,,,Rod Meldrum and Latter-Day Media
2021-12-30 22:58:16,B4DC92DD9F0F8D6C,31.1 Come Follow Me ( Alma 43-52) Book of Mormon Evidence - Darin Southam,,True,,,True,https://www.buzzsprout.com/802637/4946534-31-1-come-follow-me-alma-43-52-book-of-mormon-evidence-darin-southam.mp3,,6548,,65870700,,,URL,Come Follow Me 2021 - Latter-Day Media,,2020-08-11 06:00:00,Podcast,,5482000,,,Rod Meldrum and Latter-Day Media
2021-12-30 22:58:16,4D2A8AFA87DD2483,31.2  Come Follow Me ( Alma 43-52) Book of Mormon Evidence - Darin Southam,,True,,,True,https://www.buzzsprout.com/802637/4991480-31-2-come-follow-me-alma-43-52-book-of-mormon-evidence-darin-southam.mp3,,6550,,54922776,,,URL,Come Follow Me 2021 - Latter-Day Media,,2020-08-14 02:00:00,Podcast,,4569000,,,Rod Meldrum and Latter-Day Media
2021-12-30 22:58:16,04D88720E26C8873,32.1 Come Follow Me ( Alma 43-52) Book of Mormon Evidence - Jason Mow,,True,,,True,https://www.buzzsprout.com/802637/5097124-32-1-come-follow-me-alma-43-52-book-of-mormon-evidence-jason-mow.mp3,,6552,,47369257,,,URL,Come Follow Me 2021 - Latter-Day Media,,2020-08-21 23:00:00,Podcast,,3941000,,,Rod Meldrum and Latter-Day Media
2021-12-30 22:58:16,E1B28DC36489B696,32.2  Come Follow Me ( Alma 43-52) Book of Mormon Evidence - Jason Mow,,True,,,True,https://www.buzzsprout.com/802637/5103388-32-2-come-follow-me-alma-43-52-book-of-mormon-evidence-jason-mow.mp3,,6554,,46742848,,,URL,Come Follow Me 2021 - Latter-Day Media,,2020-08-22 19:00:00,Podcast,,3884000,,,Rod Meldrum and Latter-Day Media
2021-12-30 22:58:16,E92BBF92390BA5A3,33 Come Follow Me ( Helaman 1-6) Book of Mormon Evidence - Pam Openshaw,,True,,,True,https://www.buzzsprout.com/802637/5145886-33-come-follow-me-helaman-1-6-book-of-mormon-evidence-pam-openshaw.mp3,,6556,,72404887,,,URL,Come Follow Me 2021 - Latter-Day Media,,2020-08-25 17:00:00,Podcast,,6027000,,,Rod Meldrum and Latter-Day Media
2021-12-30 22:58:16,AE2BA45C27C3F9A0,34 Come Follow Me  (Helaman 7-12) Book of Mormon Evidence - James Prout,,True,,,True,https://www.buzzsprout.com/802637/5303671-34-come-follow-me-helaman-7-12-book-of-mormon-evidence-james-prout.mp3,,6558,,59028245,,,URL,Come Follow Me 2021 - Latter-Day Media,,2020-09-05 02:00:00,Podcast,,4912000,,,Rod Meldrum and Latter-Day Media
2021-12-30 22:58:16,F1D32C173522ABC0,36 Come Follow Me (3 Nephi 1-7)  Book of Mormon Evidence - James Prout,,True,,,True,https://www.buzzsprout.com/802637/5310223-36-come-follow-me-3-nephi-1-7-book-of-mormon-evidence-james-prout.mp3,,6560,,65507368,,,URL,Come Follow Me 2021 - Latter-Day Media,,2020-09-05 21:00:00,Podcast,,5452000,,,Rod Meldrum and Latter-Day Media
2021-12-30 22:58:16,F2BC0265E08EEFD5,35 Come Follow Me (Helaman 13-16) Book of Mormon Evidence - Rod Meldrum,,True,,,True,https://www.buzzsprout.com/802637/5414458-35-come-follow-me-helaman-13-16-book-of-mormon-evidence-rod-meldrum.mp3,,6562,,66002522,,,URL,Come Follow Me 2021 - Latter-Day Media,,2020-09-13 05:00:00,Podcast,,5492000,,,Rod Meldrum and Latter-Day Media
2021-12-30 22:58:16,362FD96AFD76049C,37.1 Come Follow Me (3 Nephi 8-11) Book of Mormon Evidence - Rod Meldrum,,True,,,True,https://www.buzzsprout.com/802637/5813401-37-1-come-follow-me-3-nephi-8-11-book-of-mormon-evidence-rod-meldrum.mp3,,6564,,48759561,,,URL,Come Follow Me 2021 - Latter-Day Media,,2020-10-09 04:00:00,Podcast,,4051000,,,Rod Meldrum and Latter-Day Media
2021-12-30 22:58:16,5300E17E2AD476C6,37.2 Come Follow Me (3 Nephi 8-11) Book of Mormon Evidence - Rod Meldrum,,True,,,True,https://www.buzzsprout.com/802637/5823622-37-2-come-follow-me-3-nephi-8-11-book-of-mormon-evidence-rod-meldrum.mp3,,6566,,61858945,,,URL,Come Follow Me 2021 - Latter-Day Media,,2020-10-09 21:00:00,Podcast,,5144000,,,Rod Meldrum and Latter-Day Media
2021-12-30 22:58:16,0E5FE82DE4EDEB73,38 Come Follow Me (3 Nephi 12-16) Book of Mormon Evidence - Rod Meldrum,,True,,,True,https://www.buzzsprout.com/802637/5994265-38-come-follow-me-3-nephi-12-16-book-of-mormon-evidence-rod-meldrum.mp3,,6568,,28462740,,,URL,Come Follow Me 2021 - Latter-Day Media,,2020-10-21 08:00:00,Podcast,,2361000,,,Rod Meldrum and Latter-Day Media
2021-12-30 22:58:16,DE30495DD4BF4389,39 Come Follow Me (3 Nephi 12-16) Book of Mormon Evidence - Rod Meldrum,,True,,,True,https://www.buzzsprout.com/802637/6020365-39-come-follow-me-3-nephi-12-16-book-of-mormon-evidence-rod-meldrum.mp3,,6570,,40253235,,,URL,Come Follow Me 2021 - Latter-Day Media,,2020-10-22 22:00:00,Podcast,,3344000,,,Rod Meldrum and Latter-Day Media
2021-12-30 22:58:16,26CC15B8A701F22C,40 Come Follow Me (3 Nephi 20-26) - James Prout,,True,,,True,https://www.buzzsprout.com/802637/6020671-40-come-follow-me-3-nephi-20-26-james-prout.mp3,,6572,,63175627,,,URL,Come Follow Me 2021 - Latter-Day Media,,2020-10-22 22:00:00,Podcast,,5254000,,,Rod Meldrum and Latter-Day Media
2021-12-30 22:58:16,5792E703F68DB98B,41 Come Follow Me -(3 Ne. 27-4 Ne.) Lenet Hadley Read,,True,,,True,https://www.buzzsprout.com/802637/6119743-41-come-follow-me-3-ne-27-4-ne-lenet-hadley-read.mp3,,6574,,47148402,,,URL,Come Follow Me 2021 - Latter-Day Media,,2020-10-29 07:00:00,Podcast,,3919000,,,Rod Meldrum and Latter-Day Media
2021-12-30 22:58:16,7C42F8ACB74F99E1,42 Come Follow Me (Mormon 1-6) Paul Horvath - part 1,,True,,,True,https://www.buzzsprout.com/802637/6156580-42-come-follow-me-mormon-1-6-paul-horvath-part-1.mp3,,6576,,40724206,,,URL,Come Follow Me 2021 - Latter-Day Media,,2020-10-31 22:00:00,Podcast,,3384000,,,Rod Meldrum and Latter-Day Media
2021-12-30 22:58:16,B0745CF743F2ED21,45 Come Follow Me (Ether 6-11) Paul Horvath - part 2,,True,,,True,https://www.buzzsprout.com/802637/6276550-45-come-follow-me-ether-6-11-paul-horvath-part-2.mp3,,6578,,39709156,,,URL,Come Follow Me 2021 - Latter-Day Media,,2020-11-08 23:00:00,Podcast,,3298000,,,Rod Meldrum and Latter-Day Media
2021-12-30 22:58:16,D83961B94463F761,46 Come Follow Me (Ether 12-15) Robert Wright,,True,,,True,https://www.buzzsprout.com/802637/6378295-46-come-follow-me-ether-12-15-robert-wright.mp3,,6580,,44841623,,,URL,Come Follow Me 2021 - Latter-Day Media,,2020-11-15 09:00:00,Podcast,,3725000,,,Rod Meldrum and Latter-Day Media
2021-12-30 22:58:16,5926DFAA884D75FE,44.1 Come Follow Me (Ether 1-5) Steve Smoot - part 1,,True,,,True,https://www.buzzsprout.com/802637/6482788-44-1-come-follow-me-ether-1-5-steve-smoot-part-1.mp3,,6582,,40351324,,,URL,Come Follow Me 2021 - Latter-Day Media,,2020-11-21 09:00:00,Podcast,,3352000,,,Rod Meldrum and Latter-Day Media
2021-12-30 22:58:16,D3055B22B7639FC1,44.2 Come Follow Me (Ether 1-5) Steve Smoot - part 2,,True,,,True,https://www.buzzsprout.com/802637/6525940-44-2-come-follow-me-ether-1-5-steve-smoot-part-2.mp3,,6584,,49062671,,,URL,Come Follow Me 2021 - Latter-Day Media,,2020-11-24 06:00:00,Podcast,,4078000,,,Rod Meldrum and Latter-Day Media
2021-12-30 22:58:16,17E7FCFFDE412249,43 Come Follow Me (Mormon 7-9) Book of Mormon Evidence - Ridge Hartley,,True,,,True,https://www.buzzsprout.com/802637/6650272-43-come-follow-me-mormon-7-9-book-of-mormon-evidence-ridge-hartley.mp3,,6586,,103054031,,,URL,Come Follow Me 2021 - Latter-Day Media,,2020-12-02 06:00:00,Podcast,,8577000,,,Rod Meldrum and Latter-Day Media
2021-12-30 22:58:16,689C4C9A4C10FE32,47 Come Follow Me (Moroni 1-6) Book of Mormon Evidence - Eldon Barrowes,,True,,,True,https://www.buzzsprout.com/802637/6712966-47-come-follow-me-moroni-1-6-book-of-mormon-evidence-eldon-barrowes.mp3,,6588,,51271515,,,URL,Come Follow Me 2021 - Latter-Day Media,,2020-12-06 07:00:00,Podcast,,4261000,,,Rod Meldrum and Latter-Day Media
2021-12-30 22:58:16,E09CAA393BB1A837,"48.1 Come Follow Me (Moroni 7-9) Book of Mormon Evidence ""May Christ Lift Thee Up"" Lori Bean Henderson",,True,,,True,https://www.buzzsprout.com/802637/6806872-48-1-come-follow-me-moroni-7-9-book-of-mormon-evidence-may-christ-lift-thee-up-lori-bean-henderson.mp3,,6590,,58660471,,,URL,Come Follow Me 2021 - Latter-Day Media,,2020-12-11 21:00:00,Podcast,,4880000,,,Rod Meldrum and Latter-Day Media
2021-12-30 22:58:16,BDDFDD2B086E48D8,"48.2 Come Follow Me (Moroni 7-9) Book of Mormon Evidence ""May Christ Lift Thee Up"" Lori Bean Henderson",,True,,,True,https://www.buzzsprout.com/802637/6820291-48-2-come-follow-me-moroni-7-9-book-of-mormon-evidence-may-christ-lift-thee-up-lori-bean-henderson.mp3,,6592,,40114333,,,URL,Come Follow Me 2021 - Latter-Day Media,,2020-12-13 07:00:00,Podcast,,3333000,,,Rod Meldrum and Latter-Day Media
2021-12-30 22:58:16,9BE43C2E33E12C17,48.3 Come Follow Me (Moroni 7-9) Book of Mormon Evidence - Lori Bean Henderson,,True,,,True,https://www.buzzsprout.com/802637/6834340-48-3-come-follow-me-moroni-7-9-book-of-mormon-evidence-lori-bean-henderson.mp3,,6594,,38632606,,,URL,Come Follow Me 2021 - Latter-Day Media,,2020-12-14 05:00:00,Podcast,,3210000,,,Rod Meldrum and Latter-Day Media
2021-12-30 22:58:16,8DD2456DB64FE4AA,49.1 Come Follow Me (Moroni 10) Book of Mormon Evidence - Larry Cerenzie,,True,,,True,https://www.buzzsprout.com/802637/6874325-49-1-come-follow-me-moroni-10-book-of-mormon-evidence-larry-cerenzie.mp3,,6596,,46719011,,,URL,Come Follow Me 2021 - Latter-Day Media,,2020-12-16 09:00:00,Podcast,,3883000,,,Rod Meldrum and Latter-Day Media
2021-12-30 22:58:16,29027ED238285B28,49.2 Come Follow Me (Moroni 10) Larry Cerenzi,,True,,,True,https://www.buzzsprout.com/802637/6933332-49-2-come-follow-me-moroni-10-larry-cerenzi.mp3,,6598,,48745997,,,URL,Come Follow Me 2021 - Latter-Day Media,,2020-12-20 16:00:00,Podcast,,4051000,,,Rod Meldrum and Latter-Day Media
2021-12-30 22:58:16,3DE7E82A7A9256B5,50 Come Follow Me (CHRISTMAS SPECIAL) Book of Mormon Evidence - David Osmond & Amberli Nelson,,True,,2021-09-01 21:25:51,,https://www.buzzsprout.com/802637/7006654-50-come-follow-me-christmas-special-book-of-mormon-evidence-david-osmond-amberli-nelson.mp3,,6600,1,61560177,,,URL,Come Follow Me 2021 - Latter-Day Media,,2020-12-25 11:00:00,Podcast,,5119000,3713354751,,Rod Meldrum and Latter-Day Media
2021-12-30 22:58:16,E97D452204369C71,01 Come Follow Me 2021 (Doctrine and Covenants 1) Kay Godfrey - The Prequel to The Saints,,True,,2021-04-03 22:45:37,,https://www.buzzsprout.com/802637/7326895-01-come-follow-me-2021-doctrine-and-covenants-1-kay-godfrey-the-prequel-to-the-saints.mp3,,6602,2,22195277,,,URL,Come Follow Me 2021 - Latter-Day Media,,2021-01-17 00:00:00,Podcast,,1839000,3700313137,,Latter-Day Media
2021-12-30 22:58:16,98FFCF64B77281E0,02 Come Follow Me 2021 (JSH 1-26) Kay Godfrey - Vermont the Cradle of Leadership,,True,,2021-03-30 16:14:57,,https://www.buzzsprout.com/802637/7368181-02-come-follow-me-2021-jsh-1-26-kay-godfrey-vermont-the-cradle-of-leadership.mp3,,6604,1,29355678,,,URL,Come Follow Me 2021 - Latter-Day Media,,2021-01-19 08:00:00,Podcast,,2435000,3699944097,,Latter-Day Media
2021-12-30 22:58:16,4676BEFF5A4793CF,03 Come Follow Me 2021 (D&C 2 JSH 27-65) Kay Godfrey - Joseph Smith Birthplace Memorial,,True,,2021-03-27 19:45:55,,https://www.buzzsprout.com/802637/7368220-03-come-follow-me-2021-d-c-2-jsh-27-65-kay-godfrey-joseph-smith-birthplace-memorial.mp3,,6606,1,22333991,,,URL,Come Follow Me 2021 - Latter-Day Media,,2021-01-19 08:00:00,Podcast,,1850000,3699697555,,Latter-Day Media
2021-12-30 22:58:16,21CFFBA3280F00B6,04 Come Follow Me 2021 (D&C 3-5) Kay Godfrey - One Man's Search for the Perfect Stone,,True,,2021-03-27 19:24:05,,https://www.buzzsprout.com/802637/7368265-04-come-follow-me-2021-d-c-3-5-kay-godfrey-one-man-s-search-for-the-perfect-stone.mp3,,6608,1,18416647,,,URL,Come Follow Me 2021 - Latter-Day Media,,2021-01-19 09:00:00,Podcast,,1524000,3699696245,,Latter-Day Media
2021-12-30 22:58:16,E679820195A8E2AA,05 Come Follow Me 2021 (D&C 6-9) Kay Godfrey - The Early Years,,True,,2021-02-06 18:56:12,,https://www.buzzsprout.com/802637/7368328-05-come-follow-me-2021-d-c-6-9-kay-godfrey-the-early-years.mp3,,6610,2,24769698,,,URL,Come Follow Me 2021 - Latter-Day Media,,2021-01-19 09:00:00,Podcast,,2054000,3695457372,,Latter-Day Media
2021-12-30 22:58:16,D946256BED490223,"06 Come Follow Me 2021 (D&C 10-12) Kay Godfrey ""The Misunderstood Years 1825-1828""",,True,,2021-03-26 20:46:06,,https://www.buzzsprout.com/802637/7645399-06-come-follow-me-2021-d-c-10-12-kay-godfrey-the-misunderstood-years-1825-1828.mp3,,6612,1,23284915,,,URL,Come Follow Me 2021 - Latter-Day Media,,2021-02-03 04:00:00,Podcast,,1931000,3699614766,,Latter-Day Media
2021-12-30 22:58:16,DB556B9FAD6468B4,07 Come Follow Me 2021 (D&C 12-13 JSH 1/66-75) Kay Godfrey,,True,,2021-03-26 18:02:52,,https://www.buzzsprout.com/802637/7719211-07-come-follow-me-2021-d-c-12-13-jsh-1-66-75-kay-godfrey.mp3,,6614,1,28049141,,,URL,Come Follow Me 2021 - Latter-Day Media,,2021-02-07 06:00:00,Podcast,,2328000,3699604972,,Latter-Day Media
2021-12-30 22:58:16,9749BAE3CF5C680E,"08 Come Follow Me (D & C 14-17) Kay Godfrey  ""The Misunderstood Years-Part 3""",,True,,2021-03-24 15:27:18,,https://www.buzzsprout.com/802637/7834345-08-come-follow-me-d-c-14-17-kay-godfrey-the-misunderstood-years-part-3.mp3,,6616,1,25353923,,,URL,Come Follow Me 2021 - Latter-Day Media,,2021-02-12 20:00:00,Podcast,,2103000,3699422838,,Latter-Day Media
2021-12-30 22:58:16,F8295EE8F2DAAD76,09 Part 1 - Come Follow Me 2021 (D&C 18-19) Gospel Doctrine Answers - The Worth of Souls is Great,,True,,2021-03-24 13:40:30,,https://www.buzzsprout.com/802637/7961095-09-part-1-come-follow-me-2021-d-c-18-19-gospel-doctrine-answers-the-worth-of-souls-is-great.mp3,,6618,1,45888681,,,URL,Come Follow Me 2021 - Latter-Day Media,,2021-02-19 11:00:00,Podcast,,3816000,3699416430,,Latter-Day Media
2021-12-30 22:58:16,6C0A9A446080B1FC,"10 Come Follow Me (D&C 20-22) Jonathan Neville ""The Rise of the Church of Christ""",,True,,2021-03-15 12:59:25,,https://www.buzzsprout.com/802637/8010779-10-come-follow-me-d-c-20-22-jonathan-neville-the-rise-of-the-church-of-christ.mp3,,6620,1,33576295,,,URL,Come Follow Me 2021 - Latter-Day Media,,2021-02-23 02:00:00,Podcast,,2788000,3698636365,,Latter-Day Media
2021-12-30 22:58:16,B983BD5162F006D8,"09 Come Follow Me - Kay Godfrey ""The Echo of A Beating Heart"" Part 1",,True,,2021-02-26 19:34:33,,https://www.buzzsprout.com/802637/8019245-09-come-follow-me-kay-godfrey-the-echo-of-a-beating-heart-part-1.mp3,,6622,2,25186099,,,URL,Come Follow Me 2021 - Latter-Day Media,,2021-02-24 05:00:00,Podcast,,2090000,3697187673,,Latter-Day Media
2021-12-30 22:58:16,69317906300EB3AB,10 Come Follow Me 2021 - Kay Godfrey (The Echo of a Beating Heart) Part 2,,True,,2021-03-13 19:41:48,,https://www.buzzsprout.com/802637/8080844-10-come-follow-me-2021-kay-godfrey-the-echo-of-a-beating-heart-part-2.mp3,,6624,1,27946994,,,URL,Come Follow Me 2021 - Latter-Day Media,,2021-03-05 05:00:00,Podcast,,2318000,3698484108,,Latter-Day Media
2021-12-30 22:58:16,8A5514EA0D51E9F2,11 Come Follow Me 2021 (The Echo of a Beating Heart) Part 3,,True,,2021-05-10 18:07:23,,https://www.buzzsprout.com/802637/8134534-11-come-follow-me-2021-the-echo-of-a-beating-heart-part-3.mp3,,6626,1,30696065,,,URL,Come Follow Me 2021 - Latter-Day Media,,2021-03-13 23:00:00,Podcast,,2549000,3703493243,,Latter-Day Media
2021-12-30 22:58:16,CFBE57F4857E3B7E,12 Come Follow Me 2021 (The Echo of a Beating Heart) Part 4 - Kay Godfrey,,True,,2021-05-10 21:30:17,,https://www.buzzsprout.com/802637/8191422-12-come-follow-me-2021-the-echo-of-a-beating-heart-part-4-kay-godfrey.mp3,,6628,2,27541145,,,URL,Come Follow Me 2021 - Latter-Day Media,,2021-03-22 23:00:00,Podcast,,2286000,3703505417,,Latter-Day Media
2021-12-30 22:58:16,514183B8D854B246,"13 Come Follow Me 2021 - Kay Godfrey ""The Echo of a Beating Heart"" Part 5",,True,,2021-05-11 14:45:54,,https://www.buzzsprout.com/802637/8247319-13-come-follow-me-2021-kay-godfrey-the-echo-of-a-beating-heart-part-5.mp3,,6630,1,23926822,,,URL,Come Follow Me 2021 - Latter-Day Media,,2021-03-31 14:00:00,Podcast,,1985000,3703567554,,Latter-Day Media
2021-12-30 22:58:16,50FF62872E09E297,14 Part 1-Come Follow Me 2021 - The Silver-Lined Clouds of War 1838 - Kay Godfrey,,True,,2021-05-11 18:00:56,,https://www.buzzsprout.com/802637/8287092-14-part-1-come-follow-me-2021-the-silver-lined-clouds-of-war-1838-kay-godfrey.mp3,,6632,1,31531547,,,URL,Come Follow Me 2021 - Latter-Day Media,,2021-04-07 05:00:00,Podcast,,2620000,3703579256,,Latter-Day Media
2021-12-30 22:58:16,DA2733CBD47CB951,16 Part 3 - Come Follow Me 2021 - The Silver-Lined Clouds of War 1838 - Kay Godfrey,,True,,2021-05-11 20:29:00,,https://www.buzzsprout.com/802637/8417901-16-part-3-come-follow-me-2021-the-silver-lined-clouds-of-war-1838-kay-godfrey.mp3,,6634,2,25892469,,,URL,Come Follow Me 2021 - Latter-Day Media,,2021-04-27 23:00:00,Podcast,,2148000,3703588140,,Latter-Day Media
2021-12-30 22:58:16,247673633A626672,17 Come Follow Me 2021 - Adam-ondi-Ahman (Special Episode) Kay Godfrey,,True,,2021-05-11 21:40:08,,https://www.buzzsprout.com/802637/8445604-17-come-follow-me-2021-adam-ondi-ahman-special-episode-kay-godfrey.mp3,,6636,1,15896514,,,URL,Come Follow Me 2021 - Latter-Day Media,,2021-05-02 21:00:00,Podcast,,1318000,3703592408,,Latter-Day Media
2021-12-30 22:58:16,F6766E74FDF2935B,15 Come Follow Me 2021 - Kay Godfrey (Silver Lined Clouds of War - Part 2-1838),,True,,2021-05-08 21:09:54,,https://www.buzzsprout.com/802637/8480461-15-come-follow-me-2021-kay-godfrey-silver-lined-clouds-of-war-part-2-1838.mp3,,6638,1,23078947,,,URL,Come Follow Me 2021 - Latter-Day Media,,2021-05-08 00:00:00,Podcast,,1913000,3703331394,,Latter-Day Media
2021-12-30 22:58:16,DC741218774522AC,"18 Come Follow Me 2021 - Doctrine & Covenants - Part 1 of ""The Passport to Heaven"" 1839-1841",,True,,2021-05-11 22:33:22,,https://www.buzzsprout.com/802637/8483146-18-come-follow-me-2021-doctrine-covenants-part-1-of-the-passport-to-heaven-1839-1841.mp3,,6640,1,24597858,,,URL,Come Follow Me 2021 - Latter-Day Media,,2021-05-08 19:00:00,Podcast,,2040000,3703595602,,Latter-Day Media
2021-12-30 22:58:16,3E2B1618DFC56FA8,"19 Come Follow Me 2021 - Doctrine & Covenants - Part 2 of ""The Passport to Heaven"" 1841-1843",,True,,2021-05-12 21:58:29,,https://www.buzzsprout.com/802637/8505709-19-come-follow-me-2021-doctrine-covenants-part-2-of-the-passport-to-heaven-1841-1843.mp3,,6642,1,31359349,,,URL,Come Follow Me 2021 - Latter-Day Media,,2021-05-12 08:00:00,Podcast,,2604000,3703679909,,Latter-Day Media
2021-12-30 22:58:16,4B62D7CDF518AB75,"20 Come Follow Me 2021 - Doctrine & Covenants - Part 3 of ""The Passport to Heaven"" 1843-1844",,True,,2021-05-25 14:57:06,,https://www.buzzsprout.com/802637/8564240-20-come-follow-me-2021-doctrine-covenants-part-3-of-the-passport-to-heaven-1843-1844.mp3,,6644,1,26547558,,,URL,Come Follow Me 2021 - Latter-Day Media,,2021-05-21 23:00:00,Podcast,,2202000,3704777826,,Latter-Day Media
2021-12-30 22:58:16,580E7AADE088A5AD,"21 Come Follow Me 2021 - Doctrine & Covenants - Part 4 of ""The Passport to Heaven"" 1844",,True,,2021-06-28 22:12:52,,https://www.buzzsprout.com/802637/8654453-21-come-follow-me-2021-doctrine-covenants-part-4-of-the-passport-to-heaven-1844.mp3,,6646,1,24568651,,,URL,Come Follow Me 2021 - Latter-Day Media,,2021-06-06 20:00:00,Podcast,,2037000,3707741572,,Latter-Day Media
2021-12-30 22:58:16,2D4FC15222B8A716,"22 Come Follow Me 2021 - Doctrine & Covenants - Part 5 of ""The Passport to Heaven"" 1844",,True,,2021-10-05 16:00:50,,https://www.buzzsprout.com/802637/8731771-22-come-follow-me-2021-doctrine-covenants-part-5-of-the-passport-to-heaven-1844.mp3,,6648,3,34876898,,,URL,Come Follow Me 2021 - Latter-Day Media,,2021-06-20 11:00:00,Podcast,,2899000,3716272850,,Latter-Day Media
2021-12-30 22:58:16,8CDA6B2ACD4A6762,23 Unique Circumstances Burial Joseph-Hyrum Come Follow Me 2021 - Kay Godfrey,,True,,2021-10-05 16:15:47,,https://www.buzzsprout.com/802637/8766199-23-unique-circumstances-burial-joseph-hyrum-come-follow-me-2021-kay-godfrey.mp3,,6650,3,15103779,,,URL,Come Follow Me 2021 - Latter-Day Media,,2021-06-26 07:00:00,Podcast,,1249000,3716273747,,Latter-Day Media
2021-12-30 22:58:16,4FC1FD5D5FACCDA4,24 Latter-Day Media Live - Martin Tanner & Kay Godfrey,,True,,2021-10-05 16:27:42,,https://www.buzzsprout.com/802637/8773082-24-latter-day-media-live-martin-tanner-kay-godfrey.mp3,,6652,3,10704238,,,URL,Come Follow Me 2021 - Latter-Day Media,,2021-06-28 02:00:00,Podcast,,879000,3716274462,,Latter-Day Media
2021-12-30 22:58:16,A67A36C8D8541490,25 Come Follow Me 2021 - Doctrine & Covenants - The Conversion of Wayne May,,True,,2022-01-01 17:10:38,,https://www.buzzsprout.com/802637/8809274-25-come-follow-me-2021-doctrine-covenants-the-conversion-of-wayne-may.mp3,,6654,2,17513685,,,URL,Come Follow Me 2021 - Latter-Day Media,,2021-07-04 16:00:00,Podcast,,1449000,3723876638,,Latter-Day Media
2021-12-30 22:58:16,9FAAC7088F389112,26 Come Follow Me 2021- Doctrine & Covenants - Reasons for the Martyrdom and Persecutors - Kay Godfrey,,True,,2022-01-01 21:37:42,,https://www.buzzsprout.com/802637/8842248-26-come-follow-me-2021-doctrine-covenants-reasons-for-the-martyrdom-and-persecutors-kay-godfrey.mp3,,6656,2,28772828,,,URL,Come Follow Me 2021 - Latter-Day Media,,2021-07-10 21:00:00,Podcast,,2386000,3723892662,,Latter-Day Media
2021-12-30 22:58:16,29A4089EC4C2F798,27 Jesus and Joseph-Mirror Reflections  Come Follow Me 2021 - Kay Godfrey,,True,,2022-01-03 19:47:52,,https://www.buzzsprout.com/802637/8869968-27-jesus-and-joseph-mirror-reflections-come-follow-me-2021-kay-godfrey.mp3,,6658,2,35591732,,,URL,Come Follow Me 2021 - Latter-Day Media,,2021-07-15 17:00:00,Podcast,,2957000,3724058872,,Latter-Day Media
2021-12-30 22:58:16,09ED6B8211B8BF01,28 Kay Godfrey - An Personal Interview with George Washington,,True,,2022-01-03 20:09:48,,https://www.buzzsprout.com/802637/8918369-28-kay-godfrey-an-personal-interview-with-george-washington.mp3,,6660,1,19546352,,,URL,Come Follow Me 2021 - Latter-Day Media,,2021-07-25 15:00:00,Podcast,,1619000,3724060188,,Latter-Day Media
2021-12-30 22:58:16,920FB5D0C5DCB8F5,"29 Kay Godfrey - The Great ""Multi-Tasker"" Benjamin Franklin In-person",,True,,2022-01-07 15:28:12,,https://www.buzzsprout.com/802637/9002036-29-kay-godfrey-the-great-multi-tasker-benjamin-franklin-in-person.mp3,,6662,1,28350997,,,URL,Come Follow Me 2021 - Latter-Day Media,,2021-08-09 22:00:00,Podcast,,2353000,3724388892,,Latter-Day Media
2021-12-30 22:58:16,4786B400C4C92788,30 Kay Godfrey - An Interview with Abraham Lincoln,,True,,2022-01-08 19:22:44,,https://www.buzzsprout.com/802637/9067713-30-kay-godfrey-an-interview-with-abraham-lincoln.mp3,,6664,1,26784090,,,URL,Come Follow Me 2021 - Latter-Day Media,,2021-08-22 17:00:00,Podcast,,2223000,3724489364,,Latter-Day Media
2021-12-30 22:58:16,68040DE624813C36,30 Preview Kay Godfrey - An Interview with Brian Jenkins,,True,,2022-01-08 20:00:43,,https://www.buzzsprout.com/802637/9067737-30-preview-kay-godfrey-an-interview-with-brian-jenkins.mp3,,6666,1,9392620,,,URL,Come Follow Me 2021 - Latter-Day Media,,2021-08-22 19:00:00,Podcast,,778000,3724491643,,Latter-Day Media
2021-12-30 22:58:16,B8A93F91CECD6825,31 Kay Godfrey - Where is King Solomon's Temple Hiding?,,True,,2022-01-27 01:05:34,,https://www.buzzsprout.com/802637/9101866-31-kay-godfrey-where-is-king-solomon-s-temple-hiding.mp3,,6668,8,36023714,,,URL,Come Follow Me 2021 - Latter-Day Media,,2021-08-28 20:00:00,Podcast,,2992000,3726065134,,Latter-Day Media
2021-12-30 22:58:16,152AE26701FEEC63,32 Kay Godfrey - Great Women - Part 1  - Sisters of Liberty,,True,,,True,https://www.buzzsprout.com/802637/9181660-32-kay-godfrey-great-women-part-1-sisters-of-liberty.mp3,,6670,,42012542,,,URL,Come Follow Me 2021 - Latter-Day Media,,2021-09-12 19:00:00,Podcast,,3492000,,,Latter-Day Media
2021-12-30 22:58:16,40FB9E0E17D5A7E2,33 Kay Godfrey - Great Women - Part 2  - Sisters of Liberty,,True,,,True,https://www.buzzsprout.com/802637/9278711-33-kay-godfrey-great-women-part-2-sisters-of-liberty.mp3,,6672,,40127721,,,URL,Come Follow Me 2021 - Latter-Day Media,,2021-09-29 05:00:00,Podcast,,3335000,,,Latter-Day Media
2022-05-21 03:06:50,D08ADB1608E8A5B0,"Introducing ""Beneath the Dirt"" with Kay Godfrey - Come Follow Me 2022 LDS Old Testament",,True,,2022-04-07 18:22:38,,https://www.buzzsprout.com/802637/9946733-introducing-beneath-the-dirt-with-kay-godfrey-come-follow-me-2022-lds-old-testament.mp3,,17138,1,1721402,,,URL,Come Follow Me 2021 - Latter-Day Media,,2022-01-25 03:00:00,Podcast,,134000,3732178958,,Latter-Day Media
2022-05-21 03:06:50,8A05B58F42694F9A,"Introducing ""The End from the Beginning"" with Prophetic Appointments - Come Follow Me 2022 LDS",,True,,2022-04-15 18:44:33,,https://www.buzzsprout.com/802637/9946747-introducing-the-end-from-the-beginning-with-prophetic-appointments-come-follow-me-2022-lds.mp3,,17140,1,2747715,,,URL,Come Follow Me 2021 - Latter-Day Media,,2022-01-25 03:00:00,Podcast,,225000,3732871473,,Latter-Day Media
2022-05-21 03:06:50,349253B12C8DF530,"EP 1 Moses 1 and Abraham 3 ""Beneath the Dirt"" Come Follow Me LDS - Kay Godfrey",,True,,2022-04-08 16:25:47,,https://www.buzzsprout.com/802637/9953072-ep-1-moses-1-and-abraham-3-beneath-the-dirt-come-follow-me-lds-kay-godfrey.mp3,,17142,1,21897518,,,URL,Come Follow Me 2021 - Latter-Day Media,,2022-01-26 01:00:00,Podcast,,1814000,3732258347,,Latter-Day Media
2022-05-21 03:06:50,E830FD612797763E,EP 3 What's In The Word? The End from the Beginning - Come Follow Me 2022 LDS - Pickering,,True,,2022-04-16 17:12:48,,https://www.buzzsprout.com/802637/9959510-ep-3-what-s-in-the-word-the-end-from-the-beginning-come-follow-me-2022-lds-pickering.mp3,,17144,3,55714827,,,URL,Come Follow Me 2021 - Latter-Day Media,,2022-01-26 23:00:00,Podcast,,4635000,3732952368,,Latter-Day Media
2022-05-21 03:06:50,05A1F665D0D8972D,"EP 2 Garden of Eden, The Prophet Enoch ""Beneath the Dirt"" Come Follow Me LDS Kay Godfrey",,True,,2022-04-16 19:02:21,,https://www.buzzsprout.com/802637/9983222-ep-2-garden-of-eden-the-prophet-enoch-beneath-the-dirt-come-follow-me-lds-kay-godfrey.mp3,,17146,1,31013524,,,URL,Come Follow Me 2021 - Latter-Day Media,,2022-01-31 10:00:00,Podcast,,2578000,3732958941,,Latter-Day Media
2022-05-21 03:06:50,DC7A5C85D716AC99,EP 5 Enoch and the New Jerusalem - Moses 7 Come Follow Me 2022 LDS - Pickerings,,True,,2022-04-20 20:13:37,,https://www.buzzsprout.com/802637/9983263-ep-5-enoch-and-the-new-jerusalem-moses-7-come-follow-me-2022-lds-pickerings.mp3,,17148,1,60798249,,,URL,Come Follow Me 2021 - Latter-Day Media,,2022-01-31 10:00:00,Podcast,,5056000,3733308817,,Latter-Day Media
2022-05-21 03:06:50,8A5A72D069A55740,EP 4 Gen. 5 Moses 6 The Great Reversal-Come Follow Me 2022 LDS - Pickerings,,True,,2022-04-20 18:43:12,,https://www.buzzsprout.com/802637/9983258-ep-4-gen-5-moses-6-the-great-reversal-come-follow-me-2022-lds-pickerings.mp3,,17150,1,60334934,,,URL,Come Follow Me 2021 - Latter-Day Media,,2022-01-31 10:00:00,Podcast,,5018000,3733303392,,Latter-Day Media
2022-05-21 03:06:50,ABCFF2D3AD296AAA,"EP 6 Genesis 6-11, Moses 8  ""Beneath the Dirt"" Come Follow Me LDS - Kay Godfrey",,True,,2022-06-12 19:37:34,,https://www.buzzsprout.com/802637/10014402-ep-6-genesis-6-11-moses-8-beneath-the-dirt-come-follow-me-lds-kay-godfrey.mp3,,17152,1,31039231,,,URL,Come Follow Me 2021 - Latter-Day Media,,2022-02-04 22:00:00,Podcast,,2578000,3737885854,,Latter-Day Media
2022-05-21 03:06:50,E9EFD141702F3D2B,"EP 7 PT 1 The Covenant Process - Gen. 12-17, Abraham 1-2 Come Follow Me 2022 LDS Pickerings",,True,,2022-06-15 18:06:09,,https://www.buzzsprout.com/802637/10140768-ep-7-pt-1-the-covenant-process-gen-12-17-abraham-1-2-come-follow-me-2022-lds-pickerings.mp3,,17154,1,51800270,,,URL,Come Follow Me 2021 - Latter-Day Media,,2022-02-25 05:00:00,Podcast,,4308000,3738139569,,Latter-Day Media
2022-05-21 03:06:50,8CC3C969444E4C9E,"EP 7 PT 2 The Covenant Process - Gen. 12-17, Abr 1-2 Come Follow Me 2022 LDS Pickerings",,True,,2022-06-17 18:52:13,,https://www.buzzsprout.com/802637/10140780-ep-7-pt-2-the-covenant-process-gen-12-17-abr-1-2-come-follow-me-2022-lds-pickerings.mp3,,17156,1,34548967,,,URL,Come Follow Me 2021 - Latter-Day Media,,2022-02-25 05:00:00,Podcast,,2870000,3738315133,,Latter-Day Media
2022-05-21 03:06:50,9FC22B26F0D408A2,"EP 8 Genesis 6-11, Moses 8  ""Beneath the Dirt"" Come Follow Me LDS - Kay Godfrey",,True,,,True,https://www.buzzsprout.com/802637/10286522-ep-8-genesis-6-11-moses-8-beneath-the-dirt-come-follow-me-lds-kay-godfrey.mp3,,17158,,31007533,,,URL,Come Follow Me 2021 - Latter-Day Media,,2022-03-21 04:00:00,Podcast,,2578000,,,Latter-Day Media
2022-05-21 03:06:50,8474E253FC011DE5,EP 9 The Destiny of Nations - Genesis 24-27  Come Follow Me 2022 Farrell & Rhonda Pickering,,True,,,True,https://www.buzzsprout.com/802637/10286557-ep-9-the-destiny-of-nations-genesis-24-27-come-follow-me-2022-farrell-rhonda-pickering.mp3,,17160,,75520750,,,URL,Come Follow Me 2021 - Latter-Day Media,,2022-03-21 04:00:00,Podcast,,6287000,,,Latter-Day Media
2022-05-21 03:06:50,45A1F7F1A4BC825E,"EP 10 Genesis 28-33 Jacob & Esau ""Beneath the Dirt"" Come Follow Me LDS - Kay Godfrey",,True,,,True,https://www.buzzsprout.com/802637/10286613-ep-10-genesis-28-33-jacob-esau-beneath-the-dirt-come-follow-me-lds-kay-godfrey.mp3,,17162,,19716076,,,URL,Come Follow Me 2021 - Latter-Day Media,,2022-03-21 04:00:00,Podcast,,1639000,,,Latter-Day Media
2022-05-21 03:06:50,92E9BF1747365BBB,EP11 Joseph of Egypt - Genesis 37-41  Come Follow Me 2022 Farrell & Rhonda Pickering,,True,,,True,https://www.buzzsprout.com/802637/10286715-ep11-joseph-of-egypt-genesis-37-41-come-follow-me-2022-farrell-rhonda-pickering.mp3,,17164,,68279513,,,URL,Come Follow Me 2021 - Latter-Day Media,,2022-03-21 05:00:00,Podcast,,5684000,,,Latter-Day Media
2022-05-21 03:06:50,89E95EB9C4909084,"EP 12 Evidence! Joseph of Egypt-Genesis 42-50/Exodus ""Beneath the Dirt"" Come Follow Me - Kay Godfrey",,True,,,True,https://www.buzzsprout.com/802637/10304524-ep-12-evidence-joseph-of-egypt-genesis-42-50-exodus-beneath-the-dirt-come-follow-me-kay-godfrey.mp3,,17166,,29283082,,,URL,Come Follow Me 2021 - Latter-Day Media,,2022-03-23 16:00:00,Podcast,,2433000,,,Latter-Day Media
2022-05-21 03:06:50,B2BE44F2F3A0F9BF,"EP 13 Exodus 1-6  ""I Am That I Am"" Come Follow Me 2022 Farrell & Rhonda Pickering",,True,,,True,https://www.buzzsprout.com/802637/10304607-ep-13-exodus-1-6-i-am-that-i-am-come-follow-me-2022-farrell-rhonda-pickering.mp3,,17168,,35028702,,,URL,Come Follow Me 2021 - Latter-Day Media,,2022-03-23 17:00:00,Podcast,,2914000,,,Latter-Day Media
2022-05-21 03:06:50,FD432D06F00AD24E,EP 14 Exodus 7-14  Moses Beneath the Dirt Come Follow Me LDS - Kay Godfrey,,True,,,True,https://www.buzzsprout.com/802637/10323904-ep-14-exodus-7-14-moses-beneath-the-dirt-come-follow-me-lds-kay-godfrey.mp3,,17170,,23490322,,,URL,Come Follow Me 2021 - Latter-Day Media,,2022-03-27 04:00:00,Podcast,,1945000,,,Latter-Day Media
2022-05-21 03:06:50,753D5D013C28FD5B,EP 14.1 - Prophecy Exodus 7-12 Come Follow Me 2022 Farrell & Rhonda Pickering,,True,,,True,https://www.buzzsprout.com/802637/10367680-ep-14-1-prophecy-exodus-7-12-come-follow-me-2022-farrell-rhonda-pickering.mp3,,17172,,53939297,,,URL,Come Follow Me 2021 - Latter-Day Media,,2022-04-03 05:00:00,Podcast,,4488000,,,Latter-Day Media
2022-05-21 03:06:50,D4C1B037F32DBAD7,"EP 15 Exodus 14-17 & Atonement ""Beneath the Dirt"" Come Follow Me LDS - Kay Godfrey",,True,,2022-04-22 22:43:18,True,https://www.buzzsprout.com/802637/10403205-ep-15-exodus-14-17-atonement-beneath-the-dirt-come-follow-me-lds-kay-godfrey.mp3,,17174,,20598532,,,URL,Come Follow Me 2021 - Latter-Day Media,,2022-04-08 15:00:00,Podcast,,1712000,3733490598,,Latter-Day Media
2022-05-21 03:06:50,5EB2CB5950DCE627,EP 16 Easter - He Will Swallow Up Death In Victory - Come Follow Me 2022 - Farrell & Rhonda Pickering,,True,,,True,https://www.buzzsprout.com/802637/10499034-ep-16-easter-he-will-swallow-up-death-in-victory-come-follow-me-2022-farrell-rhonda-pickering.mp3,,17176,,54899942,,,URL,Come Follow Me 2021 - Latter-Day Media,,2022-04-25 14:00:00,Podcast,,4570000,,,Latter-Day Media
2022-05-21 03:06:50,EF249836EEEBE7AE,"EP 17 Exodus 18-20 ""All the Lord Hath Spoken, We Will Do"" A Trump Will Sound: Pickerings",,True,,,True,https://www.buzzsprout.com/802637/10499164-ep-17-exodus-18-20-all-the-lord-hath-spoken-we-will-do-a-trump-will-sound-pickerings.mp3,,17178,,45606403,,,URL,Come Follow Me 2021 - Latter-Day Media,,2022-04-25 18:00:00,Podcast,,3796000,,,Latter-Day Media
2022-05-21 03:06:50,125BAB4ACA837BB9,"EP 18 Exodus 18-20, 24, 31-34 Mt. Sinai ""Beneath the Dirt"" Come Follow Me LDS - Kay Godfrey",,True,,,True,https://www.buzzsprout.com/802637/10511741-ep-18-exodus-18-20-24-31-34-mt-sinai-beneath-the-dirt-come-follow-me-lds-kay-godfrey.mp3,,17180,,21725903,,,URL,Come Follow Me 2021 - Latter-Day Media,,2022-04-27 02:00:00,Podcast,,1803000,,,Latter-Day Media
2022-05-21 03:06:57,A486D9255524A112,"EP 18.1 The Golden Calf - Exodus 24, 31-34 Rhonda & Farrell Pickering Come Follow Me 2022",MPEG audio file,True,96,,True,https://www.buzzsprout.com/802637/10567802-ep-18-1-the-golden-calf-exodus-24-31-34-rhonda-farrell-pickering-come-follow-me-2022.mp3,,17404,,56888198,1,,URL,Come Follow Me 2021 - Latter-Day Media,2022-05-21 03:06:57,2022-05-06 01:00:00,Podcast,44100,4731000,,2022,Latter-Day Media
2022-05-21 03:07:09,4435ABF4BEC25B10,"EP 19 Exodus 35-40, Leviticus 1,16,19 Pickerings Tabernacle-Temple Today",MPEG audio file,True,96,,True,https://www.buzzsprout.com/802637/10570988-ep-19-exodus-35-40-leviticus-1-16-19-pickerings-tabernacle-temple-today.mp3,,17418,,73573254,1,,URL,Come Follow Me 2021 - Latter-Day Media,2022-05-21 03:07:09,2022-05-06 16:00:00,Podcast,44100,6123000,,2022,Latter-Day Media
2022-05-21 03:07:21,5900B2F2B7943A57,"EP 20 Numbers 11-14, 20-24 Come Follow Me 2022 Farrell & Rhonda Pickering ""Profound Stories in the Wilderness""",MPEG audio file,True,96,,True,https://www.buzzsprout.com/802637/10613781-ep-20-numbers-11-14-20-24-come-follow-me-2022-farrell-rhonda-pickering-profound-stories-in-the-wilderness.mp3,,17426,,56116328,1,,URL,Come Follow Me 2021 - Latter-Day Media,2022-05-21 03:07:21,2022-05-13 19:00:00,Podcast,44100,4671000,,2022,Latter-Day Media
2022-08-20 21:47:07,31CBD347E784FBBB,"EP 21 Deuteronomy ""A Warning for Our Day""  Farrell Pickering",,True,,,True,https://www.buzzsprout.com/802637/10765283-ep-21-deuteronomy-a-warning-for-our-day-farrell-pickering.mp3,,37528,,58311244,,,URL,Come Follow Me 2021 - Latter-Day Media,,2022-06-09 15:00:00,Podcast,,4854000,,,Latter-Day Media
2022-08-20 21:47:07,0DD8D2A26705013B,"EP 22 Joshua 1-8, 23-24  Joshua Law of Apostate Cities - Come Follow Me 2022 Pickering",,True,,,True,https://www.buzzsprout.com/802637/10765570-ep-22-joshua-1-8-23-24-joshua-law-of-apostate-cities-come-follow-me-2022-pickering.mp3,,37530,,60849545,,,URL,Come Follow Me 2021 - Latter-Day Media,,2022-06-09 16:00:00,Podcast,,5065000,,,Latter-Day Media
2022-08-20 21:47:07,FBEA266395FD5556,EP 23 Reign of Judges For Our Day- Come Follow Me 2022 Farrell Pickering,,True,,,True,https://www.buzzsprout.com/802637/10765668-ep-23-reign-of-judges-for-our-day-come-follow-me-2022-farrell-pickering.mp3,,37532,,46683690,,,URL,Come Follow Me 2021 - Latter-Day Media,,2022-06-10 12:00:00,Podcast,,3886000,,,Latter-Day Media
2022-08-20 21:47:07,09608FE7007C4746,Kay Godfrey Special Egypt Tour - What Treasures Did He Find This Time?,,True,,,True,https://www.buzzsprout.com/802637/10774595-kay-godfrey-special-egypt-tour-what-treasures-did-he-find-this-time.mp3,,37534,,25714768,,,URL,Come Follow Me 2021 - Latter-Day Media,,2022-06-11 14:00:00,Podcast,,2137000,,,Latter-Day Media
2022-08-20 21:47:07,6DAE5E0BC8559DB1,EP 24 Ruth - How is it OUR Story today? Come Follow Me - Old Testament with Rhonda Pickering,,True,,,True,https://www.buzzsprout.com/802637/10775612-ep-24-ruth-how-is-it-our-story-today-come-follow-me-old-testament-with-rhonda-pickering.mp3,,37536,,70869750,,,URL,Come Follow Me 2021 - Latter-Day Media,,2022-06-11 19:00:00,Podcast,,5899000,,,Latter-Day Media
2022-08-20 21:47:07,D11A852576B5B060,"EP 25 Samuel 1 ""Give Us A King!"" Come Follow Me - Farrell Pickering",,True,,,True,https://www.buzzsprout.com/802637/10795928-ep-25-samuel-1-give-us-a-king-come-follow-me-farrell-pickering.mp3,,37538,,50942086,,,URL,Come Follow Me 2021 - Latter-Day Media,,2022-06-15 04:00:00,Podcast,,4242000,,,Latter-Day Media
2022-08-20 21:47:07,358A0401F84999C7,EP 26 - Part 1 - King David & Solomon-Good Guys or Bad? - Come Follow Me - Rhonda Pickering with Guest Amberli Peterson,,True,,,True,https://www.buzzsprout.com/802637/10872939-ep-26-part-1-king-david-solomon-good-guys-or-bad-come-follow-me-rhonda-pickering-with-guest-amberli-peterson.mp3,,37540,,54049436,,,URL,Come Follow Me 2021 - Latter-Day Media,,2022-06-28 22:00:00,Podcast,,4499000,,,Latter-Day Media
2022-08-20 21:47:07,F44085540191B8FF,EP 26 - Part 2 - King David Solomon-Good Guys or Bad? - Come Follow Me - Farrell Pickering,,True,,,True,https://www.buzzsprout.com/802637/10887319-ep-26-part-2-king-david-solomon-good-guys-or-bad-come-follow-me-farrell-pickering.mp3,,37542,,40763287,,,URL,Come Follow Me 2021 - Latter-Day Media,,2022-07-01 01:00:00,Podcast,,3391000,,,Latter-Day Media
2022-08-20 21:47:07,1BAC51E8E96F2EBB,EP 27 - Elijah's Testimony - And His End-Time Return! Farrell Pickering,,True,,,True,https://www.buzzsprout.com/802637/10892148-ep-27-elijah-s-testimony-and-his-end-time-return-farrell-pickering.mp3,,37544,,54163752,,,URL,Come Follow Me 2021 - Latter-Day Media,,2022-07-02 00:00:00,Podcast,,4508000,,,Latter-Day Media
2022-08-20 21:47:07,D188EAFFE26A61EB,"EP 28 Elijah to Elisha: Israelite, Gentile and Saint - 2nd Kings - Farrell Pickering",,True,,,True,https://www.buzzsprout.com/802637/10929284-ep-28-elijah-to-elisha-israelite-gentile-and-saint-2nd-kings-farrell-pickering.mp3,,37546,,52173489,,,URL,Come Follow Me 2021 - Latter-Day Media,,2022-07-08 22:00:00,Podcast,,4343000,,,Latter-Day Media
2022-08-20 21:47:07,E1FC0CA9110E456A,"EP 29 FALL of the KINGDOMS: 2 Kings 17-24, Isaiah 36-39, 2 Chronicles 29-32 Rhonda Pickering",,True,,,True,https://www.buzzsprout.com/802637/10970900-ep-29-fall-of-the-kingdoms-2-kings-17-24-isaiah-36-39-2-chronicles-29-32-rhonda-pickering.mp3,,37548,,62561372,,,URL,Come Follow Me 2021 - Latter-Day Media,,2022-07-16 15:00:00,Podcast,,5208000,,,Latter-Day Media
2022-08-20 21:47:07,4DE543462356E538,"EP 30  The King Returns - 4th Beast - Prophesies & Presidents? Ezra 1-7, Nehemiah 2-8 - Farrell Pickering",,True,,,True,https://www.buzzsprout.com/802637/11134068-ep-30-the-king-returns-4th-beast-prophesies-presidents-ezra-1-7-nehemiah-2-8-farrell-pickering.mp3,,37550,,56555383,,,URL,Come Follow Me 2021 - Latter-Day Media,,2022-08-14 09:00:00,Podcast,,4708000,,,Latter-Day Media
2022-08-20 21:47:07,D77ED9AC14D56E59,EP 31 Esther & Purim: A Prophetic Feast - Rhonda Pickering,,True,,,True,https://www.buzzsprout.com/802637/11134077-ep-31-esther-purim-a-prophetic-feast-rhonda-pickering.mp3,,37552,,55494780,,,URL,Come Follow Me 2021 - Latter-Day Media,,2022-08-14 10:00:00,Podcast,,4622000,,,Latter-Day Media
2022-08-20 21:47:24,DE6F2B2229708232,EP 32 Job-Silence in Heaven-Our Half Hour of Gethsemane Farrell Pickering,MPEG audio file,True,96,,True,https://www.buzzsprout.com/802637/11134091-ep-32-job-silence-in-heaven-our-half-hour-of-gethsemane-farrell-pickering.mp3,,37658,,52696652,1,,URL,Come Follow Me 2021 - Latter-Day Media,2022-08-20 21:47:24,2022-08-14 22:00:00,Podcast,44100,4387000,,2022,Latter-Day Media
2022-08-20 21:48:02,8BF740C615640C51,EP 33 A New David for End-times -  Rhonda Pickering,MPEG audio file,True,96,,True,https://www.buzzsprout.com/802637/11168039-ep-33-a-new-david-for-end-times-rhonda-pickering.mp3,,37678,,80029673,1,,URL,Come Follow Me 2021 - Latter-Day Media,2022-08-20 21:48:02,2022-08-19 21:00:00,Podcast,44100,6665000,,2022,Latter-Day Media
2022-08-20 21:48:42,3572307093A84506,EP 34 - A Galactic Reboot - PSALMS - Farrell Pickering,MPEG audio file,True,96,,True,https://www.buzzsprout.com/802637/11168099-ep-34-a-galactic-reboot-psalms-farrell-pickering.mp3,,37694,,45429951,1,,URL,Come Follow Me 2021 - Latter-Day Media,2022-08-20 21:48:42,2022-08-20 01:00:00,Podcast,44100,3782000,,2022,Latter-Day Media
2022-09-03 17:53:37,D3E80EF392E1E2DB,EP 35 Psalms 102-150 - Songs at the    Temple - Rhonda Pickering -     Come Follow Me,MPEG audio file,True,96,,True,https://www.buzzsprout.com/802637/11234550-ep-35-psalms-102-150-songs-at-the-temple-rhonda-pickering-come-follow-me.mp3,,37732,,80868860,1,,URL,Come Follow Me 2021 - Latter-Day Media,2022-09-03 17:53:37,2022-08-31 06:00:00,Podcast,44100,6735000,,2022,Latter-Day Media
2022-09-03 17:54:29,2009DCE6949CD630,EP-36 Proverbs-Ecclesiastes - Come Follow Me - Farrell Pickering,MPEG audio file,True,96,,True,file://localhost/C:/Users/bruce/Music/iTunes/iTunes Media/Podcasts/Come Follow Me 2021 - Latter-Day Media/EP-36 Proverbs-Ecclesiastes - Come F.mp3,4,37752,,45391220,1,1,File,Come Follow Me 2021 - Latter-Day Media,2022-09-03 17:54:29,2022-08-31 20:00:00,Podcast,44100,3778246,,2022,Latter-Day Media
2022-11-27 02:11:43,D227DE1B543B1BDF,EP 37 Isaiah 1-12 The Key to Isaiah - Bifid Structure with Amazing Graphics-Come Follow Me,MPEG audio file,True,96,,True,file://localhost/C:/Users/bruce/Music/iTunes/iTunes Media/Podcasts/Come Follow Me 2021 - Latter-Day Media/EP 37 Isaiah 1-12 The Key to Isaiah.mp3,4,38472,,76551401,1,1,File,Come Follow Me 2021 - Latter-Day Media,2022-11-27 02:11:43,2022-09-25 07:00:00,Podcast,44100,6374791,,2022,Latter-Day Media
2022-11-27 02:12:53,06146A964A969D2D,EP 38 Isaiah 13-35 Babylon Umbrella & Arch Tryant - Come Follow Me,MPEG audio file,True,96,,True,file://localhost/C:/Users/bruce/Music/iTunes/iTunes Media/Podcasts/Come Follow Me 2021 - Latter-Day Media/EP 38 Isaiah 13-35 Babylon Umbrella.mp3,4,38500,,90491443,1,1,File,Come Follow Me 2021 - Latter-Day Media,2022-11-27 02:12:53,2022-09-25 14:00:00,Podcast,44100,7535229,,2022,Latter-Day Media
