date_added,clean,persistent_id,name,kind,podcast,album_artist,bitrate,play_date_utc,unplayed,comments,location,file_folder_count,track_id,size,artwork_count,library_folder_count,track_type,album,date_modified,release_date,genre,sample_rate,total_time,play_date,year,artist,normalization
2022-01-04 02:36:31,True,56A0C19E79229BFF,"302.2: Fidelity (OT Gospel Doctrine Lesson 34, Sunday School)",,True,,,2019-05-06 20:29:06,True,,https://egdhome.files.wordpress.com/2019/02/egd-ot-34.2.mp3,,12412,,,,URL,Engaging Gospel Doctrine,,2018-09-16 20:09:29,Podcast,,4386000,3639997746,,Jared,
2022-01-04 02:36:31,True,5A2928DD6496B3C5,"302.3: Fidelity (OT Gospel Doctrine Lesson 34, Study Notes)",,True,,,2019-05-06 20:29:06,True,,https://egdhome.files.wordpress.com/2019/02/egd-ot-34.3.mp3,,12414,,,,URL,Engaging Gospel Doctrine,,2018-09-16 20:09:55,Podcast,,3639000,3639997746,,Jared,
2022-01-04 02:36:31,True,6D44D9D418294423,"303.1: Justice and Responsibility (OT Gospel Doctrine Lesson 35, Updated)",,True,,,2019-05-06 20:29:13,True,,https://egdhome.files.wordpress.com/2019/02/egd-ot-35.1.mp3,,12416,,,,URL,Engaging Gospel Doctrine,,2018-09-22 15:55:34,Podcast,,1291000,3639997753,,Jared,
2022-01-04 02:36:31,True,56B29C58AA6973BB,"303.2: Justice and Responsibility (OT Gospel Doctrine Lesson 35, Sunday School)",,True,,,2019-05-06 20:29:13,True,,https://egdhome.files.wordpress.com/2019/02/egd-ot-35.2.mp3,,12418,,,,URL,Engaging Gospel Doctrine,,2018-09-22 15:56:47,Podcast,,3490000,3639997753,,Jared,
2022-01-04 02:36:31,True,85970CFC2FBFB10A,"303.3: Justice and Responsibility (OT Gospel Doctrine Lesson 35, Study Notes)",,True,,,2019-05-06 20:29:13,True,,https://egdhome.files.wordpress.com/2019/02/egd-ot-35.3.mp3,,12420,,,,URL,Engaging Gospel Doctrine,,2018-09-22 15:57:00,Podcast,,3345000,3639997753,,Jared,
2022-01-04 02:36:31,True,2545F687E23D9FC5,"304.1: Introduction to Isaiah (OT Gospel Doctrine Lesson 36, Updated)",,True,,,2019-05-06 20:29:13,True,,https://egdhome.files.wordpress.com/2019/02/egd-ot-36.1.mp3,,12422,,,,URL,Engaging Gospel Doctrine,,2018-09-22 22:14:59,Podcast,,1432000,3639997753,,Jared,
2022-01-04 02:36:31,True,F59BAD15AB2B8BC9,"304.2: Introduction to Isaiah (OT Gospel Doctrine Lesson 36, Sunday School)",,True,,,2019-05-06 20:29:13,True,,https://egdhome.files.wordpress.com/2019/02/egd-ot-36.2.mp3,,12424,,,,URL,Engaging Gospel Doctrine,,2018-09-22 22:15:19,Podcast,,6259000,3639997753,,Jared,
2022-01-04 02:36:31,True,2AAF81E20A534D74,"304.3: Introduction to Isaiah (OT Gospel Doctrine Lesson 36, Study Notes)",,True,,,2019-05-06 20:29:13,True,,https://egdhome.files.wordpress.com/2019/02/egd-ot-36.3.mp3,,12426,,,,URL,Engaging Gospel Doctrine,,2018-09-22 22:15:23,Podcast,,3601000,3639997753,,Jared,
2022-01-04 02:36:31,True,C5FC53CA8CAD1D75,"305.1: Of God and Wonders (OT Gospel Doctrine Lesson 37, Updated)",,True,,,2019-05-06 20:29:19,True,,https://egdhome.files.wordpress.com/2019/02/egd-ot-37.1.mp3,,12428,,,,URL,Engaging Gospel Doctrine,,2018-09-27 14:29:56,Podcast,,1735000,3639997759,,Jared,
2022-01-04 02:36:31,True,2089D9C872978DE9,"305.2: Of God and Wonders (OT Gospel Doctrine Lesson 37, Sunday School)",,True,,,2019-05-06 20:29:19,True,,https://egdhome.files.wordpress.com/2019/02/egd-ot-37.2.mp3,,12430,,,,URL,Engaging Gospel Doctrine,,2018-09-27 14:31:39,Podcast,,5290000,3639997759,,Jared,
2022-01-04 02:36:31,True,765EE161F33169BE,"305.3: Of God and Wonders (OT Gospel Doctrine Lesson 37, Study Notes)",,True,,,2019-05-06 20:29:19,True,,https://egdhome.files.wordpress.com/2019/02/egd-ot-37.3.mp3,,12432,,,,URL,Engaging Gospel Doctrine,,2018-09-27 14:31:46,Podcast,,4016000,3639997759,,Jared,
2022-01-04 02:36:31,True,0A3EE0BC461D1675,"306.1: Relationship with God (OT Gospel Doctrine Lesson 38, Updated)",,True,,,2019-05-06 20:29:26,True,,https://egdhome.files.wordpress.com/2019/02/egd-ot-38.1.mp3,,12434,,,,URL,Engaging Gospel Doctrine,,2018-10-13 16:50:19,Podcast,,1695000,3639997766,,Jared,
2022-01-04 02:36:31,True,270314B5D5F0139F,"306.2: Relationship with God (OT Gospel Doctrine Lesson 38, Sunday School)",,True,,,2019-05-06 20:29:26,True,,https://egdhome.files.wordpress.com/2019/02/egd-ot-38.2.mp3,,12436,,,,URL,Engaging Gospel Doctrine,,2018-10-13 16:51:21,Podcast,,4278000,3639997766,,Jared,
2022-01-04 02:36:31,True,8C46010180DBA3CE,"306.3: Relationship with God (OT Gospel Doctrine Lesson 38, Study Notes)",,True,,,2019-05-06 20:29:26,True,,https://egdhome.files.wordpress.com/2019/02/egd-ot-38.3.mp3,,12438,,,,URL,Engaging Gospel Doctrine,,2018-10-13 16:51:52,Podcast,,5722000,3639997766,,Jared,
2022-01-04 02:36:31,True,5C74D79E36DF7854,"307.1: Messengers of Peace and Wellness (OT Gospel Doctrine Lesson 39, Updated)",,True,,,2019-05-06 20:29:30,True,,https://egdhome.files.wordpress.com/2019/02/egd-ot-39.1.mp3,,12440,,,,URL,Engaging Gospel Doctrine,,2018-10-28 02:49:54,Podcast,,1152000,3639997770,,Jared,
2022-01-04 02:36:31,True,71E325009BE71DC2,"307.2: Messengers of Peace and Wellness (OT Gospel Doctrine Lesson 39, Sunday School)",,True,,,2019-05-06 20:29:38,True,,https://egdhome.files.wordpress.com/2019/02/egd-ot-39.2.mp3,,12442,,,,URL,Engaging Gospel Doctrine,,2018-11-03 22:47:25,Podcast,,6477000,3639997778,,Jared,
2022-01-04 02:36:31,True,84C6EBC1B200F105,"307.3: Messengers of Peace and Wellness (OT Gospel Doctrine Lesson 39, Study Notes)",,True,,,2019-05-06 20:29:38,True,,https://egdhome.files.wordpress.com/2019/02/egd-ot-39.3.mp3,,12444,,,,URL,Engaging Gospel Doctrine,,2018-11-03 22:47:40,Podcast,,3878000,3639997778,,Jared,
2022-01-04 02:36:31,True,4983BBFF228C60AD,"308.1: Bigger Tents (OT Gospel Doctrine Lesson 40, Updated)",,True,,,2019-05-06 20:29:38,True,,https://egdhome.files.wordpress.com/2019/02/egd-ot-40.1.mp3,,12446,,,,URL,Engaging Gospel Doctrine,,2018-11-03 23:17:16,Podcast,,1290000,3639997778,,Jared,
2022-01-04 02:36:31,True,A9C265F09B11E4AE,"308.2: Bigger Tents (OT Gospel Doctrine Lesson 40, Sunday School)",,True,,,2019-05-06 20:29:38,True,,https://egdhome.files.wordpress.com/2019/02/egd-ot-40.2.mp3,,12448,,,,URL,Engaging Gospel Doctrine,,2018-11-03 23:35:10,Podcast,,2900000,3639997778,,Jared,
2022-01-04 02:36:31,True,B1009FA9A06918B5,"308.3: Bigger Tents (OT Gospel Doctrine Lesson 40, Study Notes)",,True,,,2019-05-06 20:29:38,True,,https://egdhome.files.wordpress.com/2019/02/egd-ot-40.3.mp3,,12450,,,,URL,Engaging Gospel Doctrine,,2018-11-03 23:35:45,Podcast,,2052000,3639997778,,Jared,
2022-01-04 02:36:31,True,929488FDAD81AA53,"309.1 Burning in your Bones (OT Gospel Doctrine Lesson 41, Updated)",,True,,,2019-05-06 20:29:46,True,,https://egdhome.files.wordpress.com/2019/02/egd-ot-41.1.mp3,,12452,,,,URL,Engaging Gospel Doctrine,,2018-11-17 19:02:19,Podcast,,1204000,3639997786,,Jared,
2022-01-04 02:36:31,True,F6972E70C784D6F2,"309.2 Burning in your Bones (OT Gospel Doctrine Lesson 41, Sunday School)",,True,,,2019-05-06 20:29:46,True,,https://egdhome.files.wordpress.com/2019/02/egd-ot-41.2.mp3,,12454,,,,URL,Engaging Gospel Doctrine,,2018-11-17 23:30:55,Podcast,,4662000,3639997786,,Jared,
2022-01-04 02:36:31,True,8CFD14BDB548CC79,"309.3 Burning in your Bones (OT Gospel Doctrine Lesson 41, Study Notes)",,True,,,2019-05-06 20:29:46,True,,https://egdhome.files.wordpress.com/2019/02/egd-ot-41.3.mp3,,12456,,,,URL,Engaging Gospel Doctrine,,2018-11-17 23:32:36,Podcast,,4206000,3639997786,,Jared,
2022-01-04 02:36:31,True,D85272B2AF430531,"310.1 Compasses and Commandments (OT Gospel Doctrine Lesson 42, Updated)",,True,,,2019-05-06 20:29:46,True,,https://egdhome.files.wordpress.com/2019/02/egd-ot-42.1.mp3,,12458,,,,URL,Engaging Gospel Doctrine,,2018-11-17 23:42:31,Podcast,,1274000,3639997786,,Jared,
2022-01-04 02:36:31,True,B82C66EF1005EE08,"310.2 Compasses and Commandments (OT Gospel Doctrine Lesson 42, Sunday School)",,True,,,2019-05-06 20:29:46,True,,https://egdhome.files.wordpress.com/2019/02/egd-ot-42.2.mp3,,12460,,,,URL,Engaging Gospel Doctrine,,2018-11-18 22:42:41,Podcast,,4589000,3639997786,,Jared,
2022-01-04 02:36:31,True,744C95A46F22962F,"310.3 Compasses and Commandments (OT Gospel Doctrine Lesson 42, Study Notes)",,True,,,2019-05-06 20:29:46,True,,https://egdhome.files.wordpress.com/2019/02/egd-ot-42.3.mp3,,12462,,,,URL,Engaging Gospel Doctrine,,2018-11-18 22:47:02,Podcast,,2961000,3639997786,,Jared,
2022-01-04 02:36:31,True,B3D9C042955C61A2,"311.1 Healthy Leadership (OT Gospel Doctrine Lesson 43, Updated)",,True,,,2019-05-06 20:29:52,True,,https://egdhome.files.wordpress.com/2019/02/egd-ot-43.1.mp3,,12464,,,,URL,Engaging Gospel Doctrine,,2018-12-01 23:05:02,Podcast,,1471000,3639997792,,Jared,
2022-01-04 02:36:31,True,BF1F171F5D214890,"311.2 Healthy Leadership (OT Gospel Doctrine Lesson 43, Sunday School)",,True,,,2019-05-06 20:29:52,True,,https://egdhome.files.wordpress.com/2019/02/egd-ot-43.2.mp3,,12466,,,,URL,Engaging Gospel Doctrine,,2018-12-02 01:50:30,Podcast,,4447000,3639997792,,Jared,
2022-01-04 02:36:31,True,96859AE7C3E21880,"311.3 Healthy Leadership (OT Gospel Doctrine Lesson 43, Study Notes)",,True,,,2019-05-06 20:29:52,True,,https://egdhome.files.wordpress.com/2019/02/egd-ot-43.3.mp3,,12468,,,,URL,Engaging Gospel Doctrine,,2018-12-02 01:53:14,Podcast,,3115000,3639997792,,Jared,
2022-01-04 02:36:31,True,50FBA85F910A5501,"312.1 Abundance (OT Gospel Doctrine Lesson 44, Updated)",,True,,,2019-05-06 20:29:58,True,,https://egdhome.files.wordpress.com/2019/02/egd-ot-44.1.mp3,,12470,,,,URL,Engaging Gospel Doctrine,,2018-12-08 17:08:39,Podcast,,2108000,3639997798,,Jared,
2022-01-04 02:36:31,True,9991E551A6BD2BE2,"312.2 Abundance (OT Gospel Doctrine Lesson 44, Sunday School)",,True,,,2019-05-06 20:29:58,True,,https://egdhome.files.wordpress.com/2019/02/egd-ot-44.2.mp3,,12472,,,,URL,Engaging Gospel Doctrine,,2018-12-08 20:04:57,Podcast,,1753000,3639997798,,Jared,
2022-01-04 02:36:31,True,B7641B85E4C1A7BF,"312.3 Abundance (OT Gospel Doctrine Lesson 44, Study Notes)",,True,,,2019-05-06 20:29:58,True,,https://egdhome.files.wordpress.com/2019/02/egd-ot-44.3.mp3,,12474,,,,URL,Engaging Gospel Doctrine,,2018-12-08 20:05:24,Podcast,,1294000,3639997798,,Jared,
2022-01-04 02:36:31,True,4AE693F60BD481B3,"313.1 Identity and Integrity (OT Gospel Doctrine Lesson 45, Updated)",,True,,,2019-05-06 20:30:03,True,,https://egdhome.files.wordpress.com/2019/02/egd-ot-45.1.mp3,,12476,,,,URL,Engaging Gospel Doctrine,,2018-12-15 19:08:37,Podcast,,1737000,3639997803,,Jared,
2022-01-04 02:36:31,True,3CE0767556BBABFA,"313.2 Identity and Integrity (OT Gospel Doctrine Lesson 45, Sunday School)",,True,,,2019-05-06 20:30:03,True,,https://egdhome.files.wordpress.com/2019/02/egd-ot-45.2.mp3,,12478,,,,URL,Engaging Gospel Doctrine,,2018-12-16 01:05:03,Podcast,,5397000,3639997803,,Jared,
2022-01-04 02:36:31,True,EECB5F52C2A1771E,"313.3 Identity and Integrity (OT Gospel Doctrine Lesson 45, Study Notes)",,True,,,2019-05-06 20:30:03,True,,https://egdhome.files.wordpress.com/2019/02/egd-ot-45.3.mp3,,12480,,,,URL,Engaging Gospel Doctrine,,2018-12-16 01:06:57,Podcast,,3365000,3639997803,,Jared,
2022-01-04 02:36:31,True,5C28C2E823058003,"314.1 Kingdom of God on Earth (OT Gospel Doctrine Lessons 46-48, Updated)",,True,,,2019-05-06 20:30:16,True,,https://egdhome.files.wordpress.com/2019/02/egd-ot-46.1.mp3,,12482,,,,URL,Engaging Gospel Doctrine,,2018-12-28 07:31:06,Podcast,,2104000,3639997816,,Jared,
2022-01-04 02:36:31,True,DB29D66E427D3D6F,"314.2 Dominion of God (OT Gospel Doctrine Lesson 46, Sunday School)",,True,,,2019-05-06 20:30:16,True,,https://egdhome.files.wordpress.com/2019/02/egd-ot-46.2.mp3,,12484,,,,URL,Engaging Gospel Doctrine,,2018-12-29 03:50:31,Podcast,,4724000,3639997816,,Jared,
2022-01-04 02:36:31,True,ADFD2CA4A04F63C0,"314.3 Dominion of God (OT Gospel Doctrine Lesson 46, Study Notes)",,True,,,2019-05-06 20:30:16,True,,https://egdhome.files.wordpress.com/2019/02/egd-ot-46.3.mp3,,12486,,,,URL,Engaging Gospel Doctrine,,2018-12-29 03:52:25,Podcast,,3558000,3639997816,,Jared,
2022-01-04 02:36:31,True,B1F53D35F248B3B1,"315.2 Action and Investment (OT Gospel Doctrine Lesson 47, Sunday School)",,True,,,2019-05-06 20:30:16,True,,https://egdhome.files.wordpress.com/2019/02/egd-ot-47.2.mp3,,12488,,,,URL,Engaging Gospel Doctrine,,2018-12-29 04:35:34,Podcast,,5648000,3639997816,,Jared,
2022-01-04 02:36:31,True,F5B4B003342D40F0,"315.3 Action and Investment (OT Gospel Doctrine Lesson 47, Study Notes)",,True,,,2019-05-06 20:30:16,True,,https://egdhome.files.wordpress.com/2019/02/egd-ot-47.3.mp3,,12490,,,,URL,Engaging Gospel Doctrine,,2018-12-29 04:38:13,Podcast,,4277000,3639997816,,Jared,
2022-01-04 02:36:31,True,D7C45A1A93BAF115,"316.2 Triumph of God (OT Gospel Doctrine Lesson 48, Sunday School)",,True,,,2019-05-06 20:30:16,True,,https://egdhome.files.wordpress.com/2019/02/egd-ot-48.2.mp3,,12492,,,,URL,Engaging Gospel Doctrine,,2018-12-29 04:38:43,Podcast,,2296000,3639997816,,Jared,
2022-01-04 02:36:31,True,DB17F5091CFA0D1E,"316.3 Triumph of God (OT Gospel Doctrine Lesson 48, Study Notes)",,True,,,2019-05-06 20:30:16,True,,https://egdhome.files.wordpress.com/2019/02/egd-ot-48.3.mp3,,12494,,,,URL,Engaging Gospel Doctrine,,2018-12-29 04:39:37,Podcast,,2404000,3639997816,,Jared,
2022-01-04 02:36:31,True,AEEFB0AE23DD4F9C,"317.1: Come, Follow Me (NT Lesson 1)",,True,,,2019-05-06 20:30:21,True,,https://egdhome.files.wordpress.com/2019/02/egd-nt-01.1.mp3,,12496,,,,URL,Engaging Gospel Doctrine,,2019-01-05 17:37:27,Podcast,,2134000,3639997821,,Jared,
2022-01-04 02:36:31,True,BED41003DFFE9FEE,317.2: Introduction to the New Testament,,True,,,2019-05-06 20:30:21,True,,https://egdhome.files.wordpress.com/2019/01/egd-nt-000.mp3,,12498,,,,URL,Engaging Gospel Doctrine,,2019-01-05 18:12:19,Podcast,,3857000,3639997821,,Jared,
2022-01-04 02:36:31,True,E7E8536D6FDBE820,"318: January 13, 20; Jesus’ Birth (New Testament Weeks 2-3)",,True,,,2019-05-06 20:23:27,True,,https://egdhome.files.wordpress.com/2019/02/egd-nt-02.1.mp3,,12500,,,,URL,Engaging Gospel Doctrine,,2019-01-18 20:21:50,Podcast,,2300000,3639997407,,Jared,
2022-01-04 02:36:31,True,D02B86506F836AEF,319: Jan 27; Feb 3; Jesus’ Ministry Begins (New Testament Weeks 4-5),,True,,,2019-05-06 20:23:23,True,,https://egdhome.files.wordpress.com/2019/04/egd-nt-03.1.mp3,,12502,43551062,,,URL,Engaging Gospel Doctrine,,2019-04-08 04:49:38,Podcast,,2154000,3639997403,,Jared,
2022-01-04 02:36:31,True,FA8A4E5BAD4C568F,"320: Feb 10, 17; Temptation and Vocation (New Testament Weeks 6-7)",,True,,,2019-05-06 20:23:23,True,,https://egdhome.files.wordpress.com/2019/04/egd-nt-04.1.mp3,,12504,71401772,,,URL,Engaging Gospel Doctrine,,2019-04-08 05:12:10,Podcast,,3547000,3639997403,,Jared,
2022-01-04 02:36:31,True,130CE8544642EAAD,321: Feb 24; Inner Law and Integrity (New Testament Week 8),,True,,,2019-05-06 20:30:47,True,,https://egdhome.files.wordpress.com/2019/04/egd-nt-05.1.mp3,,12506,59985741,,,URL,Engaging Gospel Doctrine,,2019-04-09 17:26:08,Podcast,,2480000,3639997847,,Jared,
2022-01-04 02:36:31,True,8281023E92369FDF,322: March 3; Live Well Today (New Testament Week 9),,True,,,2019-05-06 20:30:47,True,,https://egdhome.files.wordpress.com/2019/04/egd-nt-06.1.mp3,,12508,60076020,,,URL,Engaging Gospel Doctrine,,2019-04-11 15:11:59,Podcast,,2484000,3639997847,,Jared,
2022-01-04 02:36:31,True,25B0ED2ACC6856C1,323: March 10; Healing Ministry (New Testament Week 10),,True,,,2019-05-06 20:30:47,True,,https://egdhome.files.wordpress.com/2019/04/egd-nt-10.1.mp3,,12510,76829705,,,URL,Engaging Gospel Doctrine,,2019-04-11 15:25:21,Podcast,,3182000,3639997847,,Jared,
2022-01-04 02:36:31,True,AF487B6DF958DB49,324: March 17; Bring the Kingdom Near (New Testament Week 11),,True,,,2019-05-06 20:30:47,True,,https://egdhome.files.wordpress.com/2019/04/egd-nt-11.1.mp3,,12512,62616376,,,URL,Engaging Gospel Doctrine,,2019-04-11 16:07:21,Podcast,,2589000,3639997847,,Jared,
2022-01-04 02:36:31,True,FABCD5156CB35B30,325: March 24; Cycles of Virtue and Vice (New Testament Week 12),,True,,,,True,,https://egdhome.files.wordpress.com/2019/04/egd-nt-12.1.mp3,,12514,59943736,,,URL,Engaging Gospel Doctrine,,2019-04-11 16:21:10,Podcast,,2478000,,,Jared,
2022-01-04 02:36:31,True,CD18CFA2F27EC151,326: March 31; Bread of Life (New Testament Week 13),,True,,,,True,,https://egdhome.files.wordpress.com/2019/04/egd-nt-13.1.mp3,,12516,71978453,,,URL,Engaging Gospel Doctrine,,2019-04-11 17:09:57,Podcast,,2980000,,,Jared,
2022-01-04 02:36:31,True,2AB8A63200A2105F,328: April 21; Easter (New Testament Week 16),,True,,,,True,,https://egdhome.files.wordpress.com/2019/06/egd-nt-16.1.mp3,,12518,79619631,,,URL,Engaging Gospel Doctrine,,2019-04-18 20:11:40,Podcast,,,,,Jared,
2022-01-04 02:36:31,True,58100585D7BE1289,329: Atoning Human Nature (Bonus Episode),,True,,,,True,,https://egdhome.files.wordpress.com/2019/04/egd-nt-16.2.mp3,,12520,17695973,,,URL,Engaging Gospel Doctrine,,2019-04-19 14:45:49,Podcast,,1106000,,,Jared,
2022-01-04 02:36:31,True,217B50F47BC888A2,"330: Holy Week, by Carol Lynn Pearson (Bonus Episode)",,True,,,,True,,https://egdhome.files.wordpress.com/2019/07/egd-nt-30.2.mp3,,12522,22441287,,,URL,Engaging Gospel Doctrine,,2019-04-19 21:57:44,Podcast,,557000,,,Jared,
2022-01-04 02:36:31,True,FB3F190252B63FC4,331: April 28; May 5; Insiders and Outsiders (New Testament Weeks 17-18),,True,,,,True,,https://egdhome.files.wordpress.com/2019/04/egd-nt-17.1-1.mp3,,12524,74951444,,,URL,Engaging Gospel Doctrine,,2019-04-26 04:30:14,Podcast,,3116000,,,Jared,
2022-01-04 02:36:31,True,625F3D1FDB99A04F,333: May 19: Was Jesus Married? (New Testament Week 20),,True,,,,True,,https://egdhome.files.wordpress.com/2019/05/egd-nt-20.1-1.mp3,,12526,103326067,,,URL,Engaging Gospel Doctrine,,2019-05-18 00:23:03,Podcast,,,,,Jared,
2022-01-04 02:36:31,True,49E2C8AB8D9A22ED,334: May 26; Be What You Seem (New Testament Week 21),,True,,,,True,,https://egdhome.files.wordpress.com/2019/05/egd-nt-21.1-1.mp3,,12528,55049900,,,URL,Engaging Gospel Doctrine,,2019-05-24 17:31:51,Podcast,,2287000,,,Jared,
2022-01-04 02:36:31,True,4C9D0676E3B359D6,335: June 2; Apocalypse Then and Now (New Testament Week 22),,True,,,,True,,https://egdhome.files.wordpress.com/2019/05/egd-nt-22.1-1.mp3,,12530,81551856,,,URL,Engaging Gospel Doctrine,,2019-05-31 02:00:39,Podcast,,3391000,,,Jared,
2022-01-04 02:36:31,True,1AC70709A3417562,"336: June 9, 16; Let this cup pass from me (New Testament Weeks 23-24)",,True,,,,True,,https://egdhome.files.wordpress.com/2019/06/egd-nt-23.1-1.mp3,,12532,68465763,,,URL,Engaging Gospel Doctrine,,2019-06-11 03:49:26,Podcast,,2846000,,,Jared,
2022-01-04 02:36:31,True,48B33BA070A833E9,337: June 23; Even though it be a cross (New Testament Week 25),,True,,,,True,,https://egdhome.files.wordpress.com/2019/06/egd-nt-25.1-2.mp3,,12534,61769430,,,URL,Engaging Gospel Doctrine,,2019-06-22 04:03:16,Podcast,,2567000,,,Jared,
2022-01-04 02:36:31,True,DCCA3C2E9B2F85F4,338: June 30; Empty Tomb (New Testament Week 26),,True,,,,True,,https://egdhome.files.wordpress.com/2019/06/egd-nt-26.1-2.mp3,,12536,69495823,,,URL,Engaging Gospel Doctrine,,2019-06-28 23:57:42,Podcast,,2889000,,,Jared,
2022-01-04 02:36:31,True,76D098D57D523A09,339: July 7; Courage and Conversion (New Testament Week 27),,True,,,,True,,https://egdhome.files.wordpress.com/2019/07/egd-nt-27.1-1.mp3,,12538,45300375,,,URL,Engaging Gospel Doctrine,,2019-07-06 00:48:34,Podcast,,1881000,,,Jared,
2022-01-04 02:36:31,True,E7667B9AE0A80290,"340: July 14, 21; Being wrong (New Testament Weeks 28-29)",,True,,,,True,,https://egdhome.files.wordpress.com/2019/07/egd-nt-28.1-1.mp3,,12540,57464868,,,URL,Engaging Gospel Doctrine,,2019-07-19 02:06:03,Podcast,,2388000,,,Jared,
2022-01-04 02:36:31,True,39D790EFADF0ACC1,341: Refocusing Engaging Gospel Doctrine (Bonus Episode),,True,,,,True,,https://egdhome.files.wordpress.com/2019/07/egd-nt-30.1.mp3,,12542,15737207,,,URL,Engaging Gospel Doctrine,,2019-07-26 22:34:18,Podcast,,393000,,,Jared,
2022-01-04 02:36:31,True,8B4A997C8B37D077,342: July 28; Aug 4. Paul the Defender (New Testament Weeks 30-31),,True,,,,True,,https://egdhome.files.wordpress.com/2019/08/egd-nt-31.1-1.mp3,,12544,58342582,,,URL,Engaging Gospel Doctrine,,2019-08-02 04:52:23,Podcast,,2424000,,,Jared,
2022-01-04 02:36:31,True,B6711195D0457191,"343: Aug 11; 18. Trust, Grace (New Testament Weeks 32-33)",,True,,,,True,,https://egdhome.files.wordpress.com/2019/08/egd-nt-32.1.mp3,,12546,106456293,,,URL,Engaging Gospel Doctrine,,2019-08-17 04:17:28,Podcast,,2661000,,,Jared,
2022-01-04 02:36:31,True,49A5366029AF7BB9,"343.2: Aug 11; 18. Trust, Grace (New Testament Weeks 32-33, Scripture Study)",,True,,,,True,,https://egdhome.files.wordpress.com/2019/08/egd-nt-32.2.mp3,,12548,50266905,,,URL,Engaging Gospel Doctrine,,2019-08-17 14:15:17,Podcast,,1257000,,,Jared,
2022-01-04 02:36:31,True,0B3821A578225D0F,343.3: Grace is Not God’s Backup Plan (Part 1),,True,,,,True,,https://egdhome.files.wordpress.com/2019/08/egd-nt-32.3.mp3,,12550,93680325,,,URL,Engaging Gospel Doctrine,,2019-08-18 01:22:34,Podcast,,2342000,,,Jared,
2022-01-04 02:36:31,True,03962CE0B49E3B38,343.4: Grace is Not God’s Backup Plan (Part 2),,True,,,,True,,https://egdhome.files.wordpress.com/2019/08/egd-nt-32.4.mp3,,12552,48135313,,,URL,Engaging Gospel Doctrine,,2019-08-29 21:09:00,Podcast,,1203000,,,Jared,
2022-01-04 02:36:31,True,667AC9EA57AC1D84,344: Aug 25; Sept 1. Love is the Answer (New Testament Weeks 34-35),,True,,,,True,,https://egdhome.files.wordpress.com/2019/08/egd-nt-34.1.mp3,,12554,99163950,,,URL,Engaging Gospel Doctrine,,2019-08-29 21:34:44,Podcast,,2479000,,,Jared,
2022-01-04 02:36:31,True,C8DA9DC434517E47,345: Sept. 8; 15. Body and Spirit (New Testament Weeks 36-37),,True,,,,True,,https://egdhome.files.wordpress.com/2019/09/egd-nt-36.1.mp3,,12556,100796080,,,URL,Engaging Gospel Doctrine,,2019-09-14 21:47:21,Podcast,,2520000,,,Jared,
2022-01-04 02:36:31,True,7D1BCCDFBAE186B1,"346: Sept. 22; 29. Weakness, Strength, Difference (New Testament Weeks 38-39)",,True,,,,True,,https://egdhome.files.wordpress.com/2019/10/egd-nt-38.1-1.mp3,,12558,60797674,,,URL,Engaging Gospel Doctrine,,2019-10-04 21:01:51,Podcast,,2527000,,,Jared,
2022-01-04 02:36:31,True,1554F15EEBBF2253,"347: Oct. 13, 20. Challenge and be Challenged by (New Testament Weeks 41-42)",,True,,,,True,,https://egdhome.files.wordpress.com/2019/10/egd-nt-41.1-1.mp3,,12560,88601782,,,URL,Engaging Gospel Doctrine,,2019-10-04 21:20:39,Podcast,,3685000,,,Jared,
2022-01-04 02:36:31,True,54C1F2EF64B7CFD4,348: Oct 27; Nov 3. Kingdom Come (New Testament Weeks 43-44),,True,,,,True,,https://egdhome.files.wordpress.com/2019/10/egd-nt-43.1.mp3,,12562,170537795,,,URL,Engaging Gospel Doctrine,,2019-10-31 17:59:01,Podcast,,4263000,,,Jared,
2022-01-04 02:36:31,True,F0CA45C4E6BEACC9,"349: Nov 10, 17. A Better Covenant (New Testament Weeks 45-46)",,True,,,,True,,https://egdhome.files.wordpress.com/2019/11/egd-nt-45.1.mp3,,12564,89095328,,,URL,Engaging Gospel Doctrine,,2019-11-15 21:43:35,Podcast,,2223000,,,Jared,
2022-01-04 02:36:31,True,A307BD72AD22921A,"351: Dec. 15, 29: Encountering the End of the World (New Testament Weeks 50; 52)",,True,,,,True,,https://egdhome.files.wordpress.com/2019/12/egd-nt-50.1-1.mp3,,12566,57861720,,,URL,Engaging Gospel Doctrine,,2019-12-12 18:27:23,Podcast,,2404000,,,Jared,
2022-01-04 02:36:31,True,361E4B919D3F4BB4,352: Dec. 22: Christ Mass (New Testament Week 51),,True,,,,True,,https://egdhome.files.wordpress.com/2019/12/egd-nt-51.1.mp3,,12568,54958994,,,URL,Engaging Gospel Doctrine,,2019-12-15 05:20:32,Podcast,,2283000,,,Jared,
2022-01-04 02:36:31,True,24960BDBDEA34359,353: Understanding the Book of Mormon (Gospel Doctrine Lesson 0),,True,,,,True,,https://egdhome.files.wordpress.com/2019/02/egd-bom-000.mp3,,12570,78610257,,,URL,Engaging Gospel Doctrine,,2019-12-27 00:22:35,Podcast,,9752000,,,Jared,
2022-01-04 02:36:31,True,839F1B3C483441CA,354: Reading the Book of Mormon (Book of Mormon Week 1),,True,,,,True,,https://egdhome.files.wordpress.com/2019/12/egd-bom-01.1.mp3,,12572,52612362,,,URL,Engaging Gospel Doctrine,,2019-12-27 01:30:05,Podcast,,2186000,,,Jared,
2022-01-04 02:36:31,True,49223C6285E3831D,355: The Real Book of Mormon Beginning: The Lost Pages with Don Bradley,,True,,,,True,,https://egdhome.files.wordpress.com/2020/01/egd-bom-01.2.mp3,,12574,65045336,,,URL,Engaging Gospel Doctrine,,2020-01-09 15:15:25,Podcast,,3252000,,,Jared,
2022-01-04 02:36:31,True,5BAAA6E7A71883FD,"356: January 12, 19: Pay Attention. Follow Through. (Book of Mormon Weeks 2-3)",,True,,,,True,,https://egdhome.files.wordpress.com/2020/01/egd-bom-02.1-1.mp3,,12576,67582406,,,URL,Engaging Gospel Doctrine,,2020-01-18 20:06:21,Podcast,,2809000,,,Jared,
2022-01-04 02:36:31,True,6B829FEB018B2F1A,"357: Jan 26; Feb 2: Adversity and Opportunity (Come, Follow Me, Book of Mormon Weeks 4-5)",,True,,,,True,,https://egdhome.files.wordpress.com/2020/02/egd-bom-04.1.mp3,,12578,81233998,,,URL,Engaging Gospel Doctrine,,2020-02-01 20:43:05,Podcast,,3378000,,,Jared,
2022-01-04 02:36:31,True,7F1BC680748FFAEE,"358: Feb 9, 16: Laws of Reality (Come, Follow Me Book of Mormon Weeks 6-7)",,True,,,,True,,https://egdhome.files.wordpress.com/2020/02/egd-bom-06.1.mp3,,12580,143874088,,,URL,Engaging Gospel Doctrine,,2020-02-14 18:15:19,Podcast,,3597000,,,Jared,
2022-01-04 02:36:31,True,B08C531C8B89C2CA,"359: Feb 23; Mar 1: Loss and Restoration (Come, Follow Me Book of Mormon Weeks 8-9)",,True,,,,True,,https://egdhome.files.wordpress.com/2020/02/egd-bom-08.1-1.mp3,,12582,81222086,,,URL,Engaging Gospel Doctrine,,2020-02-27 00:39:04,Podcast,,3378000,,,Jared,
2021-12-30 22:54:06,,A94D7198D1F89C95,"360: March 8, 15: the Path to Perfection (Come, Follow Me Book of Mormon Weeks 8-9)",MPEG audio file,True,Jared Anderson,192,,True,"Nephi maps our progression from faith to perfection, and Jacob teaches about fidelity and family. 2 Ne. 31-33; Jacob 1-4.","file://localhost/C:/Users/bruce/Music/iTunes/iTunes Media/Podcasts/Engaging Gospel Doctrine/360_ March 8, 15_ the Path to Perfec 1.mp3",4,4742,79358197,1,1,File,Engaging Gospel Doctrine,2020-03-07 18:54:48,2020-03-02 23:09:58,Podcast,44100,3299918,,2020,Jared,1227
2022-01-04 02:36:31,True,42310E70BB025C2B,"361: House Churches (Come Follow Me, Special Episode)",,True,,,,True,,https://egdhome.files.wordpress.com/2020/03/egd-bom-10.2-1.mp3,,12584,88637518,,,URL,Engaging Gospel Doctrine,,2020-03-15 02:02:36,Podcast,,3687000,,,Jared,
2022-01-04 02:36:31,True,AB89BC49C977433B,"363: March 29: Soul Hunger (House Church, Book of Mormon Week 11)",,True,,,,True,,https://egdhome.files.wordpress.com/2020/03/egd-bom-11.1-2.mp3,,12586,71396075,,,URL,Engaging Gospel Doctrine,,2020-03-29 04:41:10,Podcast,,2968000,,,Jared,
2022-01-04 02:36:31,True,FE2000E8610EDDA8,"364: April 12: Easter (House Church, Book of Mormon Week 13)",,True,,,,True,,https://egdhome.files.wordpress.com/2020/04/egd-bom-13.1-1.mp3,,12588,75799693,,,URL,Engaging Gospel Doctrine,,2020-04-07 18:20:21,Podcast,,3152000,,,Jared,
2022-01-04 02:36:31,True,36AE48258DED8B39,365: April 19: No Other Way (Come Follow Me/House Church Book of Mormon Week 14),,True,,,,True,,https://egdhome.files.wordpress.com/2020/04/egd-bom-14.1-6.mp3,,12590,84391889,,,URL,Engaging Gospel Doctrine,,2020-04-18 23:57:52,Podcast,,3510000,,,Jared,
2022-01-04 02:36:31,True,29A15FC20FAFA849,366: April 26; Spiritual Rebirth… Sustainably (House Church/Come Follow Me Book of Mormon Week 15),,True,,,,True,,https://egdhome.files.wordpress.com/2020/04/egd-bom-15.1-1.mp3,,12592,114794031,,,URL,Engaging Gospel Doctrine,,2020-04-23 03:45:20,Podcast,,4776000,,,Jared,
2022-01-04 02:36:31,True,BDE389FB0E4EC28C,367: May 3; Wisdom and Liberation (House Church/Come Follow Me Book of Mormon Week 16),,True,,,,True,,https://egdhome.files.wordpress.com/2020/05/egd-bom-16.1-1.mp3,,12594,65829485,,,URL,Engaging Gospel Doctrine,,2020-05-03 04:19:29,Podcast,,2736000,,,Jared,
2022-01-04 02:36:31,True,B3808EEA5C656CE6,"368.1: The Trial of Abinadi (BoM Lesson 17, Reissued)",,True,,,,True,,https://egdhome.files.wordpress.com/2020/05/egd-bom-018.1.mp3,,12596,36655304,,,URL,Engaging Gospel Doctrine,,2020-05-07 16:53:13,Podcast,,4507000,,,Jared,
2022-01-04 02:36:31,True,6C607A1ADB0C59FF,368.2: May 10; Will and Wellness (Come Follow Me Book of Mormon Week 17),,True,,,,True,,https://egdhome.files.wordpress.com/2020/05/egd-bom-17.2-2.mp3,,12598,47020695,,,URL,Engaging Gospel Doctrine,,2020-05-07 21:41:21,Podcast,,1953000,,,Jared,
2022-01-04 02:36:31,True,8986C3EFE8CCAE08,"369.1: Covenant, Surrender, and Deliverance (BoM Lesson 19, Reissued)",,True,,,,True,,https://egdhome.files.wordpress.com/2020/05/egd-bom-019.mp3,,12600,55463141,,,URL,Engaging Gospel Doctrine,,2020-05-12 16:37:57,Podcast,,5487000,,,Jared,
2022-01-04 02:36:31,True,62CB804EF66503AB,"369.2: May 17; Covenant, Surrender, Deliverance (Come Follow Me Book of Mormon Week 18)",,True,,,,True,,https://egdhome.files.wordpress.com/2020/05/egd-bom-18.2.mp3,,12602,31828233,,,URL,Engaging Gospel Doctrine,,2020-05-17 05:18:45,Podcast,,1979000,,,Jared,
2022-01-04 02:36:31,True,5C34E472BC6B55A5,"370.1: Breakdowns and Breakthroughs (BoM Week 19, Reissued)",,True,,,,True,,https://egdhome.files.wordpress.com/2020/05/egd-bom-020.mp3,,12604,82212529,,,URL,Engaging Gospel Doctrine,,2020-05-19 17:15:48,Podcast,,8162000,,,Jared,
2022-01-04 02:36:31,True,793307E7FD5304C4,370.2: May 24; Breakdowns and Breakthroughs (Come Follow Me Book of Mormon Week 19),,True,,,,True,,https://egdhome.files.wordpress.com/2020/05/egd-bom-19.2-3.mp3,,12606,71350935,,,URL,Engaging Gospel Doctrine,,2020-05-22 21:17:37,Podcast,,2966000,,,Jared,
2022-01-04 02:36:31,True,0C38AEFBFA476DED,"371.1: Kings, Judges, and War (BoM Gospel Doctrine Week 20)",,True,,,,True,,https://egdhome.files.wordpress.com/2020/05/egd-bom-20.1-1.mp3,,12608,38075727,,,URL,Engaging Gospel Doctrine,,2020-05-27 17:21:38,Podcast,,4717000,,,Jared,
2022-01-04 02:36:31,True,741AAF66EA4EA1BF,371.2: May 31; Us vs. Them (Come Follow Me Book of Mormon Week 20),,True,,,,True,,https://egdhome.files.wordpress.com/2020/05/egd-bom-20.2.mp3,,12610,56460239,,,URL,Engaging Gospel Doctrine,,2020-05-30 23:01:32,Podcast,,3519000,,,Jared,
2022-01-04 02:36:31,True,792C9D8056F49E58,"372.1: Introspection and Atonement (BoM Gospel Doctrine Week 22, Reissued)",,True,,,,True,,https://egdhome.files.wordpress.com/2020/05/egd-bom-022.1.mp3,,12612,43261978,,,URL,Engaging Gospel Doctrine,,2020-06-01 01:58:04,Podcast,,5362000,,,Jared,
2022-01-04 02:36:31,True,D5516799D5111D3B,373.1: On Knowing and Sharing (BoM Gospel Doctrine Lesson 23),,True,,,,True,,https://egdhome.files.wordpress.com/2020/06/egd-bom-23.1.mp3,,12614,60610478,,,URL,Engaging Gospel Doctrine,,2020-06-09 02:33:13,Podcast,,3008000,,,Jared,
2022-01-04 02:36:31,True,B108C29D7E14EEC8,374: Sustainable Sunday School (Bonus Episode),,True,,,,True,,https://egdhome.files.wordpress.com/2020/06/egd-bom-23.3.mp3,,12616,10617640,,,URL,Engaging Gospel Doctrine,,2020-06-13 00:47:30,Podcast,,654000,,,Jared,
2022-01-04 02:36:31,True,B9069D42EDB27BE5,"375.1: Theodicy of the Unbearable (Come Follow Me Week 23, Reissued)",,True,,,,True,,https://egdhome.files.wordpress.com/2020/06/egd-bom-023.1.mp3,,12618,133667953,,,URL,Engaging Gospel Doctrine,,2020-06-15 14:54:05,Podcast,,6654000,,,Jared,
2022-01-04 02:36:31,True,7F13BA3B5842CA44,"376.1: Mission of the Sons of Mosiah (BoM Gospel Doctrine Lesson 25, Reissued)",,True,,,,True,,https://egdhome.files.wordpress.com/2020/06/egd-bom-025.2.mp3,,12620,77468930,,,URL,Engaging Gospel Doctrine,,2020-06-27 18:30:28,Podcast,,3847000,,,Jared,
2022-01-04 02:36:31,True,3FA91C6D31B2707A,"376.2: Mission of the Sons of Mosiah (BoM Gospel Doctrine Lesson 25, Updated)",,True,,,,True,,https://egdhome.files.wordpress.com/2020/06/egd-bom-025.1.mp3,,12622,41009261,,,URL,Engaging Gospel Doctrine,,2020-06-27 18:42:29,Podcast,,2033000,,,Jared,
2022-01-04 02:36:31,True,A7CB6A2FC8C35D57,"377.1: Burying Our Weapons of War (BoM Gospel Doctrine Lesson 26, Reissued)",,True,,,,True,,https://egdhome.files.wordpress.com/2020/07/egd-bom-026.1.mp3,,12624,83114004,,,URL,Engaging Gospel Doctrine,,2020-07-02 18:18:38,Podcast,,4127000,,,Jared,
2022-01-04 02:36:31,True,9DEFD9FF806A9BB2,"377.2: Burying Our Weapons of War (BoM Gospel Doctrine Lesson 26, Core Reissued)",,True,,,,True,,https://egdhome.files.wordpress.com/2020/07/egd-bom-026.2.mp3,,12626,50393351,,,URL,Engaging Gospel Doctrine,,2020-07-02 18:35:08,Podcast,,2500000,,,Jared,
2022-01-04 02:36:31,True,F6F601C1B44BF62E,"378.1: Conversations about God (BoM Gospel Doctrine Lesson 27, Reissued)",,True,,,,True,,https://egdhome.files.wordpress.com/2020/07/egd-bom-027.1.mp3,,12628,97832655,,,URL,Engaging Gospel Doctrine,,2020-07-08 00:55:18,Podcast,,4862000,,,Jared,
2022-01-04 02:36:31,True,4927978E749093A1,"378.2: Conversations about God (BoM Gospel Doctrine Lesson 27, Reissued)",,True,,,,True,,https://egdhome.files.wordpress.com/2020/07/egd-bom-027.2.mp3,,12630,34359606,,,URL,Engaging Gospel Doctrine,,2020-07-08 00:59:23,Podcast,,1702000,,,Jared,
2022-01-04 02:36:31,True,AE84282DD7E2810A,"379.1: July 19; Experiment upon the Word (Come Follow Me Week 29, Reissued)",,True,,,,True,,https://egdhome.files.wordpress.com/2020/07/egd-bom-028.1.mp3,,12632,104423349,,,URL,Engaging Gospel Doctrine,,2020-07-14 17:43:47,Podcast,,5191000,,,Jared,
2022-01-04 02:36:31,True,4B8EB16962C6F5C9,"379.2: July 19; Experiment upon the Word (Come Follow Me Week 29, Reissued)",,True,,,,True,,https://egdhome.files.wordpress.com/2020/07/egd-bom-028.2.mp3,,12634,32204208,,,URL,Engaging Gospel Doctrine,,2020-07-14 18:12:24,Podcast,,1595000,,,Jared,
2022-01-04 02:36:31,True,0BCE7C81CAE307AA,380.1: July 26; Atonement and Character (Come Follow Me BoM Week 30),,True,,,,True,,https://egdhome.files.wordpress.com/2020/07/egd-bom-029.1.mp3,,12636,90298356,,,URL,Engaging Gospel Doctrine,,2020-07-21 18:43:10,Podcast,,4507000,,,Jared,
2022-01-04 02:36:31,True,9E16A3554C2714C3,380.2: July 26; Atonement and Character (Come Follow Me BoM Week 30),,True,,,,True,,https://egdhome.files.wordpress.com/2020/07/egd-bom-029.2.mp3,,12638,31625077,,,URL,Engaging Gospel Doctrine,,2020-07-21 18:46:10,Podcast,,1566000,,,Jared,
2022-01-04 02:36:31,True,EB910AD671937D8C,381: Challenge and be Challenged by the Scriptures (Bonus Episode),,True,,,,True,,https://egdhome.files.wordpress.com/2020/07/egd-bom-029.3.mp3,,12640,53096365,,,URL,Engaging Gospel Doctrine,,2020-07-22 17:43:11,Podcast,,2634000,,,Jared,
2022-01-04 02:36:31,True,FCB11D2FC681CFC9,"382.1: Laws of Reality (Come Follow Me BoM Week 31, Reissued)",,True,,,,True,,https://egdhome.files.wordpress.com/2020/07/egd-bom-031.1.mp3,,12642,90612416,,,URL,Engaging Gospel Doctrine,,2020-07-29 00:26:47,Podcast,,4501000,,,Jared,
2022-01-04 02:36:31,True,862AF6D0CAFDCC96,"382.2: Laws of Reality (Come Follow Me BoM Week 31, Reissued)",,True,,,,True,,https://egdhome.files.wordpress.com/2020/07/egd-bom-031.2.mp3,,12644,26001015,,,URL,Engaging Gospel Doctrine,,2020-07-29 00:37:59,Podcast,,1286000,,,Jared,
2022-01-04 02:36:31,True,A48BD785E44492B1,383: August 16; Alma (Come Follow Me Catch Up!),,True,,,,True,,https://egdhome.files.wordpress.com/2020/08/egd-bom-033.1.mp3,,12646,167058155,,,URL,Engaging Gospel Doctrine,,2020-08-03 15:48:15,Podcast,,6954000,,,Jared,
2022-01-04 02:36:31,True,A75A783644DCE373,"383.2: Aug 9; Freedom and War (Come Follow Me BoM Week 32, Reissued)",,True,,,,True,,https://egdhome.files.wordpress.com/2020/08/egd-bom-032.2.mp3,,12648,48468942,,,URL,Engaging Gospel Doctrine,,2020-08-08 20:02:47,Podcast,,4026000,,,Jared,
2022-01-04 02:36:31,True,AA958DF5F68056B5,"384.2: Aug 9; Ethics and War (Come Follow Me BoM Week 33, Reissued)",,True,,,,True,,https://egdhome.files.wordpress.com/2020/08/egd-bom-033.2.mp3,,12650,57588174,,,URL,Engaging Gospel Doctrine,,2020-08-14 02:00:52,Podcast,,4763000,,,Jared,
2022-01-04 02:36:31,True,F505335AED503AF0,"385: Aug 24; The Beginning of the End (Come Follow Me BoM 34, Reissued)",,True,,,,True,,https://egdhome.files.wordpress.com/2020/08/egd-bom-034.2-1.mp3,,12652,50073945,,,URL,Engaging Gospel Doctrine,,2020-08-22 18:29:36,Podcast,,4139000,,,Jared,
2022-01-04 02:36:31,True,4BEF6A2035759359,"386: The Limitations of Human Nature (Come Follow Me BoM Week 35, Reissued)",,True,,,,True,,https://egdhome.files.wordpress.com/2020/08/egd-bom-035.2.mp3,,12654,52818862,,,URL,Engaging Gospel Doctrine,,2020-08-29 21:23:37,Podcast,,4367000,,,Jared,
2022-01-04 02:36:31,True,42C5FB0426890F24,"387: Insiders and Outsiders (Come Follow Me BoM Week 36, Reissued)",,True,,,,True,,https://egdhome.files.wordpress.com/2020/08/egd-bom-036.2.mp3,,12656,61721333,,,URL,Engaging Gospel Doctrine,,2020-09-03 02:42:54,Podcast,,5105000,,,Jared,
2022-01-04 02:36:31,True,2C14FAA640DC4E23,388: From Unity to Collapse (BoM Gospel Doctrine Lesson 36),,True,,,,True,,https://egdhome.files.wordpress.com/2020/09/egd-bom-037.2.mp3,,12658,63347988,,,URL,Engaging Gospel Doctrine,,2020-09-16 21:26:08,Podcast,,5240000,,,Jared,
2022-01-04 02:36:31,True,458172D6BEF044B2,389: A Broken Heart and Contrite Spirit (BoM Gospel Doctrine Lesson 38),,True,,,,True,,https://egdhome.files.wordpress.com/2020/10/egd-bom-038.2-1.mp3,,12660,68491239,,,URL,Engaging Gospel Doctrine,,2020-10-28 20:04:34,Podcast,,5694000,,,Jared,
2022-01-04 02:36:31,True,256690A8931B5344,390: All Things New (BoM Gospel Doctrine Lesson 39),,True,,,,True,,https://egdhome.files.wordpress.com/2020/11/egd-bom-039.2.mp3,,12662,72206961,,,URL,Engaging Gospel Doctrine,,2020-11-10 20:27:14,Podcast,,5975000,,,Jared,
2022-01-04 02:36:31,True,C7325B5CE2682F56,391: One by One (Come Follow Me BoM Gospel Doctrine Lesson 40),,True,,,,True,,https://egdhome.files.wordpress.com/2020/11/egd-bom-040.2.mp3,,12664,125864139,,,URL,Engaging Gospel Doctrine,,2020-11-10 21:01:59,Podcast,,6263000,,,Jared,
2022-01-04 02:36:31,True,510194E81F95D8F7,"392: Gathering and Scattering (Come Follow Me, BoM Gospel Doctrine Lesson 41)",,True,,,,True,,https://egdhome.files.wordpress.com/2020/11/egd-bom-041.2.mp3,,12666,114293461,,,URL,Engaging Gospel Doctrine,,2020-11-10 21:22:26,Podcast,,5685000,,,Jared,
2022-01-04 02:36:31,True,7A61E9824A052894,"392.2: All Things Revealed (Come Follow Me, BoM Gospel Doctrine Lesson 41, Part 2)",,True,,,,True,,https://egdhome.files.wordpress.com/2020/11/egd-bom-041.3.mp3,,12668,116663290,,,URL,Engaging Gospel Doctrine,,2020-11-11 22:44:12,Podcast,,5803000,,,Jared,
2022-01-04 02:36:31,True,A53F3BCB8D04BF98,"393: Utopia and Collapse (Come Follow Me, BoM Gospel Doctrine Lesson 42)",,True,,,,True,,https://egdhome.files.wordpress.com/2020/11/egd-bom-042.2.mp3,,12670,137670963,,,URL,Engaging Gospel Doctrine,,2020-11-11 23:35:56,Podcast,,6854000,,,Jared,
2022-01-04 02:36:31,True,8CA9B312DF188E46,394: The Problem of Evil (BoM Come Follow Me Week 43),,True,,,,True,,https://egdhome.files.wordpress.com/2020/11/egd-bom-043.2.mp3,,12672,129459632,,,URL,Engaging Gospel Doctrine,,2020-11-18 04:22:03,Podcast,,6443000,,,Jared,
2022-01-04 02:36:31,True,9DEC0518D0309297,395: Last Nephite Standing (BoM Come Follow Me Week 44),,True,,,,True,,https://egdhome.files.wordpress.com/2020/11/egd-bom-044.2.mp3,,12674,86256928,,,URL,Engaging Gospel Doctrine,,2020-11-18 04:32:26,Podcast,,4284000,,,Jared,
2022-01-04 02:36:31,True,11845B86D82FB180,396: Journey to the Promised Land (BoM Come Follow Me Week 45),,True,,,,True,,https://egdhome.files.wordpress.com/2020/11/egd-bom-045.2.mp3,,12676,102511714,,,URL,Engaging Gospel Doctrine,,2020-11-18 04:41:11,Podcast,,5096000,,,Jared,
2022-01-04 02:36:31,True,3A4C7829F00A1A6F,397: Nov 22-29; An Eye of Faith (BoM Come Follow Me Week 46),,True,,,,True,,https://egdhome.files.wordpress.com/2020/11/egd-bom-046.2.mp3,,12678,101532122,,,URL,Engaging Gospel Doctrine,,2020-11-18 05:02:01,Podcast,,5047000,,,Jared,
2022-01-04 02:36:31,True,824C739D9E00CC09,398: Dec. 6; Remembered and Nourished (Come Follow Me Week 48),,True,,,,True,,https://egdhome.files.wordpress.com/2020/12/egd-bom-048.2.mp3,,12680,46114603,,,URL,Engaging Gospel Doctrine,,2020-12-05 18:17:27,Podcast,,5717000,,,Jared,
2022-01-04 02:36:31,True,ADAD8CCBC5E02E56,"399: Dec 20; Faith, Hope, Love (Come Follow Me Week 50)",,True,,,,True,,https://egdhome.files.wordpress.com/2020/12/egd-bom-049.2.mp3,,12682,133982996,,,URL,Engaging Gospel Doctrine,,2020-12-05 18:25:56,Podcast,,6669000,,,Jared,
2022-01-04 02:36:31,True,BEE42B8AA297EB61,400: Re-Engaging Gospel Doctrine (Come Follow Me Bonus Episode),,True,,,,True,,https://egdhome.files.wordpress.com/2021/03/egd-dc-01.1.mp3,,12684,4479910,,,URL,Engaging Gospel Doctrine,,2021-03-07 00:17:00,Podcast,,270000,,,Jared,
2022-01-04 02:36:31,True,46F5070B717DA7C2,"401: March 7; True and Living Church (Come Follow Me Week 10, Reissued)",,True,,,,True,,https://egdhome.files.wordpress.com/2021/03/egd-dcch-09.2.mp3,,12686,104919159,,,URL,Engaging Gospel Doctrine,,2021-03-07 04:12:05,Podcast,,5216000,,,Jared,
2022-01-04 02:36:31,True,AE733FE27E213E3E,402: Easter (Come Follow Me D&C Week 14),,True,,,,True,,https://egdhome.files.wordpress.com/2021/04/egd-dc-14.1.mp3,,12688,33799746,,,URL,Engaging Gospel Doctrine,,2021-04-04 04:54:50,Podcast,,2102000,,,Jared,
2022-01-04 02:36:31,True,D16BE95A2AFC0EA5,403: Easter (Reissued),,True,,,,True,,https://egdhome.files.wordpress.com/2020/04/egd-bom-13.1-1.mp3,,12690,75799693,,,URL,Engaging Gospel Doctrine,,2021-04-04 05:17:24,Podcast,,3152000,,,Jared,
2022-01-04 02:36:31,True,AEBEA99BABCBAD74,404: Perspective and Potential (Old Testament Lesson 1; January 2),,True,,,,True,,https://egdhome.files.wordpress.com/2021/12/egd-ot-001.mp3,,12692,45120589,,,URL,Engaging Gospel Doctrine,,2021-12-09 03:20:25,Podcast,,2810000,,,Jared,
2022-01-04 02:36:31,True,FD74F038D7088CD9,405: Fall and Freedom (Old Testament Lesson 3; January 16),,True,,,,True,,https://egdhome.files.wordpress.com/2021/12/egd-ot-003.mp3,,12694,53539123,,,URL,Engaging Gospel Doctrine,,2021-12-23 18:26:50,Podcast,,3336000,,,Jared,
2022-05-21 03:06:44,True,F3D7D011389565E9,406: The World Who Weeps (Old Testament Lesson 6; February 6),,True,,,,True,,https://egdhome.files.wordpress.com/2022/02/egd-ot-006.mp3,,16830,42753686,,,URL,Engaging Gospel Doctrine,,2022-02-06 01:45:58,Podcast,,2662000,,,Jared,
2022-05-21 03:06:44,True,EB7BE960817A3D1B,407: Finding Your Fit (Old Testament Lesson 10; March 6),,True,,,,True,,https://egdhome.files.wordpress.com/2022/03/egd-ot-010.mp3,,16832,52103024,,,URL,Engaging Gospel Doctrine,,2022-03-05 01:34:21,Podcast,,2252000,,,Jared,
2022-05-21 03:06:44,True,ED283F44990F909F,408: Reversals and Fortunes (Old Testament Week 12; March 20),,True,,,,True,,https://egdhome.files.wordpress.com/2022/03/egd-ot-012.mp3,,16834,108100106,,,URL,Engaging Gospel Doctrine,,2022-03-20 02:55:35,Podcast,,3235000,,,Jared,
2022-05-21 03:06:44,True,29D14E74C44CE130,409: Deliverance and Resurrection (April 17; Old Testament Lesson 16),,True,,,,True,,https://egdhome.files.wordpress.com/2022/04/egd-ot-016.mp3,,16836,50491364,,,URL,Engaging Gospel Doctrine,,2022-04-12 18:43:32,Podcast,,3146000,,,Jared,
2022-08-20 21:46:11,True,769910193BC55552,"410: Judging Judges (June 5; Come Follow Me OT Week 19, Reissued)",,True,,,,True,,https://egdhome.files.wordpress.com/2022/06/egd-ot-19.1.mp3,,37344,17343586,,,URL,Engaging Gospel Doctrine,,2022-06-04 20:59:39,Podcast,,855000,,,Jared,
2022-08-20 21:46:11,True,13BDBA9F46918061,411: Looking Back and Looking Forward,,True,,,,True,,https://egdhome.files.wordpress.com/2022/07/egd-411.mp3,,37346,39275848,,,URL,Engaging Gospel Doctrine,,2022-07-18 20:49:19,Podcast,,2445000,,,Jared,
