date_added,persistent_id,name,kind,podcast,bitrate,play_date_utc,unplayed,location,file_folder_count,track_id,size,library_folder_count,track_type,album,sort_name,date_modified,release_date,genre,sample_rate,total_time,play_date,year
2022-01-04 02:36:47,5C6CBD5A0840F347,How I Melted My Breast Lumps... And You Can Too! [Episode #1],,True,,,True,https://traffic.libsyn.com/secure/forbiddendoctor/01_FDPE01__Melting_Breast_Lumps.mp3?dest-id=228963,,16084,26634970,,URL,Forbidden Doctor: Revealing Forbidden Health Secrets!,,,2014-11-11 22:26:37,Podcast,,2201000,,
2022-01-04 02:36:47,569F7DFE6D1CD997,How To Avoid Cutting Out The Prostate [Episode #2],,True,,,True,https://traffic.libsyn.com/secure/forbiddendoctor/02_FDPE02__Dont_Cut_Out_the_Prostate.mp3?dest-id=228963,,16086,32706803,,URL,Forbidden Doctor: Revealing Forbidden Health Secrets!,,,2014-11-23 03:00:47,Podcast,,2695000,,
2022-01-04 02:36:47,0BFD45824857CBBA,The Healing Triad [Episode #3],,True,,2015-02-24 21:57:14,True,https://traffic.libsyn.com/secure/forbiddendoctor/03_FDPE03__The_Healing_Triad.mp3?dest-id=228963,,16088,31271533,,URL,Forbidden Doctor: Revealing Forbidden Health Secrets!,Healing Triad [Episode #3],,2014-11-23 20:29:29,Podcast,,2576000,3507634634,
2022-01-04 02:36:47,2ABD32C854F65124,What's Happening In Your Gut And Why You Should Care [Episode #4],,True,,2015-03-05 23:43:40,True,https://traffic.libsyn.com/secure/forbiddendoctor/04_Intro_To_The_Gut_4.mp3?dest-id=228963,,16090,63214591,,URL,Forbidden Doctor: Revealing Forbidden Health Secrets!,,,2015-02-27 17:00:00,Podcast,,2617000,3508418620,
2022-01-04 02:36:47,C35035133DB741C9,Power Up Your Immune System So You Won't Get Ebola [Episode #5],,True,,,True,https://traffic.libsyn.com/secure/forbiddendoctor/05_Ebola__Disease_Prevention_5.mp3?dest-id=228963,,16092,27241450,,URL,Forbidden Doctor: Revealing Forbidden Health Secrets!,,,2015-03-06 17:00:00,Podcast,,2236000,,
2022-01-04 02:36:47,9CB73FA18133FB5E,How To Strengthen Your Immunity - Part 1 [Episode #6],,True,,,True,https://traffic.libsyn.com/secure/forbiddendoctor/06_Forbidden_Immunity_Part_1_6.mp3?dest-id=228963,,16094,29800264,,URL,Forbidden Doctor: Revealing Forbidden Health Secrets!,,,2015-03-13 16:00:00,Podcast,,2449000,,
2022-01-04 02:36:47,59B673A46E10A00A,How To Strengthen Your Immunity - Part 2 [Episode #7],,True,,,True,https://traffic.libsyn.com/secure/forbiddendoctor/07_Forbidden_Immunity_Part_2_7.mp3?dest-id=228963,,16096,27278716,,URL,Forbidden Doctor: Revealing Forbidden Health Secrets!,,,2015-03-20 17:00:00,Podcast,,2239000,,
2022-01-04 02:36:47,D94E0F5638C9BCA9,Does Nature Prefer Girls Over Boys? [Episode #8],,True,,,True,https://traffic.libsyn.com/secure/forbiddendoctor/08_Why_Baby_Boys_Die_8.mp3?dest-id=228963,,16098,21156664,,URL,Forbidden Doctor: Revealing Forbidden Health Secrets!,,,2015-03-27 01:19:01,Podcast,,1728000,,
2022-01-04 02:36:47,A59FCC9357C4C78B,The Ultimate Pain Remedy - NUCCA (Part 1) [Episode #9],,True,,,True,https://traffic.libsyn.com/secure/forbiddendoctor/09_Forbidden_Pain_Remedy_9.mp3?dest-id=228963,,16100,22044404,,URL,Forbidden Doctor: Revealing Forbidden Health Secrets!,Ultimate Pain Remedy - NUCCA (Part 1) [Episode #9],,2015-04-03 16:00:00,Podcast,,1802000,,
2022-01-04 02:36:47,48CD6D28FE8629F5,The Ultimate Pain Remedy - NUCCA (Part 2) [Episode #10],,True,,,True,https://traffic.libsyn.com/secure/forbiddendoctor/10_Forbidden_Pain_Remedy__NUCCA_Part_2_10.mp3?dest-id=228963,,16102,26054304,,URL,Forbidden Doctor: Revealing Forbidden Health Secrets!,Ultimate Pain Remedy - NUCCA (Part 2) [Episode #10],,2015-04-10 23:58:34,Podcast,,2137000,,
2022-01-04 02:36:47,16246443C38A6813,Avoiding Colon Cancer Is Easier Than You Think [Episode #11],,True,,,True,https://traffic.libsyn.com/secure/forbiddendoctor/11_Do_You_Want_Colon_Cancer_11.mp3?dest-id=228963,,16104,38722543,,URL,Forbidden Doctor: Revealing Forbidden Health Secrets!,,,2015-04-16 23:32:14,Podcast,,3192000,,
2022-01-04 02:36:47,92F032A0020634FD,Breastfeeding And Infertility - Are They Connected? [Episode #12],,True,,,True,https://traffic.libsyn.com/secure/forbiddendoctor/12_Breast_Feeding_Infertility_and_Death_12.mp3?dest-id=228963,,16106,42024003,,URL,Forbidden Doctor: Revealing Forbidden Health Secrets!,,,2015-04-24 18:06:34,Podcast,,3467000,,
2022-01-04 02:36:47,6C9BD8D1A270CC05,Eliminating Hemorrhoids Once And For All [Episode #13],,True,,,True,https://traffic.libsyn.com/secure/forbiddendoctor/13_Eh_Hemorroids_13.mp3?dest-id=228963,,16108,30046337,,URL,Forbidden Doctor: Revealing Forbidden Health Secrets!,,,2015-05-01 18:43:49,Podcast,,2469000,,
2022-01-04 02:36:47,ED7EF1AEEB9A8D97,We All Face Death. Here's How To Prepare [Episode #14],,True,,,True,https://traffic.libsyn.com/secure/forbiddendoctor/14_How_We_Die_14.mp3?dest-id=228963,,16110,38007221,,URL,Forbidden Doctor: Revealing Forbidden Health Secrets!,,,2015-05-08 18:58:59,Podcast,,3133000,,
2022-01-04 02:36:47,86A00C50ECBC2A86,"The Safe Way To Cleansing, Detoxification & Weight Loss  [Episode #15]",,True,,,True,https://traffic.libsyn.com/secure/forbiddendoctor/15_Cleansing_Detoxification_the_Right_Way_15.mp3?dest-id=228963,,16112,32750323,,URL,Forbidden Doctor: Revealing Forbidden Health Secrets!,"Safe Way To Cleansing, Detoxification & Weight Loss  [Episode #15]",,2015-05-15 17:07:04,Podcast,,2695000,,
2022-01-04 02:36:47,F3570ED4BC642044,The Five Minute Forgiveness Exercise That Will Save Your Sanity [Episode #16],,True,,,True,https://traffic.libsyn.com/secure/forbiddendoctor/16_The_Five_Minute_Forgiveness_Cure_16.mp3?dest-id=228963,,16114,41951406,,URL,Forbidden Doctor: Revealing Forbidden Health Secrets!,Five Minute Forgiveness Exercise That Will Save Your Sanity [Episode #16],,2015-05-22 17:59:22,Podcast,,3461000,,
2022-01-04 02:36:47,11FF76E928053458,The Forbidden Approach to Reversing Autism [Episode #17],,True,,,True,https://traffic.libsyn.com/secure/forbiddendoctor/FDR17_Forbidden_Autism_Cure_17.mp3?dest-id=228963,,16116,41706693,,URL,Forbidden Doctor: Revealing Forbidden Health Secrets!,Forbidden Approach to Reversing Autism [Episode #17],,2015-05-28 22:46:27,Podcast,,3433000,,
2022-01-04 02:36:47,64569255275BF59D,How To Prevent Blood Clots And Edema On Your Next Flight [Episode #18],,True,,,True,https://traffic.libsyn.com/secure/forbiddendoctor/18_Blood_Clots_Edema_and_Airplanes_18.mp3?dest-id=228963,,16118,29748243,,URL,Forbidden Doctor: Revealing Forbidden Health Secrets!,,,2015-06-05 18:35:49,Podcast,,2450000,,
2022-01-04 02:36:47,6CB6701E9AB56A70,The REAL Cause of Heart Attacks [Episode #19],,True,,,True,https://traffic.libsyn.com/secure/forbiddendoctor/FDR19Forbidden_Cause_of_Heart_Attack_19.mp3?dest-id=228963,,16120,40175396,,URL,Forbidden Doctor: Revealing Forbidden Health Secrets!,REAL Cause of Heart Attacks [Episode #19],,2015-06-12 17:06:14,Podcast,,3305000,,
2022-01-04 02:36:47,C74F39EBC78B19DF,How To Avoid Skin Cancer [Episode #20],,True,,,True,https://traffic.libsyn.com/secure/forbiddendoctor/20_How_to_REALLY_Prevent_Skin_Cancer_20v2.mp3?dest-id=228963,,16122,36894629,,URL,Forbidden Doctor: Revealing Forbidden Health Secrets!,,,2015-06-19 18:51:13,Podcast,,3046000,,
2022-01-04 02:36:47,331A7D801F5ADDE1,Restless Legs and How to  Stop the Shaking and Pain Forever [Episode #21],,True,,,True,https://traffic.libsyn.com/secure/forbiddendoctor/21_Restless_Legs_and_How_to_Stop_the_Shaking_and_Pain_Forever_21.mp3?dest-id=228963,,16124,33029711,,URL,Forbidden Doctor: Revealing Forbidden Health Secrets!,,,2015-06-26 17:32:21,Podcast,,2717000,,
2022-01-04 02:36:47,4105BDCFBDDA63D3,"Urinary Incontinence, Chicken Neck,  and How To Fix Them Both [Episode #22]",,True,,,True,https://traffic.libsyn.com/secure/forbiddendoctor/22_Urinary_Incontinence_Chicken_Neck_and_How_To_Fix_Them_Both_22.mp3?dest-id=228963,,16126,27533967,,URL,Forbidden Doctor: Revealing Forbidden Health Secrets!,,,2015-07-03 13:41:09,Podcast,,2259000,,
2022-01-04 02:36:47,87077A5BEC3B39B9,The Secret Cure To Migraines That Your Doctor Doesn't Know About [Episode #23],,True,,,True,https://traffic.libsyn.com/secure/forbiddendoctor/23_Forbidden_Migraine_Cure_23.mp3?dest-id=228963,,16128,40765196,,URL,Forbidden Doctor: Revealing Forbidden Health Secrets!,Secret Cure To Migraines That Your Doctor Doesn't Know About [Episode #23],,2015-07-10 15:37:37,Podcast,,3362000,,
2022-01-04 02:36:47,94C82F736D66ADD1,One Supplement That Will Change the World Forever [Episode #24],,True,,,True,https://traffic.libsyn.com/secure/forbiddendoctor/24v2_One_Supplement_that_will_Change_the_World_Forever_24.mp3?dest-id=228963,,16130,48728576,,URL,Forbidden Doctor: Revealing Forbidden Health Secrets!,,,2015-07-17 17:45:38,Podcast,,4025000,,
2022-01-04 02:36:47,D80943B9C78922CE,"Diabetes, Amputations, and eHarmony™ [Episode #25]",,True,,,True,https://traffic.libsyn.com/secure/forbiddendoctor/25_Diabetes_Amputations_and_eHarmony_25.mp3?dest-id=228963,,16132,51329356,,URL,Forbidden Doctor: Revealing Forbidden Health Secrets!,,,2015-07-24 16:06:17,Podcast,,4248000,,
2022-01-04 02:36:47,CFA71CB46D752250,"If You’re Gaining Weight, Depressed, and Have No Energy, It’s Probably Your Thyroid - Part 3  [Episode #28]",,True,,,True,https://traffic.libsyn.com/secure/forbiddendoctor/2620Thyroid20and20Weight20Loss20232620Part20III.mp3?dest-id=228963,,16134,26446788,,URL,Forbidden Doctor: Revealing Forbidden Health Secrets!,,,2015-07-31 16:00:00,Podcast,,2175000,,
2022-01-04 02:36:47,DB5D1580A77C1BA5,"If You’re Gaining Weight, Depressed, and Have No Energy, It’s Probably Your Thyroid - Part 2  [Episode #27]",,True,,,True,https://traffic.libsyn.com/secure/forbiddendoctor/2620Thyroid20and20Weight20Loss20232620Part20II.mp3?dest-id=228963,,16136,28315378,,URL,Forbidden Doctor: Revealing Forbidden Health Secrets!,,,2015-07-31 16:00:00,Podcast,,2330000,,
2022-01-04 02:36:47,CEFAA749FDF6C66A,"If You’re Gaining Weight, Depressed, and Have No Energy, It’s Probably Your Thyroid - Part 1 [Episode #26]",,True,,,True,https://traffic.libsyn.com/secure/forbiddendoctor/2620Thyroid20and20Weight20Loss20232620Part20I.mp3?dest-id=228963,,16138,30604330,,URL,Forbidden Doctor: Revealing Forbidden Health Secrets!,,,2015-07-31 16:00:00,Podcast,,2521000,,
2022-01-04 02:36:47,83E11589B74A1D94,The Answer To Heartburn and Acid Reflux [Episode #29],,True,,,True,https://traffic.libsyn.com/secure/forbiddendoctor/2720The20Forbidden20Cure20for20Heartburn20and20Acid20Refulx202327.mp3?dest-id=228963,,16140,19626630,,URL,Forbidden Doctor: Revealing Forbidden Health Secrets!,Answer To Heartburn and Acid Reflux [Episode #29],,2015-08-07 16:00:00,Podcast,,1606000,,
2022-01-04 02:36:47,59890023D2802738,The Forbidden Mineral That Helps You Avoid Cancer [Episode #30],,True,,,True,https://traffic.libsyn.com/secure/forbiddendoctor/2820The20Forbidden20Mineral20That20Prevents20Cancer202328.mp3?dest-id=228963,,16142,47026715,,URL,Forbidden Doctor: Revealing Forbidden Health Secrets!,Forbidden Mineral That Helps You Avoid Cancer [Episode #30],,2015-08-14 19:10:47,Podcast,,3889000,,
2022-01-04 02:36:47,169CD312CAB683DE,How To Avoid Breast Cancer [Episode #31],,True,,,True,https://traffic.libsyn.com/secure/forbiddendoctor/2920Breast20Cancer27s20Forbidden20Prevention202329.mp3?dest-id=228963,,16144,39974284,,URL,Forbidden Doctor: Revealing Forbidden Health Secrets!,,,2015-08-21 16:00:00,Podcast,,3302000,,
2022-01-04 02:36:47,DC698003CC489A28,The Breast Cancer Prevention Cheat Sheet [Episode #32],,True,,,True,https://traffic.libsyn.com/secure/forbiddendoctor/3020Breast20Cancer20Cheat20Sheet202330.mp3?dest-id=228963,,16146,34400787,,URL,Forbidden Doctor: Revealing Forbidden Health Secrets!,Breast Cancer Prevention Cheat Sheet [Episode #32],,2015-08-28 16:00:00,Podcast,,2837000,,
2022-01-04 02:36:47,ED634B6746256122,Forbidden Doctor Stories [Episode #33],,True,,,True,https://traffic.libsyn.com/secure/forbiddendoctor/3120Forbidden20Doctor20Stories202331.mp3?dest-id=228963,,16148,26308459,,URL,Forbidden Doctor: Revealing Forbidden Health Secrets!,,,2015-09-01 17:38:01,Podcast,,2163000,,
2022-01-04 02:36:47,6E0A27373F2552A6,Vaccines Part One: Why Are Children Dying?  [Episode #34],,True,,,True,https://traffic.libsyn.com/secure/forbiddendoctor/FDR32.mp3?dest-id=228963,,16150,34670877,,URL,Forbidden Doctor: Revealing Forbidden Health Secrets!,,,2015-09-11 14:14:29,Podcast,,2861000,,
2022-01-04 02:36:47,3FBAEF533AC66CA9,Vaccines Part Two: What is in a Vaccine? [Episode #35],,True,,,True,https://traffic.libsyn.com/secure/forbiddendoctor/FDR33.mp3?dest-id=228963,,16152,42611997,,URL,Forbidden Doctor: Revealing Forbidden Health Secrets!,,,2015-09-18 16:00:00,Podcast,,3522000,,
2022-01-04 02:36:47,BE31E1D2F56DFC33,Vaccinations Part three:  The Rise of Autoimmune Disease? [Episode #36],,True,,,True,https://traffic.libsyn.com/secure/forbiddendoctor/FDR34.mp3?dest-id=228963,,16154,43370906,,URL,Forbidden Doctor: Revealing Forbidden Health Secrets!,,,2015-09-24 17:56:21,Podcast,,3586000,,
2022-01-04 02:36:47,128D792B3E70B14D,Reduce Insulin Intake By Half  [Episode #37],,True,,,True,https://traffic.libsyn.com/secure/forbiddendoctor/37_Reduce_Insulin_Intake_By_Half_In_2_Weeks_37.mp3?dest-id=228963,,16156,29896201,,URL,Forbidden Doctor: Revealing Forbidden Health Secrets!,,,2015-10-02 16:00:00,Podcast,,2462000,,
2022-01-04 02:36:47,7C3A89C3A2D93E11,3 All-American Foods You Must Stop Eating… And What To Eat Instead! [Episode #38],,True,,,True,https://traffic.libsyn.com/secure/forbiddendoctor/38_38__3_All-American_foods_you_should_STOP_eating..._and_what_to_have_instead.mp3?dest-id=228963,,16158,23983515,,URL,Forbidden Doctor: Revealing Forbidden Health Secrets!,,,2015-10-09 16:00:00,Podcast,,2356000,,
2022-01-04 02:36:47,1271D869FA74EF40,6 Snacks You Think Are Healthy... That Are Anything But! [Episode #39],,True,,,True,https://traffic.libsyn.com/secure/forbiddendoctor/39_39__6_Snacks_You_Think_Are_Healthy..._That_Are_Anything_But.mp3?dest-id=228963,,16160,26188230,,URL,Forbidden Doctor: Revealing Forbidden Health Secrets!,,,2015-10-16 16:00:00,Podcast,,2583000,,
2022-01-04 02:36:47,DF9365F989A5501B,7 Foods You Thought Are Bad For You...That Will Save Your Life [Episode #40],,True,,,True,https://traffic.libsyn.com/secure/forbiddendoctor/40_40__7_Foods_You_Think_Are_Bad_For_You_That_Will_Save_Your_Life.mp3?dest-id=228963,,16162,28064083,,URL,Forbidden Doctor: Revealing Forbidden Health Secrets!,,,2015-10-23 16:00:00,Podcast,,2771000,,
2022-01-04 02:36:47,E1BF3012FC7FF5AB,What If Soda Is Killing You? [Episode #41],,True,,,True,https://traffic.libsyn.com/secure/forbiddendoctor/41_41__What_if_soda_is_killing_you_.mp3?dest-id=228963,,16164,24433324,,URL,Forbidden Doctor: Revealing Forbidden Health Secrets!,,,2015-10-30 16:00:00,Podcast,,2408000,,
2022-01-04 02:36:47,CABFE77819E67146,Scientific Healing - Being Healthy Inside Out [Episode #42],,True,,,True,https://traffic.libsyn.com/secure/forbiddendoctor/42_42__Scientific_healing_-_staying_healthy_from_the_inside_out.mp3?dest-id=228963,,16166,29819508,,URL,Forbidden Doctor: Revealing Forbidden Health Secrets!,,,2015-11-06 17:00:00,Podcast,,2947000,,
2022-01-04 02:36:47,46CD3C879DCB1D49,Is Red Meat Really Cancerous? [Episode #43],,True,,,True,https://traffic.libsyn.com/secure/forbiddendoctor/43_43__Is_Red_Meat_REALLY_Cancerous_.mp3?dest-id=228963,,16168,32334593,,URL,Forbidden Doctor: Revealing Forbidden Health Secrets!,,,2015-11-13 17:00:00,Podcast,,3198000,,
2022-01-04 02:36:47,46708D3139253BC2,3 Steps To Stay Healthy And Prevent Cancer [Episode #44],,True,,,True,https://traffic.libsyn.com/secure/forbiddendoctor/44_44__3_Steps_to_avoid_cancer.mp3?dest-id=228963,,16170,18959891,,URL,Forbidden Doctor: Revealing Forbidden Health Secrets!,,,2015-11-20 17:00:00,Podcast,,1861000,,
2022-01-04 02:36:47,E2982430F0CCDE44,Why We Keep Getting Sicker... And How To Fix IT! [Episode #45],,True,,,True,https://traffic.libsyn.com/secure/forbiddendoctor/45_45__Why_We_Are_Sicker_Than_Our_Parents_And_Our_Kids_Are_Sicker_Than_We_Are..._And_How_To_Fix_IT.mp3?dest-id=228963,,16172,21833885,,URL,Forbidden Doctor: Revealing Forbidden Health Secrets!,,,2015-11-27 17:00:00,Podcast,,2148000,,
2022-01-04 02:36:47,92663F8475E220D6,Low Carb Diets - Are They Good For You? [Episode #46],,True,,,True,https://traffic.libsyn.com/secure/forbiddendoctor/46_46__Low_Carb_Diets_-_Are_They_Good_For_You_.mp3?dest-id=228963,,16174,18891450,,URL,Forbidden Doctor: Revealing Forbidden Health Secrets!,,,2015-12-04 17:00:00,Podcast,,1854000,,
2022-01-04 02:36:47,02CC4A1781F00842,How To Avoid Failure With Your Healthy Habits [Episode #47],,True,,,True,https://traffic.libsyn.com/secure/forbiddendoctor/47_47__Avoiding_Failure_With_Your_Healthy_Habits.mp3?dest-id=228963,,16176,21808573,,URL,Forbidden Doctor: Revealing Forbidden Health Secrets!,,,2015-12-11 17:00:00,Podcast,,2145000,,
2022-01-04 02:36:47,391044BFBCDA8BB6,3 New Year Resolutions That Will Make 2016 Your Healthiest Year Yet [Episode #48],,True,,,True,https://traffic.libsyn.com/secure/forbiddendoctor/48_48__3_New_Year_Resolutions_That_Will_Make_2016_Your_Healthiest_Year_Yet.mp3?dest-id=228963,,16178,17812589,,URL,Forbidden Doctor: Revealing Forbidden Health Secrets!,,,2015-12-18 17:00:00,Podcast,,1746000,,
2022-01-04 02:36:47,BFFFA26B43B8A949,9 Anti-Cancer Foods To Start The New Year With [Episode #49],,True,,,True,https://traffic.libsyn.com/secure/forbiddendoctor/49_49__9_Foods_That_Prevent_Cancer.mp3?dest-id=228963,,16180,26660524,,URL,Forbidden Doctor: Revealing Forbidden Health Secrets!,,,2016-01-01 17:00:00,Podcast,,2631000,,
2022-01-04 02:36:47,61BF7126B57B30C2,Enzymes And Their Role In Fighting Disease [Episode #50],,True,,,True,https://traffic.libsyn.com/secure/forbiddendoctor/50_50__Enzymes_and_their_role_in_preventing_disease.mp3?dest-id=228963,,16182,17520279,,URL,Forbidden Doctor: Revealing Forbidden Health Secrets!,,,2016-01-08 17:00:00,Podcast,,1717000,,
2022-01-04 02:36:47,C7DA4052D6B3BABE,7 Medical Myths That Are so Wrong They Will Blow Your Mind [Episode #51],,True,,,True,https://traffic.libsyn.com/secure/forbiddendoctor/51_51__7_Medical_myths_that_will_blow_your_mind.mp3?dest-id=228963,,16184,22554076,,URL,Forbidden Doctor: Revealing Forbidden Health Secrets!,,,2016-01-15 17:00:00,Podcast,,2220000,,
2022-01-04 02:36:47,1D46DC221F91B7EC,52: Being sick can save your life,,True,,,True,https://traffic.libsyn.com/secure/forbiddendoctor/52_52__Being_sick_can_save_your_life.mp3?dest-id=228963,,16186,23461830,,URL,Forbidden Doctor: Revealing Forbidden Health Secrets!,,,2016-01-22 17:00:00,Podcast,,2311000,,
2022-01-04 02:36:47,C32D2CE1F5EC7C94,53: Good Bacteria For The Win,,True,,,True,https://traffic.libsyn.com/secure/forbiddendoctor/53_53__Good_bacteria_for_the_win.mp3?dest-id=228963,,16188,26051087,,URL,Forbidden Doctor: Revealing Forbidden Health Secrets!,,,2016-01-29 17:00:00,Podcast,,2570000,,
2022-01-04 02:36:47,667C3A76D64EB282,3 Things You Should Stop Compromising On,,True,,,True,https://traffic.libsyn.com/secure/forbiddendoctor/54_54__3_Things_You_Should_Stop_Compromising_On.mp3?dest-id=228963,,16190,18335822,,URL,Forbidden Doctor: Revealing Forbidden Health Secrets!,,,2016-02-05 17:00:00,Podcast,,1798000,,
2022-01-04 02:36:47,87AB8C3ED2063DFF,The One Thing You Need To Recover After A Heart Attack,,True,,,True,https://traffic.libsyn.com/secure/forbiddendoctor/55_55__The_one_thing_you_should_do_after_a_heart_attack.mp3?dest-id=228963,,16192,18497781,,URL,Forbidden Doctor: Revealing Forbidden Health Secrets!,One Thing You Need To Recover After A Heart Attack,,2016-02-12 17:00:00,Podcast,,1814000,,
2022-01-04 02:36:47,CC7554F5B8FE010E,56: Animal-based protein vs. plant-based protein,,True,,,True,https://traffic.libsyn.com/secure/forbiddendoctor/56_56__Animal-based_proteins_vs._plant-based_proteins.mp3?dest-id=228963,,16194,32330401,,URL,Forbidden Doctor: Revealing Forbidden Health Secrets!,,,2016-02-19 17:00:00,Podcast,,3198000,,
2022-01-04 02:36:47,AE12F625DCAD0B4E,57: Are The Microbes In Your Gut Affecting Your Mental Health? - Part 1,,True,,,True,https://traffic.libsyn.com/secure/forbiddendoctor/57_57__Are_The_Microbes_In_Your_Gut_Affecting_Your_Mental_Health__-_Part_1.mp3?dest-id=228963,,16196,33140082,,URL,Forbidden Doctor: Revealing Forbidden Health Secrets!,,,2016-02-26 17:00:00,Podcast,,3279000,,
2022-01-04 02:36:47,41F159BE183F9836,Are The Microbes In Your Gut Affecting Your Mental Health? - Part 2,,True,,,True,https://traffic.libsyn.com/secure/forbiddendoctor/58_58__Are_The_Microbes_In_Your_Gut_Affecting_Your_Mental_Health__-_Part_2.mp3?dest-id=228963,,16198,32855869,,URL,Forbidden Doctor: Revealing Forbidden Health Secrets!,,,2016-03-04 17:00:00,Podcast,,3250000,,
2022-01-04 02:36:47,EDD4FA7731B01EAA,59: The answer to 97% of all Cancers,,True,,,True,https://traffic.libsyn.com/secure/forbiddendoctor/59_59__The_answer_to_97_of_all_Cancers.mp3?dest-id=228963,,16200,27544769,,URL,Forbidden Doctor: Revealing Forbidden Health Secrets!,,,2016-03-11 17:00:00,Podcast,,2719000,,
2022-01-04 02:36:47,5ACF926C2A64EBE0,"60: Grains, Celiac disease and leaky gut - 3rd strike and you're out!",,True,,,True,https://traffic.libsyn.com/secure/forbiddendoctor/60_60__Grains_Celiac_disease_and_leaky_gut_-_3rd_strike_and_youre_out.mp3?dest-id=228963,,16202,28462973,,URL,Forbidden Doctor: Revealing Forbidden Health Secrets!,,,2016-03-18 16:00:00,Podcast,,2811000,,
2022-01-04 02:36:47,9BF3F5709CE9B43A,"Ageless Thyroid, Better Sex, Weight Loss and Mental Clarity",,True,,,True,https://traffic.libsyn.com/secure/forbiddendoctor/61_61__Ageless_Thyroid_Better_Sex_Weight_Loss_and_Mental_Clarity.mp3?dest-id=228963,,16204,23523218,,URL,Forbidden Doctor: Revealing Forbidden Health Secrets!,,,2016-03-25 16:00:00,Podcast,,2317000,,
2022-01-04 02:36:47,27462D1F1513A02A,62: How You Can Tell If Cancer Has Already Started,,True,,,True,https://traffic.libsyn.com/secure/forbiddendoctor/62_62__How_You_Can_Tell_If_Cancer_Has_Already_Started.mp3?dest-id=228963,,16206,31649128,,URL,Forbidden Doctor: Revealing Forbidden Health Secrets!,,,2016-04-01 16:00:00,Podcast,,3130000,,
2022-01-04 02:36:47,08A86CDAD49D551E,"63: How to Withstand Nuclear Fallout, GMO Foods and Your Aunt Beth",,True,,,True,https://traffic.libsyn.com/secure/forbiddendoctor/63_63__How_to_Withstand_Nuclear_Fallout_GMO_Foods_and_Your_Aunt_Beth.mp3?dest-id=228963,,16208,25926029,,URL,Forbidden Doctor: Revealing Forbidden Health Secrets!,,,2016-04-08 12:24:10,Podcast,,2557000,,
2022-01-04 02:36:47,684DD18057C39860,64: PMS - A Hurricane of Symptoms - For Every Cycling Woman and the Man who Loves Her,,True,,,True,https://traffic.libsyn.com/secure/forbiddendoctor/64__PMS_-_A_Hurricane_of_Symptoms_-_For_Every_Cycling_Woman_and_the_Man_who_Loves_Her.mp3?dest-id=228963,,16210,33198973,,URL,Forbidden Doctor: Revealing Forbidden Health Secrets!,,,2016-04-15 16:00:00,Podcast,,3285000,,
2022-01-04 02:36:47,67A0138C2E286198,65: Menopause - Magnificence or Madness,,True,,,True,https://traffic.libsyn.com/secure/forbiddendoctor/65_65__Menopause_-_Magnificence_or_Madness.mp3?dest-id=228963,,16212,34040115,,URL,Forbidden Doctor: Revealing Forbidden Health Secrets!,,,2016-04-22 16:00:00,Podcast,,3369000,,
2022-01-04 02:36:47,218BDCFF09C2C2CC,66: Trust Your Body. Believe Your Heart. Your Life Depends On It.,,True,,,True,https://traffic.libsyn.com/secure/forbiddendoctor/66_66__Trust_Your_Body._Believe_Your_Heart._Your_Life_Depends_On_It..mp3?dest-id=228963,,16214,30690446,,URL,Forbidden Doctor: Revealing Forbidden Health Secrets!,,,2016-04-29 16:00:00,Podcast,,3034000,,
2022-01-04 02:36:47,9BA08D112EE19657,67: Just What Is...Cancer?,,True,,,True,https://traffic.libsyn.com/secure/forbiddendoctor/Episode_67_Just_What_Is...Cancer_Part_1.mp3?dest-id=228963,,16216,52273422,,URL,Forbidden Doctor: Revealing Forbidden Health Secrets!,,,2016-05-04 17:02:37,Podcast,,3264000,,
2022-01-04 02:36:47,FB6DA6E6F07417D0,68: Just What Is...Cancer? Pt 2,,True,,,True,https://traffic.libsyn.com/secure/forbiddendoctor/Episode_68_Just_What_Is...Cancer_Part_2.mp3?dest-id=228963,,16218,61495886,,URL,Forbidden Doctor: Revealing Forbidden Health Secrets!,,,2016-05-13 08:00:00,Podcast,,3839000,,
2022-01-04 02:36:47,D913F6FAB2DD8B25,"69: Autism Revisited, Plus The 3rd Leading Cause of Death in America",,True,,,True,https://traffic.libsyn.com/secure/forbiddendoctor/Episode_69_What_is_the_3rd_cause_of_death_in_America_and_Autism_revisited.mp3?dest-id=228963,,16220,51828414,,URL,Forbidden Doctor: Revealing Forbidden Health Secrets!,,,2016-05-20 17:03:35,Podcast,,3236000,,
2022-01-04 02:36:47,5BE99BCCCF466030,70: 10 Terrible Health Food Myths,,True,,,True,https://traffic.libsyn.com/secure/forbiddendoctor/Episode_70_Ten_Terrible_Foods_to_Avoid_Immediately.mp3?dest-id=228963,,16222,49019005,,URL,Forbidden Doctor: Revealing Forbidden Health Secrets!,,,2016-05-27 15:44:38,Podcast,,3061000,,
2022-01-04 02:36:47,04D46FAFED6BF8CE,71: A Most Butcherous Story,,True,,,True,https://traffic.libsyn.com/secure/forbiddendoctor/Episode_71_A_Most_Butcherous_Story.mp3?dest-id=228963,,16224,55435218,,URL,Forbidden Doctor: Revealing Forbidden Health Secrets!,,,2016-06-03 18:08:43,Podcast,,3462000,,
2022-01-04 02:36:47,FEA03785F6599B37,72: Do You Really Have To Take Those Antibiotics?,,True,,,True,https://traffic.libsyn.com/secure/forbiddendoctor/Episode_72_Do_You_Really_Have_To_Take_Antibiotics.mp3?dest-id=228963,,16226,32458223,,URL,Forbidden Doctor: Revealing Forbidden Health Secrets!,,,2016-06-10 15:08:41,Podcast,,2026000,,
2022-01-04 02:36:47,F116DC0C2A80D68F,73: The Invisible Plague,,True,,,True,https://traffic.libsyn.com/secure/forbiddendoctor/Episode_73_The_Invisible_Plague.mp3?dest-id=228963,,16228,47822519,,URL,Forbidden Doctor: Revealing Forbidden Health Secrets!,,,2016-06-17 14:55:50,Podcast,,2987000,,
2022-01-04 02:36:47,FEE17A8D35C3F995,74: 4 Quick Fixes For Acute Conditions,,True,,,True,https://traffic.libsyn.com/secure/forbiddendoctor/4_Quick_Fixes_For_Acute_Conditions.mp3?dest-id=228963,,16230,52776446,,URL,Forbidden Doctor: Revealing Forbidden Health Secrets!,,,2016-06-24 14:24:17,Podcast,,3296000,,
2022-01-04 02:36:47,C769801C37A591E6,75: A Forbidden Medical Treatment,,True,,,True,https://traffic.libsyn.com/secure/forbiddendoctor/A_Forbidden_Medical_Treatment.mp3?dest-id=228963,,16232,45600574,,URL,Forbidden Doctor: Revealing Forbidden Health Secrets!,,,2016-07-01 15:24:08,Podcast,,2848000,,
2022-01-04 02:36:47,EE35AB37D607E31F,76: Ripping a Hole In The Universe,,True,,,True,https://traffic.libsyn.com/secure/forbiddendoctor/Ripping_a_Hole_in_The_Universe.mp3?dest-id=228963,,16234,49789022,,URL,Forbidden Doctor: Revealing Forbidden Health Secrets!,,,2016-07-08 14:14:51,Podcast,,3110000,,
2022-01-04 02:36:47,370F1B419E5F7647,77: Quick Fixes for Fluid Retention and Acute Pain,,True,,,True,https://traffic.libsyn.com/secure/forbiddendoctor/Quick_Fixes_for_Fluid_Retention_and_Acute_Pain.mp3?dest-id=228963,,16236,44771610,,URL,Forbidden Doctor: Revealing Forbidden Health Secrets!,,,2016-07-15 14:29:43,Podcast,,2796000,,
2022-01-04 02:36:47,A40E56CC640A18EB,78: Instant Relief for Sudden Muscle Cramps,,True,,,True,https://traffic.libsyn.com/secure/forbiddendoctor/Instant_Relief_for_Sudden_Muscle_Cramps.mp3?dest-id=228963,,16238,53831594,,URL,Forbidden Doctor: Revealing Forbidden Health Secrets!,,,2016-07-22 13:35:52,Podcast,,3362000,,
2022-01-04 02:36:47,15A0EFD14BF795A4,79: The 10 most Dangerous Drugs (Pt. 1),,True,,,True,https://traffic.libsyn.com/secure/forbiddendoctor/10_Most_Dangerous_Drugs_Pt._1.mp3?dest-id=228963,,16240,54017105,,URL,Forbidden Doctor: Revealing Forbidden Health Secrets!,,,2016-07-29 17:19:51,Podcast,,3374000,,
2022-01-04 02:36:47,4F9D35C4B4E1D648,80: The Ten Most Dangerous Drugs (Pt. 2),,True,,,True,https://traffic.libsyn.com/secure/forbiddendoctor/10_Most_Dangerous_Drugs_Pt._2.mp3?dest-id=228963,,16242,57325607,,URL,Forbidden Doctor: Revealing Forbidden Health Secrets!,,,2016-08-04 22:33:31,Podcast,,3581000,,
2022-01-04 02:36:47,558847416B933EFC,81: Immunotherapy for Cancer...Late to the Party!,,True,,,True,https://traffic.libsyn.com/secure/forbiddendoctor/Immunotherapy_for_Cancer-_Late_To_The_Party.mp3?dest-id=228963,,16244,56954190,,URL,Forbidden Doctor: Revealing Forbidden Health Secrets!,,,2016-08-11 13:51:01,Podcast,,3558000,,
2022-01-04 02:36:47,9C050AE31064B260,82: 20 Protocols That Will Save Your Life,,True,,,True,https://traffic.libsyn.com/secure/forbiddendoctor/Ep82_-_20_Protocols_That_Will_Save_Your_Life.mp3?dest-id=228963,,16246,45187102,,URL,Forbidden Doctor: Revealing Forbidden Health Secrets!,,,2016-08-19 15:19:29,Podcast,,2822000,,
2022-01-04 02:36:47,1320BD633ED8F2D3,"83: Fats: Killer, or Healer?",,True,,,True,https://traffic.libsyn.com/secure/forbiddendoctor/Fats-_Killer_or_Healer-.mp3?dest-id=228963,,16248,56243333,,URL,Forbidden Doctor: Revealing Forbidden Health Secrets!,,,2016-08-26 15:50:31,Podcast,,3513000,,
2022-01-04 02:36:47,CFC2CB071A9C4347,84: How Do Doctors Die?,,True,,,True,https://traffic.libsyn.com/secure/forbiddendoctor/How_Do_Doctors_Die.mp3?dest-id=228963,,16250,50241027,,URL,Forbidden Doctor: Revealing Forbidden Health Secrets!,,,2016-09-02 15:30:56,Podcast,,3138000,,
2022-01-04 02:36:47,868A8B31F3D2F4BE,85: MTHFR Gene Confusion Explained,,True,,,True,https://traffic.libsyn.com/secure/forbiddendoctor/MTHFR_Gene_Confusion_Explained.mp3?dest-id=228963,,16252,58032773,,URL,Forbidden Doctor: Revealing Forbidden Health Secrets!,,,2016-09-09 16:29:18,Podcast,,3625000,,
2022-01-04 02:36:47,E69C1DD397AA26D0,86: 12 Ways the Health Care System May Be Harming You,,True,,,True,https://traffic.libsyn.com/secure/forbiddendoctor/12_Ways_The_Health_Care_System_May_Be_Harming_Your_Health.mp3?dest-id=228963,,16254,48963327,,URL,Forbidden Doctor: Revealing Forbidden Health Secrets!,,,2016-09-16 16:28:32,Podcast,,3058000,,
2022-01-04 02:36:47,A402AD2519BF6968,87: 108 Ways Sugar is Harming Your Health,,True,,,True,https://traffic.libsyn.com/secure/forbiddendoctor/108_Ways_Sugar_is_Harming_Your_Health.mp3?dest-id=228963,,16256,59734578,,URL,Forbidden Doctor: Revealing Forbidden Health Secrets!,,,2016-09-23 16:33:16,Podcast,,3732000,,
2022-01-04 02:36:47,7C20C78C11BCFAF7,139: Ditch The Diet,,True,,,True,https://traffic.libsyn.com/secure/forbiddendoctor/139_-_Ditch_The_Diet.mp3?dest-id=228963,,16362,62006390,,URL,Forbidden Doctor: Revealing Forbidden Health Secrets!,,,2018-06-19 14:12:22,Podcast,,3874000,,
2022-01-04 02:36:47,D816AEEC0F69BF23,140: The Deadly Vitamin D Hysteria,,True,,,True,https://traffic.libsyn.com/secure/forbiddendoctor/140_-_The_Deadly_Vitamin_D_Hysteria.mp3?dest-id=228963,,16364,58059151,,URL,Forbidden Doctor: Revealing Forbidden Health Secrets!,,,2018-07-24 12:54:26,Podcast,,3627000,,
2022-01-04 02:36:47,EA8AF5A3EC51E838,"141: Infertility, Miscarriage, and Heart Muscle Weakness",,True,,,True,https://traffic.libsyn.com/secure/forbiddendoctor/141_-_Infertility_Miscarriage_and_Muscle_Weakness.mp3?dest-id=228963,,16366,59352875,,URL,Forbidden Doctor: Revealing Forbidden Health Secrets!,,,2018-07-30 15:17:28,Podcast,,3708000,,
2022-01-04 02:36:47,259332381C0A95C2,142: Forbidden Gems - B4 - The Stolen Vitamin,,True,,,True,https://traffic.libsyn.com/secure/forbiddendoctor/142_-_B4_-_The_Stolen_Vitamin.mp3?dest-id=228963,,16368,53292308,,URL,Forbidden Doctor: Revealing Forbidden Health Secrets!,,,2018-08-07 12:41:35,Podcast,,3329000,,
2022-01-04 02:36:47,1EB33BB5B04A2394,143: Forbidden Musings - Plus Forbidden Sex Knowledge,,True,,,True,https://traffic.libsyn.com/secure/forbiddendoctor/143_-_Forbidden_Musings_-_Plus_Forbidden_Sex_Knowledge.mp3?dest-id=228963,,16370,41906525,,URL,Forbidden Doctor: Revealing Forbidden Health Secrets!,,,2018-08-14 11:49:05,Podcast,,2618000,,
2022-01-04 02:36:47,54CBF89450A629EC,144: Vitamin K2 Controversy and Cholophyll,,True,,,True,https://traffic.libsyn.com/secure/forbiddendoctor/144_-_Vitamin_K2_Controversy_and_Chlorophyl.mp3?dest-id=228963,,16372,60111399,,URL,Forbidden Doctor: Revealing Forbidden Health Secrets!,,,2018-08-21 13:00:41,Podcast,,3756000,,
2022-01-04 02:36:47,1C2D34E406A44918,145: Hysterectomy,,True,,,True,https://traffic.libsyn.com/secure/forbiddendoctor/145-Hysterectomy_-_Should_I_-_What_If_I_Did.mp3?dest-id=228963,,16374,53058211,,URL,Forbidden Doctor: Revealing Forbidden Health Secrets!,,,2018-08-28 11:16:07,Podcast,,3315000,,
2022-01-04 02:36:47,CF2D64FE74D54930,146: Fatty Liver Disease,,True,,,True,https://traffic.libsyn.com/secure/forbiddendoctor/146_-_Fatty_Liver_Disease.mp3?dest-id=228963,,16376,39809565,,URL,Forbidden Doctor: Revealing Forbidden Health Secrets!,,,2018-09-04 11:45:48,Podcast,,2487000,,
2022-01-04 02:36:47,55B991EA390D80A1,147: Dr. Jack Is On A Roll,,True,,,True,https://traffic.libsyn.com/secure/forbiddendoctor/147_-_Dr_Jack_Is_On_A_Roll.mp3?dest-id=228963,,16378,23226346,,URL,Forbidden Doctor: Revealing Forbidden Health Secrets!,,,2018-09-11 15:38:12,Podcast,,1450000,,
2022-01-04 02:36:47,E639F31D9E457D7F,148: Bringing Ageless Thyroid To The World,,True,,,True,https://traffic.libsyn.com/secure/forbiddendoctor/148_-_Bringing_Ageless_Thyroid_To_The_World.mp3?dest-id=228963,,16380,31086046,,URL,Forbidden Doctor: Revealing Forbidden Health Secrets!,,,2018-09-18 05:17:55,Podcast,,1942000,,
2022-01-04 02:36:47,EE26A655A328FCED,149: Strokes - Prevention & Recovery,,True,,,True,https://traffic.libsyn.com/secure/forbiddendoctor/149_-_Strokes_Prevention_and_Recovery.mp3?dest-id=228963,,16382,48757621,,URL,Forbidden Doctor: Revealing Forbidden Health Secrets!,,,2018-10-02 12:22:32,Podcast,,3046000,,
2022-01-04 02:36:47,72256CC63E80EBE2,150: GAPS Quick & Easy,,True,,2019-05-16 17:13:04,True,https://traffic.libsyn.com/secure/forbiddendoctor/150-_GAPS_-_Quick_and_Easy.mp3?dest-id=228963,,16384,26559837,,URL,Forbidden Doctor: Revealing Forbidden Health Secrets!,,,2018-10-08 22:49:32,Podcast,,1658000,3640849984,
2022-01-04 02:36:47,012F4FFFFCB4CD2E,151: Autoimmune Diseases and Forbidden Cures,,True,,,True,https://traffic.libsyn.com/secure/forbiddendoctor/151_-_Autoimmune_Diseases_and_Forbidden_Cures.mp3?dest-id=228963,,16386,33892025,,URL,Forbidden Doctor: Revealing Forbidden Health Secrets!,,,2018-10-15 20:19:16,Podcast,,2117000,,
2022-01-04 02:36:47,27987675E09AD615,152: Depression and the Brain,,True,,2018-10-29 19:13:49,True,https://traffic.libsyn.com/secure/forbiddendoctor/152_-_Depression_and_the_Brain_-_A_100_Year_Old_Forbidden_Remedy.mp3?dest-id=228963,,16388,62130673,,URL,Forbidden Doctor: Revealing Forbidden Health Secrets!,,,2018-10-25 22:02:03,Podcast,,3882000,3623663629,
2022-01-04 02:36:47,1A5A585B35F295C4,153: Asthma and Bronchitis,,True,,2018-12-03 15:58:11,True,https://traffic.libsyn.com/secure/forbiddendoctor/153_-_Ansthma_and_Bronchitis_-_Heartless_Killers.mp3?dest-id=228963,,16390,50020779,,URL,Forbidden Doctor: Revealing Forbidden Health Secrets!,,,2018-11-06 14:48:10,Podcast,,3125000,3626672291,
2022-01-04 02:36:47,4946AD82F30055DD,154: Inflammation - Curse or Savior?,,True,,2018-12-15 19:35:51,True,https://traffic.libsyn.com/secure/forbiddendoctor/154_-_Inflammation_-_Curse_or_Savior.mp3?dest-id=228963,,16392,32284423,,URL,Forbidden Doctor: Revealing Forbidden Health Secrets!,,,2018-11-13 15:50:42,Podcast,,2016000,3627722151,
2022-01-04 02:36:47,44968E055DA3A1D9,"155: What To Do When You're Really, Really Sick",,True,,2019-01-18 15:23:50,True,https://traffic.libsyn.com/secure/forbiddendoctor/155_-_What_To_Do_If_You_Are_Really_Really_Sick.mp3?dest-id=228963,,16394,58200405,,URL,Forbidden Doctor: Revealing Forbidden Health Secrets!,,,2018-12-11 14:51:16,Podcast,,3636000,3630644630,
2022-01-04 02:36:47,B1E4D621460DE950,156: Forbidden Understanding About Your ADHD Grandchild,,True,,2019-01-16 16:17:11,True,https://traffic.libsyn.com/secure/forbiddendoctor/156_-_Forbidden_Understanding_About_Your_ADHD_Child.mp3?dest-id=228963,,16396,52874355,,URL,Forbidden Doctor: Revealing Forbidden Health Secrets!,,,2018-12-18 16:01:21,Podcast,,3303000,3630475031,
2022-01-04 02:36:47,801805CE1910357D,157: Ten Reasons To Skip The Flu Shot,,True,,2019-01-16 15:20:42,True,https://traffic.libsyn.com/secure/forbiddendoctor/157-Ten_Reasons_To_Skip_The_Flu_Shot.mp3?dest-id=228963,,16398,51889722,,URL,Forbidden Doctor: Revealing Forbidden Health Secrets!,,,2018-12-23 11:00:00,Podcast,,3242000,3630471642,
2022-01-04 02:36:47,916741CB5299B164,158: What Do Oncologists Make On Chemotherapy?,,True,,2019-01-14 19:36:29,True,https://traffic.libsyn.com/secure/forbiddendoctor/158-_What_Do_Oncologists_Make_On_Chemotherapy.mp3?dest-id=228963,,16400,46434644,,URL,Forbidden Doctor: Revealing Forbidden Health Secrets!,,,2019-01-08 18:05:40,Podcast,,2900000,3630314189,
2022-01-04 02:36:47,9E4406D4D84F2538,159: Does My Newborn Really Need The Hep B Shot?,,True,,,True,https://traffic.libsyn.com/secure/forbiddendoctor/159-_Does_My_Newborn_Baby_Really_Need_The_Hep_B_Shot.mp3?dest-id=228963,,16402,62279484,,URL,Forbidden Doctor: Revealing Forbidden Health Secrets!,,,2019-01-22 03:35:49,Podcast,,3891000,,
2022-01-04 02:36:47,1E7E0657596996C1,160: You Have Been Duped And Brainwashed By Medical Propaganda,,True,,2019-05-17 14:13:09,True,https://traffic.libsyn.com/secure/forbiddendoctor/160_-_You_Have_Been_Duped_and_Brainwashed_By_Medical_Propaganda.mp3?dest-id=228963,,16404,44287615,,URL,Forbidden Doctor: Revealing Forbidden Health Secrets!,,,2019-01-29 14:25:12,Podcast,,2766000,3640925589,
2022-01-04 02:36:47,510D79C31661D5DF,161: Acute Problems,,True,,2019-02-16 17:56:31,True,https://traffic.libsyn.com/secure/forbiddendoctor/161_-_Acute_Problems_-_What_To_Do_When_You_Do_Not_Know_What_To_Do.mp3_.mp3?dest-id=228963,,16406,44398293,,URL,Forbidden Doctor: Revealing Forbidden Health Secrets!,,,2019-02-05 15:55:20,Podcast,,2773000,3633159391,
2022-01-04 02:36:47,B2E415905D9C4557,162: On The Edge of Order & Chaos,,True,,2019-05-10 19:35:25,True,https://traffic.libsyn.com/secure/forbiddendoctor/162_-_On_The_Edge_of_Order_And_Chaos.mp3?dest-id=228963,,16408,66897126,,URL,Forbidden Doctor: Revealing Forbidden Health Secrets!,,,2019-02-19 13:05:45,Podcast,,4179000,3640340125,
2022-01-04 02:36:47,56738F38EB7D4821,163: Enzymes - The River Of Energy,,True,,2019-05-16 18:47:08,True,https://traffic.libsyn.com/secure/forbiddendoctor/163_-_Enzymes_-_The_River_Of_Energy-addendum.mp3?dest-id=228963,,16410,35362379,,URL,Forbidden Doctor: Revealing Forbidden Health Secrets!,,,2019-02-26 04:00:00,Podcast,,2208000,3640855628,
2022-01-04 02:36:47,B17413C3A2F6A732,164: The Relationship Between A Healthy Spine & A Good Pain-Free LIfe,,True,,2019-05-09 19:34:15,True,https://traffic.libsyn.com/secure/forbiddendoctor/164_-_The_Relationship_Between_A_Healthy_Spine_And_A_Good_Pain-Free_Life.mp3?dest-id=228963,,16412,36432619,,URL,Forbidden Doctor: Revealing Forbidden Health Secrets!,,,2019-03-05 04:00:00,Podcast,,2275000,3640253655,
2022-01-04 02:36:47,24A870883C23A4BA,165: The Anti-Cancer Properties of Turmeric,,True,,2019-06-11 20:01:51,True,https://traffic.libsyn.com/secure/forbiddendoctor/165_-_The_Anti-Cancer_Properties_of_Turmeric.mp3?dest-id=228963,,16414,23488724,,URL,Forbidden Doctor: Revealing Forbidden Health Secrets!,,,2019-03-12 12:46:52,Podcast,,1466000,3643106511,
2022-01-04 02:36:47,2062DABE3A80A081,166: Something A Little Different,,True,,2019-05-24 14:33:20,True,https://traffic.libsyn.com/secure/forbiddendoctor/166_-_Dr-Jack-And-Mary-Interviewed2.mp3?dest-id=228963,,16416,55792697,,URL,Forbidden Doctor: Revealing Forbidden Health Secrets!,,,2019-03-18 18:10:49,Podcast,,3487000,3641531600,
2022-01-04 02:36:47,F86F35DC1040054A,"167: They Would Have Told Us, Right?",,True,,2019-05-17 23:47:44,True,https://traffic.libsyn.com/secure/forbiddendoctor/167_-_They_Would_Have_Told_Us_Right.mp3?dest-id=228963,,16418,57161068,,URL,Forbidden Doctor: Revealing Forbidden Health Secrets!,,,2019-04-02 14:03:03,Podcast,,3571000,3640960064,
2022-01-04 02:36:47,0AE81EBCF3B8BCE5,168: Iodine - The Breast-Saving Mineral,,True,,2019-05-17 22:49:11,True,https://traffic.libsyn.com/secure/forbiddendoctor/168_-_Iodine_-_The_Breast-Saving_Mineral.mp3?dest-id=228963,,16420,66043718,,URL,Forbidden Doctor: Revealing Forbidden Health Secrets!,,,2019-04-09 13:06:04,Podcast,,4126000,3640956551,
2022-01-04 02:36:47,FAE6704CA6286E78,"169: A Simple Trick To Reduce The Risk of Heart Disease, Breast Cancer, and Fatty Liver",,True,,2019-05-22 19:24:37,True,https://traffic.libsyn.com/secure/forbiddendoctor/169-_Simple_Trick_To_Reduce_Risk_of_Heart_Disease_Breast_Cancer_and_Fatty_Liver.mp3?dest-id=228963,,16422,55911985,,URL,Forbidden Doctor: Revealing Forbidden Health Secrets!,,,2019-04-23 14:26:48,Podcast,,3492000,3641376277,
2022-01-04 02:36:47,588164CE0C3BA869,170: Interstitial Cystitis and Bladder Pain,,True,,2019-05-16 16:11:59,True,https://traffic.libsyn.com/secure/forbiddendoctor/170-interstitial-cystitis-bladder-pain2.mp3?dest-id=228963,,16424,74953972,,URL,Forbidden Doctor: Revealing Forbidden Health Secrets!,,,2019-04-30 14:27:23,Podcast,,4683000,3640846319,
2022-01-04 02:36:47,EB74DFA5D748E11D,"171: Cold Sores, Heat Stroke, and Restless Legs",,True,,2019-05-24 20:27:30,True,https://traffic.libsyn.com/secure/forbiddendoctor/171_-_Cold_Sores_Heat_Stroke_and_Restless_Legs.mp3?dest-id=228963,,16426,36490405,,URL,Forbidden Doctor: Revealing Forbidden Health Secrets!,,,2019-05-13 14:14:00,Podcast,,2279000,3641552850,
2022-01-04 02:36:47,725B3ADE37D61D35,172: Allergy or Leaky Gut?,,True,,2019-06-11 19:25:02,True,https://traffic.libsyn.com/secure/forbiddendoctor/172_-_Allergy_or_Leaky_Gut.mp3?dest-id=228963,,16428,33486548,,URL,Forbidden Doctor: Revealing Forbidden Health Secrets!,,,2019-05-20 10:00:00,Podcast,,2091000,3643104302,
2022-01-04 02:36:47,EB7822BE4DF485A6,173: Building Muscle Tone With Mary's Milkshake,,True,,2019-06-13 18:38:47,True,https://traffic.libsyn.com/secure/forbiddendoctor/173-marys-raw-egg-shake.mp3?dest-id=228963,,16430,56169055,,URL,Forbidden Doctor: Revealing Forbidden Health Secrets!,,,2019-05-28 13:27:14,Podcast,,3509000,3643274327,
2022-01-04 02:36:47,AD5BB2B769DEDE4F,174: COPD - That's All They Could Do,,True,,2019-07-05 15:01:19,True,https://traffic.libsyn.com/secure/forbiddendoctor/174-COPD-thats-all-they-could-do.mp3?dest-id=228963,,16432,48021175,,URL,Forbidden Doctor: Revealing Forbidden Health Secrets!,,,2019-06-04 12:57:53,Podcast,,2999000,3645162079,
2022-01-04 02:36:47,E8D96930A42F20B0,175: You Don't Know What You Don't Know,,True,,2019-06-18 19:20:26,True,https://traffic.libsyn.com/secure/forbiddendoctor/175-You-Dont-Know-What-You-Dont-Know.mp3?dest-id=228963,,16434,45914963,,URL,Forbidden Doctor: Revealing Forbidden Health Secrets!,,,2019-06-17 15:54:55,Podcast,,2868000,3643708826,
2022-01-04 02:36:47,7B01C4F7BC8E1AF0,"176: Cramps! Legs, Menstrual, and Heart",,True,,2019-08-12 13:42:53,True,https://traffic.libsyn.com/secure/forbiddendoctor/176-Cramps-Legs-Menstrual-Heart.mp3?dest-id=228963,,16436,67193620,,URL,Forbidden Doctor: Revealing Forbidden Health Secrets!,,,2019-06-25 14:00:14,Podcast,,4198000,3648440573,
2022-01-04 02:36:47,AC6FBCF51E242BA9,177: CBD Oil - Forbidden Until Now!,,True,,2019-09-10 18:21:51,True,https://traffic.libsyn.com/secure/forbiddendoctor/173-Forbidden-Until_Now.mp3?dest-id=228963,,16438,51287928,,URL,Forbidden Doctor: Revealing Forbidden Health Secrets!,,,2019-07-09 13:18:27,Podcast,,3203000,3650962911,
2022-01-04 02:36:47,7B797B8C653CE2DB,179: Ulcerative Colitis and Forbidden Healing,,True,,2019-09-09 23:40:22,True,https://traffic.libsyn.com/secure/forbiddendoctor/179_-_Ulcerative_Colitis_and_Forbidden_Healing.mp3?dest-id=228963,,16440,66339778,,URL,Forbidden Doctor: Revealing Forbidden Health Secrets!,,,2019-07-30 12:58:51,Podcast,,4144000,3650895622,
2022-01-04 02:36:47,24D243AC9A501EB2,180: A Crime Against Humanity,,True,,2019-09-09 21:52:39,True,https://traffic.libsyn.com/secure/forbiddendoctor/180-_Interview_With_Mark_Anderson.mp3?dest-id=228963,,16442,70814026,,URL,Forbidden Doctor: Revealing Forbidden Health Secrets!,,,2019-08-13 15:50:20,Podcast,,4423000,3650889159,
2022-01-04 02:36:47,30CBC828299BCAF9,181: A Survivor's Story Of Incurable Cancer,,True,,2019-09-05 23:58:16,True,https://traffic.libsyn.com/secure/forbiddendoctor/181-survivors-story-incurable-cancer.mp3?dest-id=228963,,16444,58933857,,URL,Forbidden Doctor: Revealing Forbidden Health Secrets!,,,2019-08-27 13:48:39,Podcast,,3682000,3650551096,
2022-01-04 02:36:47,DC65C1671D8A8D0B,182: The Forbidden Carnivore Diet,,True,,2019-09-18 22:49:23,True,https://traffic.libsyn.com/secure/forbiddendoctor/182-Forbidden-Carnivore-Diet.mp3?dest-id=228963,,16446,77915782,,URL,Forbidden Doctor: Revealing Forbidden Health Secrets!,,,2019-09-10 14:37:20,Podcast,,4869000,3651670163,
2022-01-04 02:36:47,CB3AE628AE574633,183: The Hostile Legal Environment For Breast Cancer,,True,,2019-10-26 19:50:24,True,https://traffic.libsyn.com/secure/forbiddendoctor/183-Hostile-Legal-Environment-For-Breast-Cancer.mp3?dest-id=228963,,16448,92486877,,URL,Forbidden Doctor: Revealing Forbidden Health Secrets!,,,2019-09-24 14:04:42,Podcast,,5779000,3654942624,
2022-01-04 02:36:47,54C84441BE18F3FC,184: Dr. Josh on Lectins and Proton Pump Inhibitors,,True,,2019-10-28 19:53:48,True,https://traffic.libsyn.com/secure/forbiddendoctor/184_-_Dr_Josh_Stockwell_On_Lectins_And_Proton_Pump_Inhibitors2.mp3?dest-id=228963,,16450,108799901,,URL,Forbidden Doctor: Revealing Forbidden Health Secrets!,,,2019-10-17 07:23:19,Podcast,,6799000,3655115628,
2022-01-04 02:36:47,39D6D064FF0F02C0,185: Health Freedom - What To Do When CPS Is At Your Door,,True,,2019-10-28 21:11:17,True,https://traffic.libsyn.com/secure/forbiddendoctor/185-Health_Freedom.mp3?dest-id=228963,,16452,70492559,,URL,Forbidden Doctor: Revealing Forbidden Health Secrets!,,,2019-10-22 02:13:10,Podcast,,4405000,3655120277,
2022-01-04 02:36:47,30FEE168885BB65C,186: Cutting Edge Integrative Cancer Care With Dr. Michael Karlfeldt,,True,,2019-10-31 20:12:40,True,https://traffic.libsyn.com/secure/forbiddendoctor/186_-_Cutting_Edge_Integrative_Cancer_Care_With_Dr_Michael_Karlfeldt.mp3?dest-id=228963,,16454,66776558,,URL,Forbidden Doctor: Revealing Forbidden Health Secrets!,,,2019-10-29 16:47:54,Podcast,,4173000,3655375960,
2022-01-04 02:36:47,5EAE22CCAACBFE27,"187: The Forbidden, Politically Incorrect Diet Changing Lives",,True,,2019-12-10 14:49:45,True,https://traffic.libsyn.com/secure/forbiddendoctor/187-Forbidden_Politically_Incorrect_Diet.mp3?dest-id=228963,,16456,98925121,,URL,Forbidden Doctor: Revealing Forbidden Health Secrets!,,,2019-11-19 14:41:16,Podcast,,6182000,3658808985,
2022-01-04 02:36:47,63D22690D38FE1B9,188: Clearing Up Vaccine Confusion With Dr. Michael Gaeta,,True,,2020-03-30 18:04:04,True,https://traffic.libsyn.com/secure/forbiddendoctor/188_-_Clearing_Up_Vaccine_Confusion_With_Michael_Gaeta.mp3?dest-id=228963,,16458,76344095,,URL,Forbidden Doctor: Revealing Forbidden Health Secrets!,,,2019-12-10 14:43:34,Podcast,,4771000,3668414644,
2022-01-04 02:36:47,7828915811548D3F,189: The Forbidden Secret To The End Of Autoimmune Disease,,True,,,True,https://traffic.libsyn.com/secure/forbiddendoctor/189_-_Protomorphagens_-_Interview_With_Dr_Lowell_Keppell.mp3?dest-id=228963,,16460,73467292,,URL,Forbidden Doctor: Revealing Forbidden Health Secrets!,,,2020-01-21 13:54:47,Podcast,,4591000,,
2022-01-04 02:36:47,C72DC810AFBB1C49,190: Your Immune System - The Forbidden Defense,,True,,,True,https://traffic.libsyn.com/secure/forbiddendoctor/190_-_Coronavirus_-_The_Forbidden_Defense.mp3?dest-id=228963,,16462,49824003,,URL,Forbidden Doctor: Revealing Forbidden Health Secrets!,,,2020-02-04 20:39:14,Podcast,,3113000,,
2021-12-30 22:54:06,F1A1225D705154C5,191: When All Other Therapies Fail,MPEG audio file,True,128,,True,file://localhost/C:/Users/bruce/Music/iTunes/iTunes Media/Podcasts/Forbidden Doctor_ Revealing Forbidden He/191_ When All Other Therapies Fail 1.mp3,4,4746,46086819,1,File,Forbidden Doctor: Revealing Forbidden Health Secrets!,,2020-03-07 18:55:34,2020-02-26 20:00:49,Podcast,44100,2885903,,2020
2022-01-04 02:36:47,4F88B212483C9EE5,192: Musings From The Forbidden Doctor,,True,,2020-04-24 16:50:17,True,https://traffic.libsyn.com/secure/forbiddendoctor/192_-_Notes_From_The_Forbidden_Doctor.mp3?dest-id=228963,,16464,47306128,,URL,Forbidden Doctor: Revealing Forbidden Health Secrets!,,,2020-03-10 15:12:57,Podcast,,2956000,3670570217,
2022-01-04 02:36:47,D3BB0ABFE0B3B09E,193: What They Won't Tell You About Your Immune System and 5G,,True,,2020-04-04 23:39:26,True,https://traffic.libsyn.com/secure/forbiddendoctor/193_-_What_They_Wont_Tell_You_About_Virus_And_5G.mp3?dest-id=228963,,16466,60836133,,URL,Forbidden Doctor: Revealing Forbidden Health Secrets!,,,2020-03-24 16:18:49,Podcast,,3802000,3668866766,
2022-01-04 02:36:47,EF8E69D4C2362E47,194: Are We Looking At An Extinction-Level Event?,,True,,2020-04-24 17:13:14,True,https://traffic.libsyn.com/secure/forbiddendoctor/194_-_Is_This_An_Extinction_Level_Event.mp3?dest-id=228963,,16468,91226399,,URL,Forbidden Doctor: Revealing Forbidden Health Secrets!,,,2020-04-02 18:10:39,Podcast,,5701000,3670571594,
2022-01-04 02:36:47,17BC40BC93A3E07F,195: Forbidden Answers To Fearful Propaganda,,True,,2020-05-04 16:09:48,True,https://traffic.libsyn.com/secure/forbiddendoctor/195_-_Forbidden_Answers_To_Fearful_Propaganda.mp3?dest-id=228963,,16472,55860116,,URL,Forbidden Doctor: Revealing Forbidden Health Secrets!,,,2020-04-21 03:34:35,Podcast,,3491000,3671431788,
2022-01-04 02:36:47,0A345E1DAC2FF9C6,196: Do The Opposite Of What You Are Told,,True,,,True,https://traffic.libsyn.com/secure/forbiddendoctor/196_-_Do_The_Opposite_Of_What_You_Are_Told.mp3?dest-id=228963,,16474,31154517,,URL,Forbidden Doctor: Revealing Forbidden Health Secrets!,,,2020-05-05 14:13:41,Podcast,,1947000,,
2022-01-04 02:36:47,4B1A41F5033ECAE4,197: You Just Won't Believe It,,True,,,True,https://traffic.libsyn.com/secure/forbiddendoctor/197-YouJustWontBelieveIt.mp3?dest-id=228963,,16476,31471817,,URL,Forbidden Doctor: Revealing Forbidden Health Secrets!,,,2020-05-19 13:33:50,Podcast,,1966000,,
2022-01-04 02:36:47,F8F46B555D31A94E,198: The Craziness Is Coming Out,,True,,,True,https://traffic.libsyn.com/secure/forbiddendoctor/198_-_The_Craziness_Is_Coming_Out.mp3?dest-id=228963,,16478,38232643,,URL,Forbidden Doctor: Revealing Forbidden Health Secrets!,,,2020-06-02 19:02:02,Podcast,,2389000,,
2022-01-04 02:36:47,56A8F586D817B6C0,199: Fear Is The Currency Of The Media,,True,,2020-07-11 15:12:03,True,https://traffic.libsyn.com/secure/forbiddendoctor/199_-_Fear_Is_The_Currency_Of_The_Media.mp3?dest-id=228963,,16480,58327023,,URL,Forbidden Doctor: Revealing Forbidden Health Secrets!,,,2020-06-20 03:39:19,Podcast,,3645000,3677303523,
2022-01-04 02:36:47,4B15F650D299DA5D,200: The Germ Theory of Disease is Not True!,,True,,2020-07-18 15:44:14,True,https://traffic.libsyn.com/secure/forbiddendoctor/200-Germ-Theory-Disease-Wrong.mp3?dest-id=228963,,16482,75001220,,URL,Forbidden Doctor: Revealing Forbidden Health Secrets!,,,2020-07-13 18:10:24,Podcast,,4687000,3677910254,
2022-01-04 02:36:47,76836CFDA297E0D3,201: Forbidden Letters To The Editor,,True,,2021-04-09 13:57:03,True,https://traffic.libsyn.com/secure/forbiddendoctor/201-Forbidden_Letters_To_The_Editor.mp3?dest-id=228963,,16484,62568572,,URL,Forbidden Doctor: Revealing Forbidden Health Secrets!,,,2020-08-05 15:39:39,Podcast,,3910000,3700799823,
2022-01-04 02:36:47,F8DCC02B042377B1,"202: It's Over! Bye, bye COVID-19!",,True,,2020-10-10 15:53:16,True,https://traffic.libsyn.com/secure/forbiddendoctor/202-its-over-bye-bye.mp3?dest-id=228963,,16486,64925581,,URL,Forbidden Doctor: Revealing Forbidden Health Secrets!,,,2020-08-25 22:23:48,Podcast,,4057000,3685168396,
2022-01-04 02:36:47,06CCCA0B1B6D0B11,203: So...Are We Going To Wear Masks Forever?,,True,,2020-10-10 17:05:29,True,https://traffic.libsyn.com/secure/forbiddendoctor/203_-_So_Are_We_Going_To_Wear_Masks_Forever.mp3?dest-id=228963,,16488,78639589,,URL,Forbidden Doctor: Revealing Forbidden Health Secrets!,,,2020-09-14 15:17:36,Podcast,,4914000,3685172729,
2022-01-04 02:36:47,C1F4948BEABB923A,204: A Covid-19 Update...Understanding “Cases” vs. Mortality,,True,,2021-01-30 19:53:40,True,https://traffic.libsyn.com/secure/forbiddendoctor/204_-_A_Covid-19_Update_Understanding_Cases_vs_Mortality..mp3?dest-id=228963,,16490,87026120,,URL,Forbidden Doctor: Revealing Forbidden Health Secrets!,,,2020-11-09 06:11:12,Podcast,,5438000,3694856020,
2022-01-04 02:36:47,EECF731E77F75217,205: Super EMF Protection and Immune Modulation,,True,,2021-05-20 19:21:07,True,https://traffic.libsyn.com/secure/forbiddendoctor/205_-_Super_EMF_Protection_and_Immune_Modulation-corrected.mp3?dest-id=228963,,16492,77247196,,URL,Forbidden Doctor: Revealing Forbidden Health Secrets!,,,2021-02-01 18:29:52,Podcast,,4827000,3704361667,
