date_added,clean,persistent_id,name,kind,podcast,bitrate,play_date_utc,unplayed,comments,track_number,location,file_folder_count,track_id,play_count,size,artwork_count,library_folder_count,track_type,album,sort_name,date_modified,release_date,genre,sample_rate,total_time,play_date,year,artist
2021-12-30 22:58:16,True,F90E5F4B965CD340,The Road to Emmaus,,True,,,True,,,https://media.blubrry.com/lightandtruth/www.denversnuffer.net/podcast/episodes/2007.04.14_Road_to_Emmaus.mp3,,5236,,185423431,,,URL,Light and Truth,Road to Emmaus,,2019-07-30 12:00:03,Podcast,,9223000,,,Restoration Archives
2021-12-30 22:58:16,True,4B1E76A44C31A566,Lecture at the “Zion Symposium”,,True,,,True,,,https://media.blubrry.com/lightandtruth/www.denversnuffer.net/podcast/episodes/2008.02.23_Zion_Symposium.mp3,,5238,,86640867,,,URL,Light and Truth,,,2019-07-31 14:15:35,Podcast,,4284000,,,Restoration Archives
2021-12-30 22:58:16,True,E2F079755B68895E,Chiasmus,,True,,,True,,,https://media.blubrry.com/lightandtruth/www.denversnuffer.net/podcast/episodes/2010.09.18_Chiasmus.mp3,,5240,,63475997,,,URL,Light and Truth,,,2019-08-01 12:02:37,Podcast,,3126000,,,Restoration Archives
2021-12-30 22:58:16,True,2FB833C2425271A2,"The Mission of Elijah, Reconsidered",,True,,,True,,,https://media.blubrry.com/lightandtruth/www.denversnuffer.net/podcast/episodes/2011.10.14_Mission_of_Elijah.mp3,,5242,,151033768,,,URL,Light and Truth,"Mission of Elijah, Reconsidered",,2019-08-02 12:30:47,Podcast,,7504000,,,Restoration Archives
2021-12-30 22:58:16,True,000A563AD555A5FA,Brigham Young’s Telestial Kingdom,,True,,,True,,,https://media.blubrry.com/lightandtruth/www.denversnuffer.net/podcast/episodes/2012.04.18_Brigham_Youngs_Telestial_Kingdom.mp3,,5244,,115265345,,,URL,Light and Truth,,,2019-08-03 12:30:19,Podcast,,5716000,,,Restoration Archives
2021-12-30 22:58:16,True,CD89C02047DC0EAA,The Temple,,True,,,True,,,https://media.blubrry.com/lightandtruth/www.denversnuffer.net/podcast/episodes/2012.10.28_The_Temple.mp3,,5246,,105020593,,,URL,Light and Truth,Temple,,2019-08-04 20:26:17,Podcast,,5203000,,,Restoration Archives
2021-12-30 22:58:16,True,48B53FEF61C07758,Constitutional Apostasy,,True,,,True,,,https://media.blubrry.com/lightandtruth/www.denversnuffer.net/podcast/episodes/2013.06.07_Constitutional_Apostasy.mp3,,5248,,129835912,,,URL,Light and Truth,,,2019-08-05 13:13:41,Podcast,,6444000,,,Restoration Archives
2021-12-30 22:58:16,True,414A5CD2575995E7,Be of Good Cheer,,True,,,True,,,https://media.blubrry.com/lightandtruth/www.denversnuffer.net/podcast/episodes/2013.09.10_Talk-1.mp3,,5250,,176925795,,,URL,Light and Truth,,,2019-11-26 17:30:35,Podcast,,8799000,,,Restoration Archives
2021-12-30 22:58:16,True,AC09E4F77D1DDA46,Faith,,True,,,True,,,https://media.blubrry.com/lightandtruth/www.denversnuffer.net/podcast/episodes/2013.09.28_Talk-2.mp3,,5252,,191775884,,,URL,Light and Truth,,,2019-11-27 21:12:15,Podcast,,9541000,,,Restoration Archives
2021-12-30 22:58:16,True,EA2E199DA3814C89,Repentance,,True,,,True,,,https://media.blubrry.com/lightandtruth/www.denversnuffer.net/podcast/episodes/2013.09.29_Talk-3.mp3,,5254,,149680604,,,URL,Light and Truth,,,2019-12-23 22:33:42,Podcast,,7436000,,,Restoration Archives
2021-12-30 22:58:16,True,F611CE50EC478105,Covenants,,True,,,True,,,https://media.blubrry.com/lightandtruth/www.denversnuffer.net/podcast/episodes/2013.10.06_Talk-4.mp3,,5256,,141290593,,,URL,Light and Truth,,,2020-01-23 18:58:00,Podcast,,7017000,,,Restoration Archives
2021-12-30 22:58:16,True,ACDAC893307D8260,Priesthood,,True,,,True,,,https://media.blubrry.com/lightandtruth/www.denversnuffer.net/podcast/episodes/2013.11.02_Talk-5.mp3,,5258,,230135654,,,URL,Light and Truth,,,2020-02-05 12:05:00,Podcast,,11459000,,,Restoration Archives
2021-12-30 22:58:16,True,8F13F7B5CCCD227D,Zion,,True,,,True,,,https://media.blubrry.com/lightandtruth/www.denversnuffer.net/podcast/episodes/2014.04.12_Talk-6.mp3,,5260,,222020975,,,URL,Light and Truth,,,2020-02-06 13:06:00,Podcast,,11053000,,,Restoration Archives
2021-12-30 22:58:16,True,3D9E6A82EAF6BF42,Christ: Prototype of the Saved Man,,True,,,True,,,https://media.blubrry.com/lightandtruth/www.denversnuffer.net/podcast/episodes/2014.06.28_Talk-7.mp3,,5262,,209980614,,,URL,Light and Truth,,,2020-02-07 14:07:00,Podcast,,10451000,,,Restoration Archives
2021-12-30 22:58:16,True,1E23ADB55E317EC4,A Broken Heart and Contrite Spirit,,True,,,True,,,https://media.blubrry.com/lightandtruth/www.denversnuffer.net/podcast/episodes/2014.07.25_Talk-8.mp3,,5264,,198640860,,,URL,Light and Truth,Broken Heart and Contrite Spirit,,2020-02-08 15:08:00,Podcast,,9884000,,,Restoration Archives
2021-12-30 22:58:16,True,D3458D3681BF01C1,Marriage and Family,,True,,,True,,,https://media.blubrry.com/lightandtruth/www.denversnuffer.net/podcast/episodes/2014.07.26_Talk-9.mp3,,5266,,162145709,,,URL,Light and Truth,,,2020-02-09 16:09:00,Podcast,,8060000,,,Restoration Archives
2021-12-30 22:58:16,True,186C9AE75E838C8E,Preserving the Restoration,,True,,,True,,,https://media.blubrry.com/lightandtruth/www.denversnuffer.net/podcast/episodes/2014.09.09_Talk-10.mp3,,5268,,203009061,,,URL,Light and Truth,,,2020-02-10 17:10:00,Podcast,,10103000,,,Restoration Archives
2021-12-30 22:58:16,True,658AF8DEBBA204DC,Cutting Down the Tree of Life to Build a Wooden Bridge,,True,,,True,,,https://media.blubrry.com/lightandtruth/www.denversnuffer.net/podcast/episodes/2014.08.02_LT018_Cutting-Down-the-Tree-of-Life.mp3,,5270,,111483856,,,URL,Light and Truth,,,2020-02-19 01:30:00,Podcast,,5526000,,,Restoration Archives
2021-12-30 22:58:16,True,9516973056CC6A91,Plural Marriage,,True,,,True,,,https://media.blubrry.com/lightandtruth/www.denversnuffer.net/podcast/episodes/2015.03.22_LT019_Plural-Marriage.mp3,,5272,,146343727,,,URL,Light and Truth,,,2020-02-20 16:00:00,Podcast,,7269000,,,Restoration Archives
2021-12-30 22:58:16,True,FAFBDF1C4B059AD6,A Visit With Denver Snuffer,,True,,,True,,,https://media.blubrry.com/lightandtruth/www.denversnuffer.net/podcast/episodes/2015.05.13_LT020_A-Visit-with-Denver.mp3,,5274,,119906251,,,URL,Light and Truth,Visit With Denver Snuffer,,2020-02-25 23:00:00,Podcast,,5948000,,,Restoration Archives
2021-12-30 22:58:16,True,82082C68A946BCEB,Big Cottonwood Canyon Conference,,True,,,True,,,https://media.blubrry.com/lightandtruth/www.denversnuffer.net/podcast/episodes/2015.09.20_LT021_Big-Cottonwood-Conference.mp3,,5276,,52249114,,,URL,Light and Truth,,,2020-03-01 06:52:04,Podcast,,2565000,,,Restoration Archives
2021-12-30 22:58:16,True,710B57108B85711F,Mormon History,,True,,,True,,,https://media.blubrry.com/lightandtruth/www.denversnuffer.net/podcast/episodes/2015.11.22_LT022_Mormon-History.mp3,,5278,,72446979,,,URL,Light and Truth,,,2020-03-07 22:00:30,Podcast,,3575000,,,Restoration Archives
2021-12-30 22:58:16,True,3898EDAA2B86662B,Zion Will Come,,True,,,True,,,https://media.blubrry.com/lightandtruth/www.denversnuffer.net/podcast/episodes/2016.04.10_LT023_Zion-Will-Come.mp3,,5280,,92615596,,,URL,Light and Truth,,,2020-03-14 12:00:00,Podcast,,4583000,,,Restoration Archives
2021-12-30 22:58:16,True,74D18560C1F3DC9C,Assembly on Missionary Work,,True,,,True,,,https://media.blubrry.com/lightandtruth/www.denversnuffer.net/podcast/episodes/2016.07.02_LT024_Missionary_Work.mp3,,5282,,129215770,,,URL,Light and Truth,,,2020-03-19 17:15:23,Podcast,,6413000,,,Restoration Archives
2021-12-30 22:58:16,True,9401D6572FF87B02,Was There An Original?,,True,,,True,,,https://media.blubrry.com/lightandtruth/www.denversnuffer.net/podcast/episodes/2016.07.29_LT025_Was-There-An-Original.mp3,,5284,,108840779,,,URL,Light and Truth,,,2020-03-25 12:25:00,Podcast,,5394000,,,Restoration Archives
2021-12-30 22:58:16,True,3030DF251B70ECA1,The Doctrine of Christ,,True,,,True,,,https://media.blubrry.com/lightandtruth/www.denversnuffer.net/podcast/episodes/2016.09.11_LT026_The-Doctrine-of-Christ.mp3,,5286,,99069420,,,URL,Light and Truth,Doctrine of Christ,,2020-04-19 19:41:58,Podcast,,4906000,,,Restoration Archives
2021-12-30 22:58:16,True,17CBCCC820223940,Things to Keep Us Awake at Night,,True,,,True,,,https://media.blubrry.com/lightandtruth/www.denversnuffer.net/podcast/episodes/2017.03.19_LT027_Things-To-Keep-Us-Awake.mp3,,5288,,128924773,,,URL,Light and Truth,,,2020-04-20 22:20:00,Podcast,,6399000,,,Restoration Archives
2021-12-30 22:58:16,True,859ECA1E26FF3273,St. George Conference Q&A – 3/2017,,True,,,True,,,https://media.blubrry.com/lightandtruth/www.denversnuffer.net/podcast/episodes/2017.03.19_LT028_St-George-Conference-QA.mp3,,5290,,78380963,,,URL,Light and Truth,,,2020-04-22 22:22:00,Podcast,,3871000,,,Restoration Archives
2021-12-30 22:58:16,True,141091FF84F4CCC9,A Day of Faith and Connection,,True,,,True,,,https://media.blubrry.com/lightandtruth/www.denversnuffer.net/podcast/episodes/2017.06.10_LT029_Youth-Conference.mp3,,5292,,78855859,,,URL,Light and Truth,Day of Faith and Connection,,2020-04-24 10:24:00,Podcast,,3895000,,,Restoration Archives
2021-12-30 22:58:16,True,837EA93942DBFCEC,Other Sheep Indeed,,True,,,True,,,https://media.blubrry.com/lightandtruth/www.denversnuffer.net/podcast/episodes/2017.07.29_LT030_Other-Sheep-Indeed.mp3,,5294,,70586538,,,URL,Light and Truth,,,2020-04-28 18:30:00,Podcast,,3482000,,,Restoration Archives
2021-12-30 22:58:16,True,07D93F2E29AB2B7A,Unity In Christ,,True,,,True,,,https://media.blubrry.com/lightandtruth/www.denversnuffer.net/podcast/episodes/2017.07.30_LT031_Unity-in-Christ.mp3,,5296,,71390584,,,URL,Light and Truth,,,2020-05-02 00:06:49,Podcast,,3522000,,,Restoration Archives
2021-12-30 22:58:16,True,6C8C8A9F4AB1B7B4,The Story of the Lumberjack,,True,,,True,,,https://media.blubrry.com/lightandtruth/www.denversnuffer.net/podcast/episodes/2017.08.20_LT032_Lumberjack-Story.mp3,,5298,,10243682,,,URL,Light and Truth,Story of the Lumberjack,,2020-05-02 14:20:00,Podcast,,464000,,,Restoration Archives
2021-12-30 22:58:16,True,3F54E887C1045F3E,Covenant of Christ Conference – Opening Remarks,,True,,,True,,,https://media.blubrry.com/lightandtruth/www.denversnuffer.net/podcast/episodes/2017.09.03_LT033_Opening-Remarks.mp3,,5300,,39936025,,,URL,Light and Truth,,,2020-05-03 20:30:00,Podcast,,1949000,,,Restoration Archives
2021-12-30 22:58:16,True,896C6FDC802D018F,Covenant of Christ Conference – A Prayer for Covenant,,True,,,True,,,https://media.blubrry.com/lightandtruth/www.denversnuffer.net/podcast/episodes/2017.09.03_LT034_Prayer-For-Covenant.mp3,,5302,,25171099,,,URL,Light and Truth,,,2020-05-03 21:05:00,Podcast,,1211000,,,Restoration Archives
2021-12-30 22:58:16,True,AB3041DCF6415C0B,Covenant of Christ Conference – Answer and Covenant,,True,,,True,,,https://media.blubrry.com/lightandtruth/www.denversnuffer.net/podcast/episodes/2017.09.03_LT035_Answer-And-Covenant.mp3,,5304,,51435654,,,URL,Light and Truth,,,2020-05-03 21:25:00,Podcast,,2524000,,,Restoration Archives
2021-12-30 22:58:16,True,40C07AF00A9EE1F1,Covenant of Christ Conference – Closing Remarks,,True,,,True,,,https://media.blubrry.com/lightandtruth/www.denversnuffer.net/podcast/episodes/2017.09.03_LT036_Closing-Remarks.mp3,,5306,,8269870,,,URL,Light and Truth,,,2020-05-03 22:10:00,Podcast,,366000,,,Restoration Archives
2021-12-30 22:58:16,True,BA57BA3D8AEE3A42,1st Address to Christians,,True,,,True,,,https://media.blubrry.com/lightandtruth/www.denversnuffer.net/podcast/episodes/2017.09.21_LT037_Christian-Talk-1.mp3,,5308,,70675878,,,URL,Light and Truth,,,2020-05-06 11:30:00,Podcast,,3486000,,,Restoration Archives
2021-12-30 22:58:16,True,1E26BF0BA38E3BEE,2nd Address to Christians,,True,,,True,,,https://media.blubrry.com/lightandtruth/www.denversnuffer.net/podcast/episodes/2017.10.19_LT038_Christian-Talk-2.mp3,,5310,,100609590,,,URL,Light and Truth,,,2020-05-08 11:02:00,Podcast,,4983000,,,Restoration Archives
2021-12-30 22:58:16,True,1D29D0C699241550,3rd Address to Christians,,True,,,True,,,https://media.blubrry.com/lightandtruth/www.denversnuffer.net/podcast/episodes/2017.11.16_LT039_Christian-Talk-3.mp3,,5312,,122875844,,,URL,Light and Truth,,,2020-05-10 11:03:00,Podcast,,6096000,,,Restoration Archives
2021-12-30 22:58:16,True,E3A67FEE8248683E,The Holy Order,,True,,,True,,,https://media.blubrry.com/lightandtruth/www.denversnuffer.net/podcast/episodes/2017.10.29_LT040_The-Holy-Order.mp3,,5314,,133665982,,,URL,Light and Truth,Holy Order,,2020-05-13 16:00:00,Podcast,,6636000,,,Restoration Archives
2021-12-30 22:58:16,True,DA351F79FBE3C1E0,Cursed: Denied Priesthood,,True,,,True,,,https://media.blubrry.com/lightandtruth/www.denversnuffer.net/podcast/episodes/2018.01.07_LT041_Cursed-Denied-Priesthood.mp3,,5316,,143055967,,,URL,Light and Truth,,,2020-05-19 13:41:00,Podcast,,7105000,,,Restoration Archives
2021-12-30 22:58:16,True,14625CC56502CDDF,That We Might Become One,,True,,,True,,,https://media.blubrry.com/lightandtruth/www.denversnuffer.net/podcast/episodes/2018.01.14_LT042_That-We-Might-Become-One.mp3,,5318,,56835690,,,URL,Light and Truth,,,2020-05-21 13:42:00,Podcast,,2794000,,,Restoration Archives
2021-12-30 22:58:16,True,495BE037DF3B9A5D,Our Divine Parents,,True,,,True,,,https://media.blubrry.com/lightandtruth/www.denversnuffer.net/podcast/episodes/2018.03.25_LT043_Our-Divine-Parents.mp3,,5320,,191960840,,,URL,Light and Truth,,,2020-05-23 15:43:00,Podcast,,9550000,,,Restoration Archives
2021-12-30 22:58:16,True,F7A885E51C2906B8,“Joseph Smith Restoration Conference” 2018,,True,,,True,,,https://media.blubrry.com/lightandtruth/www.denversnuffer.net/podcast/episodes/2018.06.23_LT044_Joseph-Smith-Restoration-Conference.mp3,,5322,,85516057,,,URL,Light and Truth,,,2020-05-26 14:00:00,Podcast,,4228000,,,Restoration Archives
2021-12-30 22:58:16,True,56186D38A7366A3C,Shattered Promises and Great Hope,,True,,,True,,,https://media.blubrry.com/lightandtruth/www.denversnuffer.net/podcast/episodes/2018.07.28_LT045_Shattered-Promises.mp3,,5324,,103808057,,,URL,Light and Truth,,,2020-05-29 15:43:00,Podcast,,5143000,,,Restoration Archives
2021-12-30 22:58:16,True,A5A245A8775FE904,Remembering the Covenants,,True,,,True,,,https://media.blubrry.com/lightandtruth/www.denversnuffer.net/podcast/episodes/2018.08.04_LT046_Remembering-the-Covenants.mp3,,5326,,41260964,,,URL,Light and Truth,,,2020-05-30 14:46:00,Podcast,,2015000,,,Restoration Archives
2021-12-30 22:58:16,True,688C79DDA62CABEE,4th Address to Christians,,True,,,True,,,https://media.blubrry.com/lightandtruth/www.denversnuffer.net/podcast/episodes/2018.09.07_LT047_Christian-Talk-4.mp3,,5328,,41755716,,,URL,Light and Truth,,,2020-06-02 16:00:00,Podcast,,2040000,,,Restoration Archives
2021-12-30 22:58:16,True,3FC63B46BE0565CF,5th Address to Christians,,True,,,True,,,https://media.blubrry.com/lightandtruth/www.denversnuffer.net/podcast/episodes/2018.09.07_LT048_Christian-Talk-5.mp3,,5330,,44610900,,,URL,Light and Truth,,,2020-06-04 16:00:00,Podcast,,2183000,,,Restoration Archives
2021-12-30 22:58:16,True,0F8B30CF46A73266,6th Address to Christians,,True,,,True,,,https://media.blubrry.com/lightandtruth/www.denversnuffer.net/podcast/episodes/2018.09.08_LT049_Christian-Talk-6.mp3,,5332,,53715618,,,URL,Light and Truth,,,2020-06-06 16:00:00,Podcast,,2638000,,,Restoration Archives
2021-12-30 22:58:16,True,4269A272217C6FAD,Keep the Covenant: Do the Work,,True,,,True,,,https://media.blubrry.com/lightandtruth/www.denversnuffer.net/podcast/episodes/2018.09.30_LT050_Keep-The-Covenant-Do-the-Work.mp3,,5334,,138095844,,,URL,Light and Truth,,,2020-06-08 16:30:00,Podcast,,6857000,,,Restoration Archives
2021-12-30 22:58:16,True,12426600D91E9A4F,7th Address to Christians,,True,,,True,,,https://media.blubrry.com/lightandtruth/www.denversnuffer.net/podcast/episodes/2018.11.03_LT051_Christian-Talk-7.mp3,,5336,,60970866,,,URL,Light and Truth,,,2020-06-16 12:51:00,Podcast,,3001000,,,Restoration Archives
2021-12-30 22:58:16,True,18DA03381D083352,Remembering the New Covenant,,True,,,True,,,https://media.blubrry.com/lightandtruth/www.denversnuffer.net/podcast/episodes/2018.11.10_LT052_Remembering-the-New-Covenant.mp3,,5338,,87475760,,,URL,Light and Truth,,,2020-06-18 12:52:00,Podcast,,4326000,,,Restoration Archives
2021-12-30 22:58:16,True,BB4F65A8606ACC18,Book of Mormon as a Covenant,,True,,,True,,,https://media.blubrry.com/lightandtruth/www.denversnuffer.net/podcast/episodes/2019.01.13_LT053_Book-of-Mormon-as-Covenant.mp3,,5340,,104606861,,,URL,Light and Truth,,,2020-07-23 10:45:00,Podcast,,5183000,,,Restoration Archives
2021-12-30 22:58:16,True,33EF308B597DDC96,Signs Follow Faith,,True,,,True,,,https://media.blubrry.com/lightandtruth/www.denversnuffer.net/podcast/episodes/2019.03.03_LT054_Signs-Follow-Faith.mp3,,5342,,125027811,,,URL,Light and Truth,,,2020-07-27 11:54:00,Podcast,,6204000,,,Restoration Archives
2021-12-30 22:58:16,True,758DA440F491C68F,Celebrating the Family of Joseph and Emma Smith,,True,,,True,,,https://media.blubrry.com/lightandtruth/www.denversnuffer.net/podcast/episodes/2019.04.10_LT055_Joseph-and-Emma.mp3,,5344,,72125671,,,URL,Light and Truth,,,2020-07-31 21:45:00,Podcast,,3559000,,,Restoration Archives
2021-12-30 22:58:16,True,065CCA39697129D7,Civilization,,True,,,True,,,https://media.blubrry.com/lightandtruth/www.denversnuffer.net/podcast/episodes/2019.04.21_LT056_Civilization.mp3,,5346,,143355839,,,URL,Light and Truth,,,2020-08-02 11:55:00,Podcast,,7120000,,,Restoration Archives
2021-12-30 22:58:16,True,E7266613C740A35A,Q&A at the “A Hope in Christ: The Temple” Conference,,True,,,True,,,https://media.blubrry.com/lightandtruth/www.denversnuffer.net/podcast/episodes/2019.04.21_LT057_Civilization_QA.mp3,,5348,,85936075,,,URL,Light and Truth,,,2020-08-04 12:57:00,Podcast,,4249000,,,Restoration Archives
2021-12-30 22:58:16,True,CB69D30CA333D7D3,8th Address to Christians,,True,,,True,,,https://media.blubrry.com/lightandtruth/www.denversnuffer.net/podcast/episodes/2019.05.18_LT058_8th-Christians.mp3,,5350,,77648999,,,URL,Light and Truth,,,2020-08-18 14:58:00,Podcast,,3835000,,,Restoration Archives
2021-12-30 22:58:16,True,76EC467C69370040,“Joseph Smith Restoration Conference” 2019,,True,,,True,,,https://media.blubrry.com/lightandtruth/www.denversnuffer.net/podcast/episodes/2019.06.08_LT059_Joseph-Smith-Conference-2.mp3,,5352,,51810775,,,URL,Light and Truth,,,2020-08-20 13:59:00,Podcast,,2543000,,,Restoration Archives
2021-12-30 22:58:16,True,85DC92C0EE21D951,"Authority, Keys, and Kingdom",,True,,,True,,,https://media.blubrry.com/lightandtruth/www.denversnuffer.net/podcast/episodes/2019.07.14_LT060_Authority-Keys-and-Kingdom.mp3,,5354,,74090611,,,URL,Light and Truth,,,2020-08-24 12:00:00,Podcast,,3657000,,,Restoration Archives
2021-12-30 22:58:16,True,DC9F329D30BF4536,Love Others As Yourself,,True,,,True,,,https://media.blubrry.com/lightandtruth/www.denversnuffer.net/podcast/episodes/2019.07.14_LT061_Love-Others-As-Yourself.mp3,,5356,,53175930,,,URL,Light and Truth,,,2020-08-26 12:10:00,Podcast,,2611000,,,Restoration Archives
2021-12-30 22:58:16,True,220A2E9608D35A3A,The Book of Mormon Holds the Covenant Pattern for the Full Restoration,,True,,,True,,,https://media.blubrry.com/lightandtruth/www.denversnuffer.net/podcast/episodes/2019.09.22_LT062_Covenant-Pattern.mp3,,5358,,154595814,,,URL,Light and Truth,Book of Mormon Holds the Covenant Pattern for the Full Restoration,,2020-08-28 18:02:00,Podcast,,7682000,,,Restoration Archives
2021-12-30 22:58:16,True,A8E16CC3143E4FBF,Keeping the Covenant Conference – Q&A,,True,,,True,,,https://media.blubrry.com/lightandtruth/www.denversnuffer.net/podcast/episodes/2019.09.22_LT063_Conference-QandA-with-Denver.mp3,,5360,,91348651,,,URL,Light and Truth,,,2020-08-29 18:03:00,Podcast,,4520000,,,Restoration Archives
2021-12-30 22:58:16,True,34C44F3549B72CD6,The Heavens Are Open,,True,,,True,,,https://media.blubrry.com/lightandtruth/www.denversnuffer.net/podcast/episodes/2020.03.22_LT064_Heavens-Are-Open.mp3,,5362,,120029022,,,URL,Light and Truth,Heavens Are Open,,2020-09-01 08:12:00,Podcast,,5954000,,,Restoration Archives
2021-12-30 22:58:16,True,7702355BE4665A87,"Youth Q&A Session, The Heavens Are Open Conference",,True,,,True,,,https://media.blubrry.com/lightandtruth/www.denversnuffer.net/podcast/episodes/2020.03.22_LT065_Youth-Q-and-A.mp3,,5364,,71898408,,,URL,Light and Truth,,,2020-09-03 12:00:00,Podcast,,3547000,,,Restoration Archives
2021-12-30 22:58:16,True,316FCCB011C6C772,Unity in Humanity Interfaith Celebration,,True,,,True,,,https://media.blubrry.com/lightandtruth/www.denversnuffer.net/podcast/episodes/2020.06.07_LT066_Unity-in-Humanity.mp3,,5366,,84016087,,,URL,Light and Truth,,,2020-09-07 12:00:00,Podcast,,4153000,,,Restoration Archives
2021-12-30 22:58:16,True,BD387D931A07A314,“Joseph Smith Restoration Conference” 2020,,True,,,True,,,https://media.blubrry.com/lightandtruth/www.denversnuffer.net/podcast/episodes/2020.06.20_LT067_Joseph-the-Historian.mp3,,5368,,57144973,,,URL,Light and Truth,,,2020-09-09 08:00:00,Podcast,,2810000,,,Restoration Archives
2021-12-30 22:58:16,True,C589DC716F185F74,The Leather Bound Scriptures,,True,,,True,,,https://media.blubrry.com/lightandtruth/www.denversnuffer.net/podcast/episodes/2020.07.12_LT068_Leather-Scriptures.mp3,,5370,,88410930,,,URL,Light and Truth,Leather Bound Scriptures,,2020-09-11 14:00:00,Podcast,,4373000,,,Restoration Archives
2021-12-30 22:58:16,True,902273352EFD3706,The Search for Truth,,True,,,True,,,https://media.blubrry.com/lightandtruth/www.denversnuffer.net/podcast/episodes/2020.10.04_LT069_Japan-Conference.mp3,,5372,,56891065,,,URL,Light and Truth,Search for Truth,,2020-12-28 23:00:04,Podcast,,2797000,,,Restoration Archives
2021-12-30 22:58:16,True,BC6A9A7F123BA8F0,A Christmas Fireside,,True,,,True,,,https://media.blubrry.com/lightandtruth/www.denversnuffer.net/podcast/episodes/2020.12.20_LT070_Christmas-Fireside.mp3,,5374,,91425988,,,URL,Light and Truth,Christmas Fireside,,2020-12-30 16:00:00,Podcast,,4524000,,,Restoration Archives
2021-12-30 22:58:16,True,5A42C13062741CB7,Personal Revelation,,True,,2021-02-23 19:31:15,,,,https://media.blubrry.com/lightandtruth/www.denversnuffer.net/podcast/episodes/2008.08.16_LT071_Personal_Revelation.mp3,,5376,3,140455732,,,URL,Light and Truth,,,2021-01-20 23:00:00,Podcast,,6975000,3696928275,,Restoration Archives
2021-12-30 22:58:16,True,D43335C87AEB4BFD,Understanding Your Soul,,True,,,True,,,https://media.blubrry.com/lightandtruth/www.denversnuffer.net/podcast/episodes/2021.02.06_LT072_Understanding-Your-Soul.mp3,,5378,,72855937,,,URL,Light and Truth,,,2021-02-07 00:00:42,Podcast,,3595000,,,Restoration Archives
2021-12-30 22:58:16,True,76DDFBEFE613ABD5,"Understanding Your Soul, Part 2",,True,,,True,,,https://media.blubrry.com/lightandtruth/www.denversnuffer.net/podcast/episodes/2021.03.06_LT073_Understanding-Your-Soul_Part-2.mp3,,5380,,108259174,,,URL,Light and Truth,,,2021-03-16 00:00:00,Podcast,,5365000,,,Restoration Archives
2021-12-30 22:58:16,True,1ED54E25814D3C76,"The Religion of the Fathers, Part 1",,True,,2021-09-07 15:37:12,,,,https://media.blubrry.com/lightandtruth/www.denversnuffer.net/podcast/episodes/2021.03.27_LT074_Religion-of-the-Fathers_Part-1.mp3,,5382,91,154340742,,,URL,Light and Truth,"Religion of the Fathers, Part 1",,2021-04-18 11:30:47,Podcast,,7669000,3713852232,,Restoration Archives
2021-12-30 22:58:16,True,663071DD5A41EA73,"The Religion of the Fathers, Part 2",,True,,2021-11-22 17:50:41,,,,https://media.blubrry.com/lightandtruth/www.denversnuffer.net/podcast/episodes/2021.03.27_LT075_Religion-of-the-Fathers_Part-2.mp3,,5384,1,127155632,,,URL,Light and Truth,"Religion of the Fathers, Part 2",,2021-04-18 11:35:33,Podcast,,6310000,3720423041,,Restoration Archives
2021-12-30 22:58:16,True,86E8C90A8849D371,"Joseph, Joseph, Joseph",,True,,2022-01-01 20:46:06,,,,https://media.blubrry.com/lightandtruth/www.denversnuffer.net/podcast/episodes/2021.06.26_LT076_Joseph_Joseph_Joseph.mp3,,5386,37,114793962,,,URL,Light and Truth,,,2021-07-04 12:00:00,Podcast,,3557000,3723889566,,Restoration Archives
2021-12-30 22:58:16,True,72A8EA3C8C34A003,Equality,,True,,2021-09-16 22:46:10,,,,https://media.blubrry.com/lightandtruth/www.denversnuffer.net/podcast/episodes/2021.09.05_LT077_Equality.mp3,,5388,1,185836149,,,URL,Light and Truth,,,2021-09-12 19:15:00,Podcast,,5778000,3714655570,,Restoration Archives
2021-12-30 22:58:16,True,EC9AF25E612066FD,Joseph Smith,,True,,,,,,https://media.blubrry.com/lightandtruth/denversnuffer.net/podcast/episodes/2021.10.17_LT078_Joseph-Smith.mp3,,5390,,208489540,,,URL,Light and Truth,,,2021-11-12 17:30:00,Podcast,,6485000,,,Restoration Archives
2021-12-30 22:58:16,True,A5BAE92A30BEDF8C,Mormonism Live,,True,,2022-04-23 18:39:36,,,,https://media.blubrry.com/lightandtruth/denversnuffer.net/podcast/episodes/2021.11.24_LT079_Mormonism-Live.mp3,,5392,4,216953216,,,URL,Light and Truth,,,2021-12-08 16:30:00,Podcast,,6750000,3733562376,,Restoration Archives
2021-12-30 22:58:16,True,0030B01E0561725B,A Christmas Fireside,,True,,2022-05-03 16:34:52,,,,https://media.blubrry.com/lightandtruth/denversnuffer.net/podcast/episodes/2021.12.17_LT080_Christmas-Fireside.mp3,,5394,2,125372509,,,URL,Light and Truth,Christmas Fireside,,2021-12-19 13:30:00,Podcast,,3888000,3734418892,,Restoration Archives
2022-05-21 03:06:51,True,02D2C245574802A7,"True, Blue, Mormon: Independent Faithfulness",,True,,2022-05-09 16:46:09,,,,https://media.blubrry.com/lightandtruth/www.denversnuffer.net/podcast/episodes/2022.02.26_LT081_True-Blue-Mormon.mp3,,17184,1,90972794,,,URL,Light and Truth,,,2022-02-27 22:30:00,Podcast,,2813000,3734937969,,Restoration Archives
2022-05-21 03:06:51,True,0DE7EC52F7BC7E54,Hear and Trust the Lord,,True,,2022-05-09 18:20:19,,,,http://media.blubrry.com/lightandtruth/denversnuffer.net/podcast/episodes/2022.03.26_LT082_Hear-and-Trust-the-Lord.mp3,,17186,1,222972672,,,URL,Light and Truth,,,2022-04-05 18:55:00,Podcast,,6938000,3734943619,,Restoration Archives
2022-05-27 03:07:24,True,0195E1BA67660C9B,Easter Thoughts and Reflections,MPEG audio file,True,256,2022-05-30 19:10:10,,"From April 3, 2022",83,http://media.blubrry.com/lightandtruth/denversnuffer.net/podcast/episodes/2022.04.03_LT083_Easter-Fireside.mp3,,17866,1,134196457,1,,URL,Light and Truth,,2022-05-27 03:07:24,2022-05-27 00:00:00,Podcast,44100,4164000,3736761010,2022,Restoration Archives
2022-05-28 03:07:07,True,60855CCDED87245C,The Power of Godliness,MPEG audio file,True,256,2022-06-02 18:46:03,,"From May 15, 2022",84,http://media.blubrry.com/lightandtruth/denversnuffer.net/podcast/episodes/2022.05.15_LT084_Seminary-Graduation_Stephanie.mp3,,17874,1,70012148,1,,URL,Light and Truth,Power of Godliness,2022-05-28 03:07:07,2022-05-27 13:00:00,Podcast,44100,2158000,3737018763,2022,Restoration Archives
2022-05-28 03:07:36,True,5C28FB2CEDA72752,Choose Light,MPEG audio file,True,256,2022-06-04 23:57:49,,"From May 15, 2022",85,http://media.blubrry.com/lightandtruth/denversnuffer.net/podcast/episodes/2022.05.15_LT085_Seminary-Graduation_Denver.mp3,,17876,1,80572302,1,,URL,Light and Truth,,2022-05-28 03:07:36,2022-05-27 21:00:00,Podcast,44100,2488000,3737210269,2022,Restoration Archives
2022-08-20 21:47:07,True,16A4035C2B2EF70D,An Interview with an Evangelical,,True,,2022-08-15 13:46:26,,,,http://media.blubrry.com/lightandtruth/denversnuffer.net/podcast/episodes/2022.07.08_LT086_Steven-Pynakker-Interview.mp3,,37468,1,207644435,,,URL,Light and Truth,Interview with an Evangelical,,2022-08-09 13:00:00,Podcast,,6459000,3743394386,,Restoration Archives
2022-09-03 17:55:18,True,50AD83432C9F4C26,"To the Wise, Noble, Virtuous and Pure in Heart",MPEG audio file,True,256,2023-01-08 23:59:36,,"From August 20, 2022",87,http://media.blubrry.com/lightandtruth/denversnuffer.net/podcast/episodes/2022.08.20_LT087_Hildale-Fireside.mp3,,37760,1,178684873,1,,URL,Light and Truth,,2022-09-03 17:55:18,2022-08-28 19:15:00,Podcast,44100,5554000,3756041976,2022,Restoration Archives
2022-11-27 02:12:05,True,D3FC3149C2FD7EDA,Self-Awareness,MPEG audio file,True,256,2023-07-02 21:01:00,,"From September 25, 2022",88,http://media.blubrry.com/lightandtruth/denversnuffer.net/podcast/episodes/2022.09.25_LT088_Self-Awareness.mp3,,38478,1,47772529,1,,URL,Light and Truth,,2022-11-27 02:12:05,2022-10-05 00:30:00,Podcast,44100,1463000,3771154860,2022,Restoration Archives
2022-11-27 02:14:34,True,B8B08FB41007CF59,What to Worry About,MPEG audio file,True,256,,True,"From September 25, 2022",89,file://localhost/C:/Users/bruce/Music/iTunes/iTunes Media/Podcasts/Light and Truth/89 What to Worry About.mp3,4,38520,,137212460,1,1,File,Light and Truth,,2022-11-27 02:14:34,2022-10-06 11:43:00,Podcast,44100,4258063,,2022,Restoration Archives
2022-11-27 02:16:23,True,0623953D7C78FB55,Unity in Humanity Interfaith Celebration – 2022,MPEG audio file,True,256,,True,"From October 22, 2022",90,file://localhost/C:/Users/bruce/Music/iTunes/iTunes Media/Podcasts/Light and Truth/90 Unity in Humanity Interfaith Cele.mp3,4,38534,,52860766,1,1,File,Light and Truth,,2022-11-27 02:16:24,2022-10-26 15:00:00,Podcast,44100,1622073,,2022,Restoration Archives
2022-11-29 02:12:38,True,AA3AE873CFCFEC52,Righteousness,MPEG audio file,True,256,,True,"From November 20, 2022",91,file://localhost/C:/Users/bruce/Music/iTunes/iTunes Media/Podcasts/Light and Truth/91 Righteousness.mp3,4,38580,,150460087,1,1,File,Light and Truth,,2022-11-29 02:12:38,2022-11-28 15:00:00,Podcast,44100,4672052,,2022,Restoration Archives
