date_added,clean,persistent_id,name,podcast,play_date_utc,unplayed,location,sort_album,track_id,play_count,size,track_type,sort_artist,album,sort_name,release_date,genre,total_time,play_date,artist
2022-11-27 02:10:38,,84E2FC183FFFE5B9,Dialogue Lectures #1 w/Dr. David E. Campbell,True,,True,https://media.blubrry.com/dialogue_journal/www.dialoguejournal.com/wp-content/uploads/podcasts/dialoguepodcast_1.mp3,Dialogue Journal,37888,,105622882,URL,Dialogue Journal,The Dialogue Journal,,2012-10-18 18:21:32,Podcast,6601000,,The Dialogue Journal
2022-11-27 02:10:38,,50463F222A420679,Dialogue Lectures #2 w/Dr. John G. Turner,True,,True,https://media.blubrry.com/dialogue_journal/www.dialoguejournal.com/wp-content/uploads/podcasts/dialoguepodcast_2.mp3,Dialogue Journal,37890,,90351907,URL,Dialogue Journal,The Dialogue Journal,,2012-10-24 20:36:48,Podcast,5647000,,The Dialogue Journal
2022-11-27 02:10:38,,CF432E4EC0F694C3,Dialogue Lectures #3 w/Dr. Robert Rees and Dr. Caitlin Ryan,True,,True,https://media.blubrry.com/dialogue_journal/www.dialoguejournal.com/wp-content/uploads/podcasts/dialoguepodcast_3.mp3,Dialogue Journal,37892,,81997321,URL,Dialogue Journal,The Dialogue Journal,,2012-11-15 21:09:49,Podcast,5125000,,The Dialogue Journal
2022-11-27 02:10:38,,3815F03AD4F9CFF1,Dialogue Lectures #4 Mormonsandgays.org roundtable,True,,True,https://media.blubrry.com/dialogue_journal/www.dialoguejournal.com/wp-content/uploads/podcasts/dialoguepodcast_4.mp3,Dialogue Journal,37894,,79799054,URL,Dialogue Journal,The Dialogue Journal,,2012-12-12 19:22:54,Podcast,4987000,,The Dialogue Journal
2022-11-27 02:10:38,,63132B2287B39B97,Dialogue Lectures #5 w/Sarah Barringer Gordon,True,,True,https://media.blubrry.com/dialogue_journal/www.dialoguejournal.com/wp-content/uploads/podcasts/dialoguepodcast_5.mp3,Dialogue Journal,37896,,65662295,URL,Dialogue Journal,The Dialogue Journal,,2013-03-19 19:43:03,Podcast,4104000,,The Dialogue Journal
2022-11-27 02:10:38,,EFDE1E1EE12BFEAD,Dialogue Lectures #6 w/Fiona and Terryl Givens,True,,True,https://media.blubrry.com/dialogue_journal/www.dialoguejournal.com/wp-content/uploads/podcasts/dialoguepodcast_6.mp3,Dialogue Journal,37898,,77502290,URL,Dialogue Journal,The Dialogue Journal,,2013-04-18 09:06:58,Podcast,4844000,,The Dialogue Journal
2022-11-27 02:10:38,,7B2751C28FF73255,Dialogue Lectures #7 w/Eric Eliason,True,,True,https://media.blubrry.com/dialogue_journal/www.dialoguejournal.com/wp-content/uploads/podcasts/dialoguepodcast_7.mp3,Dialogue Journal,37900,,78771250,URL,Dialogue Journal,The Dialogue Journal,,2013-05-21 09:24:24,Podcast,4923000,,The Dialogue Journal
2022-11-27 02:10:38,,6FA5A2D2AC02ACF5,Dialogue Lectures #8 w/Armand Mauss,True,,True,https://media.blubrry.com/dialogue_journal/www.dialoguejournal.com/wp-content/uploads/podcasts/dialoguepodcast8.mp3,Dialogue Journal,37902,,77985101,URL,Dialogue Journal,The Dialogue Journal,,2013-06-25 19:47:48,Podcast,4874000,,The Dialogue Journal
2022-11-27 02:10:38,,0CA6CAE887B11A6C,Dialogue Lectures #9 w/Joseph and Marilyn Bentley,True,,True,https://media.blubrry.com/dialogue_journal/www.dialoguejournal.com/wp-content/uploads/podcasts/dialoguepodcast_9.mp3,Dialogue Journal,37904,,68052720,URL,Dialogue Journal,The Dialogue Journal,,2013-08-13 20:27:44,Podcast,4253000,,The Dialogue Journal
2022-11-27 02:10:38,,2ED3DEDF647B1922,Dialogue Lectures #10 w/Laurie Maffly-Kipp,True,,True,https://media.blubrry.com/dialogue_journal/www.dialoguejournal.com/wp-content/uploads/podcasts/dialoguepodcast_10.mp3,Dialogue Journal,37906,,57244290,URL,Dialogue Journal,The Dialogue Journal,,2013-10-22 16:21:36,Podcast,3578000,,The Dialogue Journal
2022-11-27 02:10:38,,816E7F177A7B6B93,Dialogue Lectures #11 w/Robert Kirby,True,,True,https://media.blubrry.com/dialogue_journal/www.dialoguejournal.com/wp-content/uploads/podcasts/dialoguepodcast_11.mp3,Dialogue Journal,37908,,65256887,URL,Dialogue Journal,The Dialogue Journal,,2013-12-04 22:10:30,Podcast,4079000,,The Dialogue Journal
2022-11-27 02:10:38,,922BB0956406F6BF,Dialogue Lectures #12 w/David Bokovoy,True,,True,https://media.blubrry.com/dialogue_journal/www.dialoguejournal.com/wp-content/uploads/podcasts/dialoguepodcast_12.mp3,Dialogue Journal,37910,,71232892,URL,Dialogue Journal,The Dialogue Journal,,2014-02-05 14:13:58,Podcast,4452000,,The Dialogue Journal
2022-11-27 02:10:38,,68094AF257679569,Dialogue Lectures #13 w/Philip Barlow,True,,True,https://media.blubrry.com/dialogue_journal/www.dialoguejournal.com/wp-content/uploads/podcasts/dialoguepodcast_13.mp3,Dialogue Journal,37912,,85676724,URL,Dialogue Journal,The Dialogue Journal,,2014-03-18 13:11:35,Podcast,5355000,,The Dialogue Journal
2022-11-27 02:10:38,,B0129B3D145CE0DB,Dialogue Lectures #14 w/Brandon Plewe,True,,True,https://media.blubrry.com/dialogue_journal/www.dialoguejournal.com/wp-content/uploads/podcasts/dialoguepodcast_14.mp3,Dialogue Journal,37914,,74038616,URL,Dialogue Journal,The Dialogue Journal,,2014-04-22 09:44:49,Podcast,4627000,,The Dialogue Journal
2022-11-27 02:10:38,,3793B449B334FA52,Dialogue Lectures #15 w/David Stewart & Matt Martinich,True,,True,https://media.blubrry.com/dialogue_journal/www.dialoguejournal.com/wp-content/uploads/podcasts/dialoguepodcast_15.mp3,Dialogue Journal,37916,,79782699,URL,Dialogue Journal,The Dialogue Journal,,2014-05-20 13:44:10,Podcast,4986000,,The Dialogue Journal
2022-11-27 02:10:38,,FBCC7FBFDF6DF17A,Dialogue Lectures #16 w/Valerie Hudson,True,,True,https://media.blubrry.com/dialogue_journal/www.dialoguejournal.com/wp-content/uploads/podcasts/dialoguepodcast_16.mp3,Dialogue Journal,37918,,78299321,URL,Dialogue Journal,The Dialogue Journal,,2014-09-03 14:52:48,Podcast,4894000,,The Dialogue Journal
2022-11-27 02:10:38,,F70AD10FE65FD597,Dialogue Lectures #17 w/Wes Johnson,True,,True,https://media.blubrry.com/dialogue_journal/www.dialoguejournal.com/wp-content/uploads/podcasts/dialoguepodcast_17.mp3,Dialogue Journal,37920,,70503638,URL,Dialogue Journal,The Dialogue Journal,,2014-10-01 14:50:28,Podcast,4406000,,The Dialogue Journal
2022-11-27 02:10:38,,AF7775600E45CEDE,Dialogue Lectures #18 w/Adam Miller,True,,True,https://media.blubrry.com/dialogue_journal/www.dialoguejournal.com/wp-content/uploads/podcasts/dialoguepodcast_18.mp3,Dialogue Journal,37922,,63421636,URL,Dialogue Journal,The Dialogue Journal,,2014-10-16 08:50:28,Podcast,3964000,,The Dialogue Journal
2022-11-27 02:10:38,,44216905BEFBFEDE,Dialogue Lectures #19 w/Craig Harline,True,,True,https://media.blubrry.com/dialogue_journal/www.dialoguejournal.com/wp-content/uploads/podcasts/dialoguepodcast19.mp3,Dialogue Journal,37924,,70633931,URL,Dialogue Journal,The Dialogue Journal,,2014-11-07 16:08:14,Podcast,4415000,,The Dialogue Journal
2022-11-27 02:10:38,,9EF2D0E28EC72E65,Dialogue Lectures #20 w/David Holland,True,,True,https://media.blubrry.com/dialogue_journal/www.dialoguejournal.com/wp-content/uploads/podcasts/dialoguepodcast_20.mp3,Dialogue Journal,37926,,67850334,URL,Dialogue Journal,The Dialogue Journal,,2015-02-14 22:38:42,Podcast,4241000,,The Dialogue Journal
2022-11-27 02:10:38,,FE9A69CF3F395562,Dialogue Lectures #21 w/Neylan McBaine,True,,True,https://media.blubrry.com/dialogue_journal/www.dialoguejournal.com/wp-content/uploads/podcasts/dialoguepodcast_21.mp3,Dialogue Journal,37928,,61973411,URL,Dialogue Journal,The Dialogue Journal,,2015-03-04 19:25:55,Podcast,3873000,,The Dialogue Journal
2022-11-27 02:10:38,,EDEECCD0909102C6,Dialogue Lectures #22 w/Eric Huntsman,True,,True,https://media.blubrry.com/dialogue_journal/www.dialoguejournal.com/wp-content/uploads/podcasts/dialoguepodcast_22.mp3,Dialogue Journal,37930,,79933955,URL,Dialogue Journal,The Dialogue Journal,,2015-06-18 20:31:48,Podcast,4996000,,The Dialogue Journal
2022-11-27 02:10:38,,1BCF1589B6C15D65,Dialogue Lectures #23 w/W Paul Reeve,True,,True,https://media.blubrry.com/dialogue_journal/www.dialoguejournal.com/wp-content/uploads/podcasts/dialoguepodcast_23.mp3,Dialogue Journal,37932,,72129404,URL,Dialogue Journal,The Dialogue Journal,,2015-09-22 09:56:03,Podcast,4508000,,The Dialogue Journal
2022-11-27 02:10:38,,FB61D722B510DD9C,Dialogue Lectures #24 w/Lisa Tait,True,,True,https://media.blubrry.com/dialogue_journal/www.dialoguejournal.com/wp-content/uploads/podcasts/dialoguepodcast_24.mp3,Dialogue Journal,37934,,82312978,URL,Dialogue Journal,The Dialogue Journal,,2015-11-05 13:52:02,Podcast,5145000,,The Dialogue Journal
2022-11-27 02:10:38,,43C1C2E8A4642B1B,Dialogue Lectures #25 w/Russell Stevenson,True,,True,https://media.blubrry.com/dialogue_journal/www.dialoguejournal.com/wp-content/uploads/podcasts/dialoguepodcast_25.mp3,Dialogue Journal,37936,,69410163,URL,Dialogue Journal,The Dialogue Journal,,2015-12-09 22:05:40,Podcast,4338000,,The Dialogue Journal
2022-11-27 02:10:38,True,6ED8F06BF82D36F4,Best of Dialogue 2015,True,,True,http://media.blubrry.com/dialogue_journal/dialoguejournal.com/wp-content/uploads/podcasts/dialoguepodcast_25.mp3,Dialogue Journal,37938,,69410163,URL,Dialogue Journal,The Dialogue Journal,,2015-12-31 19:23:36,Podcast,,,The Dialogue Journal
2022-11-27 02:10:38,,43212BAA92236A8B,Dialogue Lectures #26 w/Patrick Mason,True,,True,https://media.blubrry.com/dialogue_journal/www.dialoguejournal.com/wp-content/uploads/podcasts/dialoguepodcast_26.mp3,Dialogue Journal,37940,,88179869,URL,Dialogue Journal,The Dialogue Journal,,2016-01-15 18:43:41,Podcast,5511000,,The Dialogue Journal
2022-11-27 02:10:38,,84F536A132113CB3,Dialogue Lectures #27 w/Cory Crawford,True,,True,https://media.blubrry.com/dialogue_journal/www.dialoguejournal.com/wp-content/uploads/podcasts/dialoguepodcast_27.mp3,Dialogue Journal,37942,,56829588,URL,Dialogue Journal,The Dialogue Journal,,2016-03-02 19:55:57,Podcast,3552000,,The Dialogue Journal
2022-11-27 02:10:38,,7765DBBDB6448AC0,Dialogue Lectures #28 w/Jared Hickman,True,,True,https://media.blubrry.com/dialogue_journal/www.dialoguejournal.com/wp-content/uploads/podcasts/dialoguepodcast_28.mp3,Dialogue Journal,37944,,75313035,URL,Dialogue Journal,The Dialogue Journal,,2016-05-02 20:02:53,Podcast,4707000,,The Dialogue Journal
2022-11-27 02:10:38,,E636F5DC8648AE8E,Dialogue Lectures #29 w/Editor Boyd Petersen,True,,True,https://media.blubrry.com/dialogue_journal/www.dialoguejournal.com/wp-content/uploads/podcasts/dialoguepodcast_29.mp3,Dialogue Journal,37946,,71929197,URL,Dialogue Journal,The Dialogue Journal,,2016-06-29 20:39:28,Podcast,4496000,,The Dialogue Journal
2022-11-27 02:10:38,,985EE8A93B6803C6,Dialogue Lectures #30 w/Gregory Prince,True,,True,https://media.blubrry.com/dialogue_journal/www.dialoguejournal.com/wp-content/uploads/podcasts/dialoguepodcast_30.mp3,Dialogue Journal,37948,,72185408,URL,Dialogue Journal,The Dialogue Journal,,2016-07-20 12:54:44,Podcast,4512000,,The Dialogue Journal
2022-11-27 02:10:38,True,8413FB71E4C2DEC4,Sitting at Sunstone dialoguing about Dialogue,True,,True,https://media.blubrry.com/dialogue_journal/www.dialoguejournal.com/wp-content/uploads/podcasts/CarolLynnPearson_snippet.mp3,Dialogue Journal,37950,,1508932,URL,Dialogue Journal,The Dialogue Journal,,2016-08-01 04:05:11,Podcast,,,The Dialogue Journal
2022-11-27 02:10:38,,9A7D84A9547835EC,Dialogue Lectures #31 w/Past Dialogue Editors @ Sunstone,True,,True,https://media.blubrry.com/dialogue_journal/www.dialoguejournal.com/wp-content/uploads/podcasts/dialoguepodcast_31.mp3,Dialogue Journal,37952,,82423338,URL,Dialogue Journal,The Dialogue Journal,,2016-09-29 14:32:08,Podcast,5151000,,The Dialogue Journal
2022-11-27 02:10:38,True,CF89B928E7A33ABF,"Special Dialogue Podcast: ""Spirit of Dialogue"" Conference Session 1",True,,True,https://media.blubrry.com/dialogue_journal/www.dialoguejournal.com/wp-content/uploads/podcasts/50conference_session1.mp3,Dialogue Journal,37954,,42415832,URL,Dialogue Journal,The Dialogue Journal,,2016-10-05 16:38:11,Podcast,,,The Dialogue Journal
2022-11-27 02:10:38,True,ED448F4DE4A44CCA,"Special Dialogue Podcast: ""Spirit of Dialogue"" Conference Session 4",True,,True,https://media.blubrry.com/dialogue_journal/www.dialoguejournal.com/wp-content/uploads/podcasts/50conference_session4.mp3,Dialogue Journal,37956,,29405624,URL,Dialogue Journal,The Dialogue Journal,,2016-10-11 16:40:08,Podcast,,,The Dialogue Journal
2022-11-27 02:10:38,True,AF9DC08D8DB9DFB0,"Special Dialogue Podcast: ""Spirit of Dialogue"" Conference Session 5",True,,True,https://media.blubrry.com/dialogue_journal/www.dialoguejournal.com/wp-content/uploads/podcasts/50conference_session5.mp3,Dialogue Journal,37958,,46957820,URL,Dialogue Journal,The Dialogue Journal,,2016-10-11 20:59:47,Podcast,,,The Dialogue Journal
2022-11-27 02:10:38,True,66D08D7BF11AE124,"Special Dialogue Podcast: ""Spirit of Dialogue"" Conference Session 6",True,,True,https://media.blubrry.com/dialogue_journal/www.dialoguejournal.com/wp-content/uploads/podcasts/50conference_session6.mp3,Dialogue Journal,37960,,46549484,URL,Dialogue Journal,The Dialogue Journal,,2016-10-12 01:43:15,Podcast,,,The Dialogue Journal
2022-11-27 02:10:38,True,3EC1E60F059FA4B3,"Special Dialogue Podcast: ""Spirit of Dialogue"" Conference Session 7",True,,True,https://media.blubrry.com/dialogue_journal/www.dialoguejournal.com/wp-content/uploads/podcasts/50conference_session7.mp3,Dialogue Journal,37962,,26830577,URL,Dialogue Journal,The Dialogue Journal,,2016-10-19 22:36:08,Podcast,,,The Dialogue Journal
2022-11-27 02:10:38,,373B0356495FF6C8,Dialogue Lectures #32 w/John Christopher Thomas,True,,True,https://media.blubrry.com/dialogue_journal/www.dialoguejournal.com/wp-content/uploads/podcasts/dialoguepodcast_32.mp3,Dialogue Journal,37964,,79136497,URL,Dialogue Journal,The Dialogue Journal,,2017-01-13 13:18:19,Podcast,4946000,,The Dialogue Journal
2022-11-27 02:10:38,,3395B07DD9691E83,Dialogue Lectures #33 w/Matthew Garrett,True,,True,https://media.blubrry.com/dialogue_journal/www.dialoguejournal.com/wp-content/uploads/podcasts/dialoguepodcast_33.mp3,Dialogue Journal,37966,,74962031,URL,Dialogue Journal,The Dialogue Journal,,2017-02-13 14:34:19,Podcast,4685000,,The Dialogue Journal
2022-11-27 02:10:38,,60710010F2801FD0,Dialogue Lectures #34 w/Laurel Thatcher Ulrich,True,,True,https://media.blubrry.com/dialogue_journal/www.dialoguejournal.com/wp-content/uploads/podcasts/dialoguepodcast_34.mp3,Dialogue Journal,37968,,71456914,URL,Dialogue Journal,The Dialogue Journal,,2017-08-31 18:38:06,Podcast,4466000,,The Dialogue Journal
2022-11-27 02:10:38,,493BD802EFF556A5,Dialogue Lectures #35 w/Bryce Cook,True,,True,https://media.blubrry.com/dialogue_journal/www.dialoguejournal.com/wp-content/uploads/podcasts/dialoguepodcast_35.mp3,Dialogue Journal,37970,,60290666,URL,Dialogue Journal,The Dialogue Journal,,2017-09-17 05:58:37,Podcast,5076000,,The Dialogue Journal
2022-11-27 02:10:38,,A3AA63C591700976,Dialogue Lectures #36 w/Bryce Cook,True,,True,https://media.blubrry.com/dialogue_journal/www.dialoguejournal.com/wp-content/uploads/podcasts/dialoguepodcast_36.mp3,Dialogue Journal,37972,,53064034,URL,Dialogue Journal,The Dialogue Journal,,2017-09-17 09:45:22,Podcast,4230000,,The Dialogue Journal
2022-11-27 02:10:38,,DFA67E63DE606467,Dialogue Lectures #37 w/Christine Durham,True,,True,https://media.blubrry.com/dialogue_journal/www.dialoguejournal.com/wp-content/uploads/podcasts/dialoguepodcast_37.mp3,Dialogue Journal,37974,,92650832,URL,Dialogue Journal,The Dialogue Journal,,2017-11-18 16:37:06,Podcast,5469000,,The Dialogue Journal
2022-11-27 02:10:38,,DE6A1DF99D944D5E,Dialogue Lectures #38 w/D. Michael Quinn,True,,True,https://media.blubrry.com/dialogue_journal/www.dialoguejournal.com/wp-content/uploads/podcasts/dialoguepodcast_38.mp3,Dialogue Journal,37976,,90824641,URL,Dialogue Journal,The Dialogue Journal,,2018-01-30 15:32:35,Podcast,5370000,,The Dialogue Journal
2022-11-27 02:10:38,True,D11D919732F1D76F,Dialogue Lectures #39 w/William MacKinnon and Richard E. Turley,True,,True,https://media.blubrry.com/dialogue_journal/www.dialoguejournal.com/wp-content/uploads/podcasts/dialoguepodcast_39.mp3,Dialogue Journal,37978,,5242880,URL,Dialogue Journal,The Dialogue Journal,,2018-02-07 21:11:52,Podcast,,,The Dialogue Journal
2022-11-27 02:10:38,,BC480F0D672CD612,Dialogue Lectures #40 w/ Thomas Simpson,True,,True,https://media.blubrry.com/dialogue_journal/www.dialoguejournal.com/wp-content/uploads/podcasts/dialoguepodcast_40.mp3,Dialogue Journal,37980,,88417870,URL,Dialogue Journal,The Dialogue Journal,,2018-05-05 03:35:54,Podcast,4971000,,The Dialogue Journal
2022-11-27 02:10:38,,F725200B1C2D0814,Dialogue Lectures #41 w/Patrick Mason,True,,True,https://media.blubrry.com/dialogue_journal/www.dialoguejournal.com/wp-content/uploads/podcasts/dialoguepodcast_41.mp3,Dialogue Journal,37982,,85934509,URL,Dialogue Journal,The Dialogue Journal,,2018-06-05 03:38:04,Podcast,5009000,,The Dialogue Journal
2022-11-27 02:10:38,,E6CC8D96C2C4CA21,Dialogue Lectures #42 w/ Jana Riess,True,,True,https://media.blubrry.com/dialogue_journal/www.dialoguejournal.com/wp-content/uploads/podcasts/dialoguepodcast_42.mp3,Dialogue Journal,37984,,94175648,URL,Dialogue Journal,The Dialogue Journal,,2018-10-05 03:39:24,Podcast,5188000,,The Dialogue Journal
2022-11-27 02:10:38,,5E0B6C40256705D4,Dialogue Lectures #43 w/ Don Bradley,True,,True,https://media.blubrry.com/dialogue_journal/www.dialoguejournal.com/wp-content/uploads/podcasts/dialoguepodcast_43.mp3,Dialogue Journal,37986,,85570522,URL,Dialogue Journal,The Dialogue Journal,,2019-01-05 03:44:18,Podcast,5070000,,The Dialogue Journal
2022-11-27 02:10:38,,C0D77D126E784660,Dialogue Lectures #45 w/ Gary Bergera,True,,True,https://media.blubrry.com/dialogue_journal/www.dialoguejournal.com/wp-content/uploads/podcasts/dialoguepodcast_45.mp3,Dialogue Journal,37988,,77738329,URL,Dialogue Journal,The Dialogue Journal,,2019-05-08 04:33:31,Podcast,4504000,,The Dialogue Journal
2022-11-27 02:10:38,,F00EFEF76F449569,Dialogue Lectures #44 w/ Thomas Wayment,True,,True,https://media.blubrry.com/dialogue_journal/www.dialoguejournal.com/wp-content/uploads/podcasts/dialoguepodcast_44.mp3,Dialogue Journal,37990,,90842955,URL,Dialogue Journal,The Dialogue Journal,,2019-05-08 04:34:32,Podcast,5445000,,The Dialogue Journal
2022-11-27 02:10:38,,12DE91897C8CB06C,Dialogue Lectures #46 w/ Robin Scott Jensen,True,,True,https://media.blubrry.com/dialogue_journal/www.dialoguejournal.com/wp-content/uploads/podcasts/dialoguepodcast_46.mp3,Dialogue Journal,37992,,88007461,URL,Dialogue Journal,The Dialogue Journal,,2020-01-13 18:05:13,Podcast,5096000,,The Dialogue Journal
2022-11-27 02:10:38,True,72DD8CA8B3F47B95,Dialogue Heritage Podcast Series Intro,True,,True,https://media.blubrry.com/dialogue_journal/www.dialoguejournal.com/wp-content/uploads/podcasts/heritage_promo.mp3,Dialogue Journal,37994,,1525700,URL,Dialogue Journal,The Dialogue Journal,,2020-01-14 01:46:05,Podcast,81000,,The Dialogue Journal
2022-11-27 02:10:38,,CFF117B37672735D,Dialogue Lectures #47 w/ Quincy Newell,True,,True,https://media.blubrry.com/dialogue_journal/www.dialoguejournal.com/wp-content/uploads/podcasts/dialoguepodcast_47.mp3,Dialogue Journal,37996,,68509020,URL,Dialogue Journal,The Dialogue Journal,,2020-01-17 02:36:53,Podcast,4010000,,The Dialogue Journal
2022-11-27 02:10:38,,AD9653652E36DCD1,Dialogue Heritage #1,True,,True,https://media.blubrry.com/dialogue_journal/www.dialoguejournal.com/wp-content/uploads/podcasts/DialogueHeritage_Ep1.mp3,Dialogue Journal,37998,,49698267,URL,Dialogue Journal,The Dialogue Journal,,2020-01-21 21:18:10,Podcast,3106000,,The Dialogue Journal
2022-11-27 02:10:38,,637BE5BD56F53265,Dialogue Lectures #48 w/ Steven Harper,True,,True,https://media.blubrry.com/dialogue_journal/www.dialoguejournal.com/wp-content/uploads/podcasts/dialoguepodcast_48.mp3,Dialogue Journal,38000,,82318354,URL,Dialogue Journal,The Dialogue Journal,,2020-01-23 16:31:04,Podcast,4763000,,The Dialogue Journal
2022-11-27 02:10:38,,77AB91EEEB7F58F8,Dialogue Book Report #1,True,,True,https://media.blubrry.com/dialogue_journal/www.dialoguejournal.com/wp-content/uploads/podcasts/dialoguebookreport_1.mp3,Dialogue Journal,38002,,38876773,URL,Dialogue Journal,The Dialogue Journal,,2020-02-05 17:16:44,Podcast,2430000,,The Dialogue Journal
2022-11-27 02:10:38,,9F9B5DBFDB3C1B90,Dialogue Heritage #2,True,,True,https://media.blubrry.com/dialogue_journal/www.dialoguejournal.com/wp-content/uploads/podcasts/DialogueHeritage_Ep2.mp3,Dialogue Journal,38004,,32700343,URL,Dialogue Journal,The Dialogue Journal,,2020-02-12 20:59:28,Podcast,2044000,,The Dialogue Journal
2022-11-27 02:10:38,,629EFFCD730E7AC6,Dialogue Book Report #2,True,,True,https://media.blubrry.com/dialogue_journal/www.dialoguejournal.com/wp-content/uploads/podcasts/dialoguebookreport_2.mp3,Dialogue Journal,38006,,31438686,URL,Dialogue Journal,The Dialogue Journal,,2020-02-20 01:57:18,Podcast,1965000,,The Dialogue Journal
2022-11-27 02:10:38,,E593772A64697AB3,Dialogue Out Loud Presents Bode and Iris by Levi Peterson,True,,True,https://media.blubrry.com/dialogue_journal/www.dialoguejournal.com/wp-content/uploads/podcasts/dialogueoutloud1.mp3,Dialogue Journal,38008,,58928938,URL,Dialogue Journal,The Dialogue Journal,,2020-03-03 23:23:05,Podcast,3683000,,The Dialogue Journal
2022-11-27 02:10:38,,36D7300A22B5E149,Dialogue Book of Mormon Gospel Study with Rev. Dr. Fatimah Salleh on Enos,True,,True,https://media.blubrry.com/dialogue_journal/www.dialoguejournal.com/wp-content/uploads/podcasts/dialoguepodcast_51.m4a,Dialogue Journal,38010,,50602419,URL,Dialogue Journal,The Dialogue Journal,,2020-04-22 20:33:23,Podcast,,,The Dialogue Journal
2022-11-27 02:10:38,,94A76F22B9C7FDC0,Dialogue Heritage #4,True,,True,https://media.blubrry.com/dialogue_journal/www.dialoguejournal.com/wp-content/uploads/podcasts/DialogueHeritage_Ep4.mp3,Dialogue Journal,38012,,69677604,URL,Dialogue Journal,The Dialogue Journal,,2020-04-22 22:37:44,Podcast,4355000,,The Dialogue Journal
2022-11-27 02:10:38,,BA1A7D01E8942338,Dialogue Book of Mormon Gospel Study with Derek Knox and James Jones on Mosiah 1–3,True,,True,https://media.blubrry.com/dialogue_journal/www.dialoguejournal.com/wp-content/uploads/podcasts/dialoguepodcast_52.mp3,Dialogue Journal,38014,,64676814,URL,Dialogue Journal,The Dialogue Journal,,2020-04-23 21:01:19,Podcast,4042000,,The Dialogue Journal
2022-11-27 02:10:38,,4C695DB6D5AD4578,Dialogue Book of Mormon Gospel Study with Kristine Haglund on Mosiah 4–6,True,,True,https://media.blubrry.com/dialogue_journal/www.dialoguejournal.com/wp-content/uploads/podcasts/dialoguepodcast_53.mp3,Dialogue Journal,38016,,55114752,URL,Dialogue Journal,The Dialogue Journal,,2020-04-29 18:54:51,Podcast,3445000,,The Dialogue Journal
2022-11-27 02:10:38,,607A26D04DBCF4C7,Dialogue Book Report #3,True,,True,https://media.blubrry.com/dialogue_journal/www.dialoguejournal.com/wp-content/uploads/podcasts/dialoguebookreport_3.mp3,Dialogue Journal,38018,,45048113,URL,Dialogue Journal,The Dialogue Journal,,2020-05-01 18:22:37,Podcast,2815000,,The Dialogue Journal
2022-11-27 02:10:38,,2253F02EB0740A79,Dialogue Book of Mormon Gospel Study with Roni Jo Draper on Mosiah 7–10,True,,True,https://media.blubrry.com/dialogue_journal/www.dialoguejournal.com/wp-content/uploads/podcasts/dialoguepodcast_54.mp3,Dialogue Journal,38020,,59844786,URL,Dialogue Journal,The Dialogue Journal,,2020-05-04 17:40:56,Podcast,3740000,,The Dialogue Journal
2022-11-27 02:10:38,,B1AC8DDB5029347B,Dialogue Book of Mormon Gospel Study with Adam Miller on Mosiah 11–17,True,,True,https://media.blubrry.com/dialogue_journal/www.dialoguejournal.com/wp-content/uploads/podcasts/dialoguepodcast_55.mp3,Dialogue Journal,38022,,22819998,URL,Dialogue Journal,The Dialogue Journal,,2020-05-11 17:19:04,Podcast,3260000,,The Dialogue Journal
2022-11-27 02:10:38,,9401B2D194D867E3,Dialogue Book of Mormon Gospel Study with Fiona Givens on Mosiah 18–24,True,,True,https://media.blubrry.com/dialogue_journal/www.dialoguejournal.com/wp-content/uploads/podcasts/dialoguepodcast_56.mp3,Dialogue Journal,38024,,29011638,URL,Dialogue Journal,The Dialogue Journal,,2020-05-17 20:35:22,Podcast,4144000,,The Dialogue Journal
2022-11-27 02:10:38,,AAA7346409F58246,Dialogue Book of Mormon Gospel Study with Bob Rees on Mosiah 25–28,True,,True,https://media.blubrry.com/dialogue_journal/www.dialoguejournal.com/wp-content/uploads/podcasts/dialoguepodcast_57.mp3,Dialogue Journal,38026,,42056861,URL,Dialogue Journal,The Dialogue Journal,,2020-05-25 01:48:42,Podcast,2628000,,The Dialogue Journal
2022-11-27 02:10:38,,0840EEA69CBAD0A4,Dialogue Heritage #5,True,,True,https://media.blubrry.com/dialogue_journal/www.dialoguejournal.com/wp-content/uploads/podcasts/DialogueHeritage_Ep5.mp3,Dialogue Journal,38028,,33523797,URL,Dialogue Journal,The Dialogue Journal,,2020-05-26 22:34:05,Podcast,2095000,,The Dialogue Journal
2022-11-27 02:10:38,,927AD15ABC69617A,Dialogue Book of Mormon Gospel Study with David Gore on Mosiah 29 – Alma 4,True,,True,https://media.blubrry.com/dialogue_journal/www.dialoguejournal.com/wp-content/uploads/podcasts/dialoguepodcast_58.mp3,Dialogue Journal,38030,,66278014,URL,Dialogue Journal,The Dialogue Journal,,2020-06-01 02:15:55,Podcast,4142000,,The Dialogue Journal
2022-11-27 02:10:38,,9E41AD1D9E7B2E21,Dialogue Book of Mormon Gospel Study with LaShawn Williams on Alma 5–7,True,,True,https://media.blubrry.com/dialogue_journal/www.dialoguejournal.com/wp-content/uploads/podcasts/dialoguepodcast_59.mp3,Dialogue Journal,38032,,45346026,URL,Dialogue Journal,The Dialogue Journal,,2020-06-07 20:47:27,Podcast,6478000,,The Dialogue Journal
2022-11-27 02:10:38,,26E9DCEE9D24646C,Dialogue Book of Mormon Gospel Study with Gregory Prince on Alma 8–12,True,,True,https://media.blubrry.com/dialogue_journal/www.dialoguejournal.com/wp-content/uploads/podcasts/dialoguepodcast_60.mp3,Dialogue Journal,38034,,179366182,URL,Dialogue Journal,The Dialogue Journal,,2020-06-15 01:53:29,Podcast,4484000,,The Dialogue Journal
2022-11-27 02:10:38,,C80DEDEB8075F517,Dialogue Heritage #6,True,,True,https://media.blubrry.com/dialogue_journal/www.dialoguejournal.com/wp-content/uploads/podcasts/DialogueHeritageEp6.mp3,Dialogue Journal,38036,,83981003,URL,Dialogue Journal,The Dialogue Journal,,2020-06-17 00:46:55,Podcast,5249000,,The Dialogue Journal
2022-11-27 02:10:38,,189AAAD330AB6705,Dialogue Book of Mormon Gospel Study with Laurel Thatcher Ulrich on Alma 13–16,True,,True,https://media.blubrry.com/dialogue_journal/www.dialoguejournal.com/wp-content/uploads/podcasts/dialoguepodcast_61.mp3,Dialogue Journal,38038,,125464275,URL,Dialogue Journal,The Dialogue Journal,,2020-06-22 00:49:44,Podcast,4481000,,The Dialogue Journal
2022-11-27 02:10:38,,C5A31A2B027C1DEF,Dialogue Book of Mormon Gospel Study with Blair Hodges on Alma 17–22,True,,True,https://media.blubrry.com/dialogue_journal/www.dialoguejournal.com/wp-content/uploads/podcasts/dialoguepodcast_62.mp3,Dialogue Journal,38040,,113740938,URL,Dialogue Journal,The Dialogue Journal,,2020-06-28 21:23:49,Podcast,4062000,,The Dialogue Journal
2022-11-27 02:10:38,,CCA554653BA8F4F4,Dialogue Book of Mormon Gospel Study with Michalyn Steele on Alma 23–29,True,,True,https://media.blubrry.com/dialogue_journal/www.dialoguejournal.com/wp-content/uploads/podcasts/dialoguepodcast_63.mp3,Dialogue Journal,38042,,114592320,URL,Dialogue Journal,The Dialogue Journal,,2020-07-05 22:05:39,Podcast,4093000,,The Dialogue Journal
2022-11-27 02:10:38,,AAF147B81B0DE9AC,Dialogue Book of Mormon Gospel Study with Ignacio Garcia on Alma 30–31,True,,True,https://media.blubrry.com/dialogue_journal/www.dialoguejournal.com/wp-content/uploads/podcasts/dialoguepodcast_64.mp3,Dialogue Journal,38044,,151470949,URL,Dialogue Journal,The Dialogue Journal,,2020-07-13 03:34:48,Podcast,5410000,,The Dialogue Journal
2022-11-27 02:10:38,,8265AD41F3F4DC8F,Dialogue Book Report #4: Recent books on LGBTQ issues and Mormonism,True,,True,https://media.blubrry.com/dialogue_journal/www.dialoguejournal.com/wp-content/uploads/podcasts/dialoguebookreport_4.mp3,Dialogue Journal,38046,,47645173,URL,Dialogue Journal,The Dialogue Journal,,2020-07-17 17:57:53,Podcast,2382000,,The Dialogue Journal
2022-11-27 02:10:38,,F0D8E4CE343D25C5,Dialogue Heritage #7,True,,True,https://media.blubrry.com/dialogue_journal/www.dialoguejournal.com/wp-content/uploads/podcasts/DialogueHeritageEp7.mp3,Dialogue Journal,38048,,73117695,URL,Dialogue Journal,The Dialogue Journal,,2020-07-18 21:18:37,Podcast,3656000,,The Dialogue Journal
2022-11-27 02:10:38,,1FD516E58565ADDB,Dialogue Book of Mormon Gospel Study with Kathryn Shirts on Alma 32–35,True,,True,https://media.blubrry.com/dialogue_journal/www.dialoguejournal.com/wp-content/uploads/podcasts/dialoguepodcast_65.mp3,Dialogue Journal,38050,,96937829,URL,Dialogue Journal,The Dialogue Journal,,2020-07-20 03:04:52,Podcast,3462000,,The Dialogue Journal
2022-11-27 02:10:38,,00C555368612172D,Dialogue Book of Mormon Gospel Study with Nathan Kitchen on Alma 36–38,True,,True,https://media.blubrry.com/dialogue_journal/www.dialoguejournal.com/wp-content/uploads/podcasts/dialoguepodcast_66.mp3,Dialogue Journal,38052,,115456869,URL,Dialogue Journal,The Dialogue Journal,,2020-07-26 20:33:25,Podcast,4123000,,The Dialogue Journal
2022-11-27 02:10:38,,C13D397187CECC57,Dialogue Book of Mormon Gospel Study with Maxine Hanks on Alma 39–42,True,,True,https://media.blubrry.com/dialogue_journal/www.dialoguejournal.com/wp-content/uploads/podcasts/dialoguepodcast_67.mp3,Dialogue Journal,38054,,130742263,URL,Dialogue Journal,The Dialogue Journal,,2020-08-03 00:28:43,Podcast,4669000,,The Dialogue Journal
2022-11-27 02:10:38,,25B2718A70E2FFE6,Dialogue Book of Mormon Gospel Study with Patrick Mason on Alma 43–52,True,,True,https://media.blubrry.com/dialogue_journal/www.dialoguejournal.com/wp-content/uploads/podcasts/dialoguepodcast_68.mp3,Dialogue Journal,38056,,139542812,URL,Dialogue Journal,The Dialogue Journal,,2020-08-10 01:26:04,Podcast,4984000,,The Dialogue Journal
2022-11-27 02:10:38,,5CA02E138D540BFD,Dialogue Book of Mormon Gospel Study with Farina King on Helaman 1–6,True,2020-12-17 18:54:21,,https://media.blubrry.com/dialogue_journal/www.dialoguejournal.com/wp-content/uploads/podcasts/dialoguepodcast_69.mp3,Dialogue Journal,38058,2,131668983,URL,Dialogue Journal,The Dialogue Journal,,2020-08-17 03:31:06,Podcast,4702000,3691050861,The Dialogue Journal
2022-11-27 02:10:38,,E7CEDC1E77798BE9,Farina King's Sunday Study Bonus Content,True,,True,https://media.blubrry.com/dialogue_journal/www.dialoguejournal.com/wp-content/uploads/podcasts/dialoguepodcast_farinabonus.mp3,Dialogue Journal,38060,,15106327,URL,Dialogue Journal,The Dialogue Journal,,2020-08-18 20:05:46,Podcast,1888000,,The Dialogue Journal
2022-11-27 02:10:38,,B152F3FD68833739,"Dialogue Book Report #5: Two Andrews on Mormon studies, Summer 2020",True,,True,https://media.blubrry.com/dialogue_journal/www.dialoguejournal.com/wp-content/uploads/podcasts/dialoguebookreport_5.mp3,Dialogue Journal,38062,,54845565,URL,Dialogue Journal,The Dialogue Journal,,2020-08-22 00:17:35,Podcast,2742000,,The Dialogue Journal
2022-11-27 02:10:38,,2C151CF5C21D2BC4,Dialogue Book of Mormon Gospel Study with Daniel Becerra on Helaman 7–12,True,,True,https://media.blubrry.com/dialogue_journal/www.dialoguejournal.com/wp-content/uploads/podcasts/dialoguepodcast_70.mp3,Dialogue Journal,38064,,113071680,URL,Dialogue Journal,The Dialogue Journal,,2020-08-23 22:52:28,Podcast,4038000,,The Dialogue Journal
2022-11-27 02:10:38,,48B6FA6B9718D499,Dialogue Heritage #8,True,,True,https://media.blubrry.com/dialogue_journal/www.dialoguejournal.com/wp-content/uploads/podcasts/DialogueHeritageEp8.mp3,Dialogue Journal,38066,,29845336,URL,Dialogue Journal,The Dialogue Journal,,2020-08-28 21:05:06,Podcast,1492000,,The Dialogue Journal
2022-11-27 02:10:38,,15AE9261E3638BC7,Dialogue Book of Mormon Gospel Study with Andrea Radke-Moss on Helaman 13–16,True,,True,https://media.blubrry.com/dialogue_journal/www.dialoguejournal.com/wp-content/uploads/podcasts/dialoguepodcast_71.mp3,Dialogue Journal,38068,,172305692,URL,Dialogue Journal,The Dialogue Journal,,2020-08-31 00:40:43,Podcast,6154000,,The Dialogue Journal
2022-11-27 02:10:38,,BA1F414D39E2960F,Dialogue Book of Mormon Gospel Study with Michael D. K. Ing on 3 Nephi 1 – 7,True,,True,https://media.blubrry.com/dialogue_journal/www.dialoguejournal.com/wp-content/uploads/podcasts/dialoguepodcast_72.mp3,Dialogue Journal,38070,,196252871,URL,Dialogue Journal,The Dialogue Journal,,2020-09-14 00:18:23,Podcast,4906000,,The Dialogue Journal
2022-11-27 02:10:38,,BBAC2DE87821A298,Dialogue Book of Mormon Gospel Study with Margaret Blair Young on 3 Nephi 8–11,True,,True,https://media.blubrry.com/dialogue_journal/www.dialoguejournal.com/wp-content/uploads/podcasts/dialoguepodcast_73.mp3,Dialogue Journal,38072,,155460892,URL,Dialogue Journal,The Dialogue Journal,,2020-09-21 01:51:09,Podcast,5552000,,The Dialogue Journal
2022-11-27 02:10:38,,19CB1E17C3E5B6D6,Dialogue Heritage #9,True,,True,https://media.blubrry.com/dialogue_journal/www.dialoguejournal.com/wp-content/uploads/podcasts/DialogueHeritageEp9.mp3,Dialogue Journal,38074,,90005336,URL,Dialogue Journal,The Dialogue Journal,,2020-09-25 17:47:45,Podcast,4500000,,The Dialogue Journal
2022-11-27 02:10:38,,13C1109E77E798D4,Dialogue Book of Mormon Gospel Study with David Holland on 3 Nephi 12 –16,True,,True,https://media.blubrry.com/dialogue_journal/www.dialoguejournal.com/wp-content/uploads/podcasts/dialoguepodcast_74.mp3,Dialogue Journal,38076,,128000869,URL,Dialogue Journal,The Dialogue Journal,,2020-09-27 21:15:48,Podcast,4571000,,The Dialogue Journal
2022-11-27 02:10:38,,F0D3194222D70F8B,Dialogue Book Report #6: Irreversible Things,True,2020-10-16 15:29:40,,https://media.blubrry.com/dialogue_journal/www.dialoguejournal.com/wp-content/uploads/podcasts/dialoguebookreport_6.mp3,Dialogue Journal,38078,1,22217923,URL,Dialogue Journal,The Dialogue Journal,,2020-09-29 21:21:13,Podcast,1437000,3685685380,The Dialogue Journal
2022-11-27 02:10:38,,DE70AC57B572E1CA,Dialogue Book of Mormon Gospel Study with J. Tekulvē Jackson-Vann on 3 Nephi 17 – 19,True,2020-12-17 20:39:56,,https://media.blubrry.com/dialogue_journal/www.dialoguejournal.com/wp-content/uploads/podcasts/dialoguepodcast_75.mp3,Dialogue Journal,38080,1,124822812,URL,Dialogue Journal,The Dialogue Journal,,2020-10-11 23:26:56,Podcast,4458000,3691057196,The Dialogue Journal
2022-11-27 02:10:38,,863E4F339600CB06,Dialogue Lectures #50 w/ Taylor Petrey,True,2020-12-18 15:25:56,,https://media.blubrry.com/dialogue_journal/www.dialoguejournal.com/wp-content/uploads/podcasts/dialoguepodcast_76.mp3,Dialogue Journal,38082,1,89470122,URL,Dialogue Journal,The Dialogue Journal,,2020-10-12 21:44:02,Podcast,3726000,3691124756,The Dialogue Journal
2022-11-27 02:10:38,,FCD6A64A8B5BE42B,Dialogue Heritage #10,True,2020-12-18 17:57:10,,https://media.blubrry.com/dialogue_journal/www.dialoguejournal.com/wp-content/uploads/podcasts/DialogueHeritageEp10.mp3,Dialogue Journal,38084,1,38405140,URL,Dialogue Journal,The Dialogue Journal,,2020-10-15 21:07:40,Podcast,1920000,3691133830,The Dialogue Journal
2022-11-27 02:10:38,,854C4A9E703A48F9,Dialogue Book of Mormon Gospel Study with Tom Christofferson on 3 Nephi 20 – 26,True,2020-12-19 18:13:08,,http://media.blubrry.com/dialogue_journal/dj.localdev/wp-content/uploads/2020/10/dialoguepodcast_77-1.mp3,Dialogue Journal,38086,1,86391052,URL,Dialogue Journal,The Dialogue Journal,,2020-10-22 03:30:36,Podcast,3600000,3691221188,The Dialogue Journal
2022-11-27 02:10:38,,8DB17113C1A9F2D0,Dialogue Book of Mormon Gospel Study with Rebecca Roesler on 3 Nephi 27 – 4 Nephi,True,2020-12-19 19:49:58,,http://media.blubrry.com/dialogue_journal/dj.localdev/wp-content/uploads/2020/10/dialoguepodcast_78.mp3,Dialogue Journal,38088,1,128513814,URL,Dialogue Journal,The Dialogue Journal,,2020-10-26 03:26:30,Podcast,5355000,3691226998,The Dialogue Journal
2022-11-27 02:10:38,,6848087611E784FA,Dialogue Fireside #1 w/Thomas Griffith,True,2020-12-21 14:44:40,,http://media.blubrry.com/dialogue_journal/dj.localdev/wp-content/uploads/2020/10/dialoguepodcast_79.mp3,Dialogue Journal,38090,1,125620806,URL,Dialogue Journal,The Dialogue Journal,,2020-10-26 20:17:07,Podcast,4486000,3691381480,The Dialogue Journal
2022-11-27 02:10:38,,10FC56A7814B5E97,Dialogue Book of Mormon Gospel Study with Louise Wheeler on Mormon 1–6,True,,True,http://media.blubrry.com/dialogue_journal/dj.localdev/wp-content/uploads/2020/11/dialoguepodcast_80.mp3,Dialogue Journal,38092,,98679048,URL,Dialogue Journal,The Dialogue Journal,,2020-11-01 23:42:49,Podcast,4112000,,The Dialogue Journal
2022-11-27 02:10:38,,B6CEB02D7A140C23,Dialogue Book Report #7: D. J. Butler,True,,True,https://media.blubrry.com/dialogue_journal/www.dialoguejournal.com/wp-content/uploads/podcasts/dialoguebookreport_7.mp3,Dialogue Journal,38094,,114665450,URL,Dialogue Journal,The Dialogue Journal,,2020-11-04 17:28:04,Podcast,5733000,,The Dialogue Journal
2022-11-27 02:10:38,,256C49A0927783C7,Dialogue Out Loud Presents Hug a Queer Latter-day Saint,True,,True,https://media.blubrry.com/dialogue_journal/www.dialoguejournal.com/wp-content/uploads/podcasts/dialogueoutloud2.mp3,Dialogue Journal,38096,,17845206,URL,Dialogue Journal,The Dialogue Journal,,2020-11-07 01:21:40,Podcast,892000,,The Dialogue Journal
2022-11-27 02:10:38,,B3F0B156D778C740,Dialogue Book of Mormon Gospel Study with Kylie Nielson Turley on Mormon 7–9,True,,True,https://media.blubrry.com/dialogue_journal/www.dialoguejournal.com/wp-content/uploads/podcasts/dialoguepodcast_81.mp3,Dialogue Journal,38098,,93524984,URL,Dialogue Journal,The Dialogue Journal,,2020-11-09 04:20:30,Podcast,3897000,,The Dialogue Journal
2022-11-27 02:10:38,,2EF497B973EFDFD2,Dialogue Out Loud Presents In the Garden of Babel,True,,True,https://media.blubrry.com/dialogue_journal/www.dialoguejournal.com/wp-content/uploads/podcasts/dialogueoutloud3.mp3,Dialogue Journal,38100,,40842887,URL,Dialogue Journal,The Dialogue Journal,,2020-11-13 15:38:00,Podcast,2042000,,The Dialogue Journal
2022-11-27 02:10:38,,B0D9CCED817C2EFA,Dialogue Book of Mormon Gospel Study with Ben Schilaty on Ether 1–5,True,2021-01-22 14:53:00,,https://media.blubrry.com/dialogue_journal/www.dialoguejournal.com/wp-content/uploads/podcasts/dialoguepodcast_82.mp3,Dialogue Journal,38102,1,96619554,URL,Dialogue Journal,The Dialogue Journal,,2020-11-16 00:35:12,Podcast,4026000,3694146780,The Dialogue Journal
2022-11-27 02:10:38,,54C94B026F93CD61,Dialogue Heritage #11,True,,True,https://media.blubrry.com/dialogue_journal/www.dialoguejournal.com/wp-content/uploads/podcasts/DialogueHeritageEp11.mp3,Dialogue Journal,38104,,40505385,URL,Dialogue Journal,The Dialogue Journal,,2020-11-17 17:46:26,Podcast,2025000,,The Dialogue Journal
2022-11-27 02:10:38,,7257B32ED5AC4FDB,Dialogue Fireside #2 w/Claudia Bushman,True,,True,https://media.blubrry.com/dialogue_journal/www.dialoguejournal.com/wp-content/uploads/podcasts/dialoguepodcast_83.mp3,Dialogue Journal,38106,,93370130,URL,Dialogue Journal,The Dialogue Journal,,2020-11-20 05:02:54,Podcast,3890000,,The Dialogue Journal
2022-11-27 02:10:38,,4DB294AC7C047258,Dialogue Out Loud Presents Certain Places,True,,True,https://media.blubrry.com/dialogue_journal/www.dialoguejournal.com/wp-content/uploads/podcasts/dialogueoutloud4.mp3,Dialogue Journal,38108,,41485500,URL,Dialogue Journal,The Dialogue Journal,,2020-11-20 23:02:27,Podcast,2074000,,The Dialogue Journal
2022-11-27 02:10:38,,ACF05FAF9A5BFBC0,Dialogue Book of Mormon Gospel Study with Daylin Amesimeku on Ether 6–15,True,,True,https://media.blubrry.com/dialogue_journal/www.dialoguejournal.com/wp-content/uploads/podcasts/dialoguepodcast_84.mp3,Dialogue Journal,38110,,100357363,URL,Dialogue Journal,The Dialogue Journal,,2020-11-22 22:51:10,Podcast,4181000,,The Dialogue Journal
2022-11-27 02:10:38,,FB3845FF8E616B89,Dialogue Out Loud Presents Ace of Saints,True,,True,https://media.blubrry.com/dialogue_journal/www.dialoguejournal.com/wp-content/uploads/podcasts/dialogueoutloud5.mp3,Dialogue Journal,38112,,51325304,URL,Dialogue Journal,The Dialogue Journal,,2020-11-27 21:43:41,Podcast,2566000,,The Dialogue Journal
2022-11-27 02:10:38,,E77D5FB44390337C,Dialogue Out Loud Presents Mormon Saga by Maurine Whipple,True,,True,https://media.blubrry.com/dialogue_journal/www.dialoguejournal.com/wp-content/uploads/podcasts/dialogueoutloud6.mp3,Dialogue Journal,38114,,67575557,URL,Dialogue Journal,The Dialogue Journal,,2020-12-04 16:10:04,Podcast,3379000,,The Dialogue Journal
2022-11-27 02:10:38,,3E690514053B5F80,Dialogue Sunday Study #33 w/Aimee Evans Hickman on on Moroni 1–6,True,,True,https://media.blubrry.com/dialogue_journal/www.dialoguejournal.com/wp-content/uploads/podcasts/dialoguepodcast_85.mp3,Dialogue Journal,38116,,66847486,URL,Dialogue Journal,The Dialogue Journal,,2020-12-06 23:46:40,Podcast,2785000,,The Dialogue Journal
2022-11-27 02:10:38,,F65898B68D94F132,Dialogue Out Loud Presents Who Brought Forth This Christmas Demon by Larry Menlove,True,,True,https://media.blubrry.com/dialogue_journal/www.dialoguejournal.com/wp-content/uploads/podcasts/dialogueoutloud7.mp3,Dialogue Journal,38118,,42845434,URL,Dialogue Journal,The Dialogue Journal,,2020-12-11 19:05:03,Podcast,2142000,,The Dialogue Journal
2022-11-27 02:10:38,,1EF2AE85FDF901F9,Dialogue Book of Mormon Gospel Study with Joseph Spencer on Moroni 7–10,True,,True,https://media.blubrry.com/dialogue_journal/www.dialoguejournal.com/wp-content/uploads/podcasts/dialoguepodcast_86.mp3,Dialogue Journal,38120,,124340279,URL,Dialogue Journal,The Dialogue Journal,,2020-12-14 01:59:57,Podcast,5181000,,The Dialogue Journal
2022-11-27 02:10:38,,BFD118F1C79ACC22,Dialogue Fireside #3 w/Brian Kershisnik,True,,True,https://media.blubrry.com/dialogue_journal/www.dialoguejournal.com/wp-content/uploads/podcasts/dialoguepodcast_87.mp3,Dialogue Journal,38122,,105903264,URL,Dialogue Journal,The Dialogue Journal,,2020-12-21 21:31:51,Podcast,4413000,,The Dialogue Journal
2022-11-27 02:10:38,,3769E5158D88F77B,Dialogue Book Report #8: Andrew and Andrew on 2020 LDS books,True,,True,https://media.blubrry.com/dialogue_journal/www.dialoguejournal.com/wp-content/uploads/podcasts/dialoguebookreport_8.mp3,Dialogue Journal,38124,,52765173,URL,Dialogue Journal,The Dialogue Journal,,2021-01-05 00:04:36,Podcast,2638000,,The Dialogue Journal
2022-11-27 02:10:38,,787C2F0CCA28B139,Dialogue Fireside #4 w/Benjamin Park,True,,True,https://media.blubrry.com/dialogue_journal/www.dialoguejournal.com/wp-content/uploads/podcasts/dialoguepodcast_88.mp3,Dialogue Journal,38126,,120057660,URL,Dialogue Journal,The Dialogue Journal,,2021-01-20 00:36:25,Podcast,5002000,,The Dialogue Journal
2022-11-27 02:10:38,,EEA100673F4D275D,Dialogue Doctrine & Covenants Gospel Study with Kif Augustine on Intro to D&C,True,,True,https://media.blubrry.com/dialogue_journal/www.dialoguejournal.com/wp-content/uploads/podcasts/dialoguepodcast_89.mp3,Dialogue Journal,38128,,98963051,URL,Dialogue Journal,The Dialogue Journal,,2021-01-25 17:27:50,Podcast,4123000,,The Dialogue Journal
2022-11-27 02:10:38,,FC22306254607E00,Dialogue Book Report #9: Novels of polygamy and the Great Basin frontier,True,2021-04-23 14:51:49,,https://media.blubrry.com/dialogue_journal/www.dialoguejournal.com/wp-content/uploads/podcasts/dialoguebookreport_9.mp3,Dialogue Journal,38130,1,57395638,URL,Dialogue Journal,The Dialogue Journal,,2021-01-29 16:51:33,Podcast,2870000,3702012709,The Dialogue Journal
2022-11-27 02:10:38,,56C4AFF27BD715D9,Dialogue Topic Pages #1: First Vision,True,,True,https://media.blubrry.com/dialogue_journal/www.dialoguejournal.com/wp-content/uploads/podcasts/dialoguepodcast_topics1.mp3,Dialogue Journal,38132,,26385157,URL,Dialogue Journal,The Dialogue Journal,,2021-02-04 02:23:53,Podcast,1319000,,The Dialogue Journal
2022-11-27 02:10:38,,36E9C4F93F798576,Dialogue Doctrine & Covenants Gospel Study with Elray Henriksen on JS History,True,,True,https://media.blubrry.com/dialogue_journal/www.dialoguejournal.com/wp-content/uploads/podcasts/dialoguepodcast_90.mp3,Dialogue Journal,38134,,102649210,URL,Dialogue Journal,The Dialogue Journal,,2021-02-14 23:45:03,Podcast,4277000,,The Dialogue Journal
2022-11-27 02:10:38,,5178E7BFC06B0B89,Dialogue Fireside #5 w/Jill Mulvay Derr,True,2021-05-13 16:23:46,,https://media.blubrry.com/dialogue_journal/www.dialoguejournal.com/wp-content/uploads/podcasts/dialoguepodcast_91.mp3,Dialogue Journal,38136,1,113505523,URL,Dialogue Journal,The Dialogue Journal,,2021-02-24 04:11:13,Podcast,4729000,3703746226,The Dialogue Journal
2022-11-27 02:10:38,,A3BD8F40F4618A15,Dialogue Topic Pages Podcast #2: Race,True,,True,https://media.blubrry.com/dialogue_journal/www.dialoguejournal.com/wp-content/uploads/podcasts/dialoguetopics_1.mp3,Dialogue Journal,38138,,58325597,URL,Dialogue Journal,The Dialogue Journal,,2021-02-27 01:11:30,Podcast,2916000,,The Dialogue Journal
2022-11-27 02:10:38,,8FD01B9D275B882A,Dialogue Doctrine & Covenants Gospel Study with Cathy Stokes on Black Pioneers,True,,True,https://media.blubrry.com/dialogue_journal/www.dialoguejournal.com/wp-content/uploads/podcasts/dialoguepodcast_92.mp3,Dialogue Journal,38140,,85751924,URL,Dialogue Journal,The Dialogue Journal,,2021-03-01 16:38:17,Podcast,3573000,,The Dialogue Journal
2022-11-27 02:10:38,,6048551AB52B8366,Dialogue Doctrine & Covenants Gospel Study with Melody Newey Johnson on D&C 23–28,True,,True,https://media.blubrry.com/dialogue_journal/www.dialoguejournal.com/wp-content/uploads/podcasts/dialoguepodcast_93.mp3,Dialogue Journal,38142,,144685037,URL,Dialogue Journal,The Dialogue Journal,,2021-03-15 01:50:21,Podcast,4521000,,The Dialogue Journal
2022-11-27 02:10:38,,FCE195DBE01781BD,Dialogue Topic Pages Podcast #3: Feminism,True,,True,https://media.blubrry.com/dialogue_journal/www.dialoguejournal.com/wp-content/uploads/podcasts/dialoguetopics_3.mp3,Dialogue Journal,38144,,66565140,URL,Dialogue Journal,The Dialogue Journal,,2021-03-18 18:19:11,Podcast,3328000,,The Dialogue Journal
2022-11-27 02:10:38,,65A0BCE2110C98F1,Dialogue Fireside #6 w/Terryl Givens,True,,True,https://media.blubrry.com/dialogue_journal/www.dialoguejournal.com/wp-content/uploads/podcasts/dialoguepodcast_94.mp3,Dialogue Journal,38146,,102649451,URL,Dialogue Journal,The Dialogue Journal,,2021-03-23 01:24:21,Podcast,4277000,,The Dialogue Journal
2022-11-27 02:10:38,,8E6596B27673353C,Dialogue Doctrine & Covenants Gospel Study with Darius Gray on Black Pioneers,True,,True,https://media.blubrry.com/dialogue_journal/www.dialoguejournal.com/wp-content/uploads/podcasts/dialoguepodcast_95.mp3,Dialogue Journal,38148,,211927369,URL,Dialogue Journal,The Dialogue Journal,,2021-03-29 00:15:18,Podcast,5298000,,The Dialogue Journal
2022-11-27 02:10:38,,202030CA2A9A92C4,Dialogue Doctrine & Covenants Gospel Study with David-James Gonzales on D&C 30–40,True,2021-04-17 22:32:02,,https://media.blubrry.com/dialogue_journal/www.dialoguejournal.com/wp-content/uploads/podcasts/dialoguepodcast_96.mp3,Dialogue Journal,38150,1,150714112,URL,Dialogue Journal,The Dialogue Journal,,2021-04-12 02:11:35,Podcast,3768000,3701521922,The Dialogue Journal
2022-11-27 02:10:38,,12CFE7B80B1ABE43,Dialogue Topic Pages #4: Temples,True,,True,https://media.blubrry.com/dialogue_journal/www.dialoguejournal.com/wp-content/uploads/podcasts/dialoguepodcast_topics4.mp3,Dialogue Journal,38152,,45415456,URL,Dialogue Journal,The Dialogue Journal,,2021-04-15 23:05:22,Podcast,2271000,,The Dialogue Journal
2022-11-27 02:10:38,,DEEE6B1EE6D099FF,Dialogue Fireside #7 w/Rosemary Card,True,2021-07-31 17:57:42,,https://media.blubrry.com/dialogue_journal/www.dialoguejournal.com/wp-content/uploads/podcasts/dialoguepodcast_97.mp3,Dialogue Journal,38154,1,145006879,URL,Dialogue Journal,The Dialogue Journal,,2021-04-20 18:23:29,Podcast,3625000,3710577462,The Dialogue Journal
2022-11-27 02:10:38,,DEEECEE83711D8DD,Dialogue Doctrine & Covenants Gospel Study with Heather Sundahl on D&C 41–45,True,,True,https://media.blubrry.com/dialogue_journal/www.dialoguejournal.com/wp-content/uploads/podcasts/dialoguepodcast_98.mp3,Dialogue Journal,38156,,162965541,URL,Dialogue Journal,The Dialogue Journal,,2021-04-26 02:38:39,Podcast,4074000,,The Dialogue Journal
2022-11-27 02:10:38,,808D217471386895,Dialogue Book Report #10: The best of 2020–Creative Nonfiction and Poetry,True,2021-08-25 20:54:04,,https://media.blubrry.com/dialogue_journal/www.dialoguejournal.com/wp-content/uploads/podcasts/dialoguebookreport_10.mp3,Dialogue Journal,38158,1,68085376,URL,Dialogue Journal,The Dialogue Journal,,2021-04-29 17:27:53,Podcast,3404000,3712748044,The Dialogue Journal
2022-11-27 02:10:38,,101E7136EA6C3467,Dialogue Out Loud Presents Confession by Sylvette Wolfe,True,2021-08-26 15:56:54,,https://media.blubrry.com/dialogue_journal/www.dialoguejournal.com/wp-content/uploads/podcasts/dialogueoutloud_8.mp3,Dialogue Journal,38160,1,25885216,URL,Dialogue Journal,The Dialogue Journal,,2021-05-04 00:00:26,Podcast,1294000,3712816614,The Dialogue Journal
2022-11-27 02:10:38,,D2F0CE04A93A4E56,Dialogue Doctrine & Covenants Gospel Study with Sylvia Cabus on D&C 46–50,True,,True,https://media.blubrry.com/dialogue_journal/www.dialoguejournal.com/wp-content/uploads/podcasts/dialoguepodcast_99.mp3,Dialogue Journal,38162,,82025446,URL,Dialogue Journal,The Dialogue Journal,,2021-05-10 04:28:02,Podcast,3417000,,The Dialogue Journal
2022-11-27 02:10:38,,5BBD44D82D745C20,Dialogue Out Loud Presents Called Not to Serve by Neal David Silvester,True,2021-08-29 00:14:39,,https://media.blubrry.com/dialogue_journal/www.dialoguejournal.com/wp-content/uploads/podcasts/dialogueoutloud_9.mp3,Dialogue Journal,38164,1,28925304,URL,Dialogue Journal,The Dialogue Journal,,2021-05-11 22:47:53,Podcast,1446000,3713019279,The Dialogue Journal
2022-11-27 02:10:38,,35CF04893280F7DB,Dialogue Fireside #8 w/Marlena Wilding,True,2021-06-06 00:19:46,,https://media.blubrry.com/dialogue_journal/www.dialoguejournal.com/wp-content/uploads/podcasts/dialoguepodcast_100.mp3,Dialogue Journal,38166,1,161519402,URL,Dialogue Journal,The Dialogue Journal,,2021-05-19 23:00:16,Podcast,4038000,3705761986,The Dialogue Journal
2022-11-27 02:10:38,,EF5803B7D314AB7C,Dialogue Topic Pages #5: The Book of Abraham,True,,True,https://media.blubrry.com/dialogue_journal/www.dialoguejournal.com/wp-content/uploads/podcasts/dialoguepodcast_topics5.mp3,Dialogue Journal,38168,,37525216,URL,Dialogue Journal,The Dialogue Journal,,2021-05-21 23:56:36,Podcast,1876000,,The Dialogue Journal
2022-11-27 02:10:38,,00C8185D2C5805FD,Dialogue Doctrine & Covenants Gospel Study with Ben Abbott on D&C 51–59,True,,True,https://media.blubrry.com/dialogue_journal/www.dialoguejournal.com/wp-content/uploads/podcasts/dialoguepodcast_101.mp3,Dialogue Journal,38170,,115188626,URL,Dialogue Journal,The Dialogue Journal,,2021-05-23 22:24:52,Podcast,4799000,,The Dialogue Journal
2022-11-27 02:10:38,,C9EFAC02FFEC7DC8,Dialogue Out Loud Presents Assuming Power by Linda Hoffman Kimball,True,,True,https://media.blubrry.com/dialogue_journal/www.dialoguejournal.com/wp-content/uploads/podcasts/dialogueoutloud_10.mp3,Dialogue Journal,38172,,18465353,URL,Dialogue Journal,The Dialogue Journal,,2021-05-27 23:56:16,Podcast,923000,,The Dialogue Journal
2022-11-27 02:10:38,,32B3835B505A77D5,Dialogue Doctrine & Covenants Gospel Study with Rachel Mumford on D&C 60–66,True,,True,https://media.blubrry.com/dialogue_journal/www.dialoguejournal.com/wp-content/uploads/podcasts/dialoguepodcast_102.mp3,Dialogue Journal,38174,,119823167,URL,Dialogue Journal,The Dialogue Journal,,2021-06-13 22:38:31,Podcast,3744000,,The Dialogue Journal
2022-11-27 02:10:38,,B336FF26E6FBFB3F,Dialogue Topic Pages #6: LGBT Issues,True,,True,https://media.blubrry.com/dialogue_journal/www.dialoguejournal.com/wp-content/uploads/podcasts/dialoguepodcasts_topics6.mp3,Dialogue Journal,38176,,59655136,URL,Dialogue Journal,The Dialogue Journal,,2021-06-18 19:53:10,Podcast,2983000,,The Dialogue Journal
2022-11-27 02:10:38,,64E23E3DBF15E2A0,Dialogue Out Loud Presents Finding Rebecca a Eulogy by Marie Blanchard,True,,True,https://media.blubrry.com/dialogue_journal/www.dialoguejournal.com/wp-content/uploads/podcasts/dialogueoutloud_11.mp3,Dialogue Journal,38178,,15405376,URL,Dialogue Journal,The Dialogue Journal,,2021-06-22 23:48:32,Podcast,770000,,The Dialogue Journal
2022-11-27 02:10:38,,5596A236BC539DD5,Dialogue Doctrine & Covenants Gospel Study with Matthew Bowman on D&C 67–75,True,,True,https://media.blubrry.com/dialogue_journal/www.dialoguejournal.com/wp-content/uploads/podcasts/dialoguepodcast_103.mp3,Dialogue Journal,38180,,117902226,URL,Dialogue Journal,The Dialogue Journal,,2021-06-28 17:38:08,Podcast,3684000,,The Dialogue Journal
2022-11-27 02:10:38,,94E71BFAF592F82C,Dialogue Doctrine & Covenants Gospel Study with Kimberly Applewhite Teitter on D&C 76–80,True,,True,https://media.blubrry.com/dialogue_journal/www.dialoguejournal.com/wp-content/uploads/podcasts/dialoguepodcast_104.mp3,Dialogue Journal,38182,,116113361,URL,Dialogue Journal,The Dialogue Journal,,2021-07-12 04:16:13,Podcast,4838000,,The Dialogue Journal
2022-11-27 02:10:38,,0321A43B470788E8,Dialogue Doctrine & Covenants Gospel Study with Joshua Molina on D&C 81–84,True,,True,https://media.blubrry.com/dialogue_journal/www.dialoguejournal.com/wp-content/uploads/podcasts/dialoguepodcast_105.mp3,Dialogue Journal,38184,,92323542,URL,Dialogue Journal,The Dialogue Journal,,2021-07-25 23:47:48,Podcast,3847000,,The Dialogue Journal
2022-11-27 02:10:38,,77BF2416959B6594,Dialogue Book Report #11: Mormon Music and Novels,True,,True,https://media.blubrry.com/dialogue_journal/www.dialoguejournal.com/wp-content/uploads/podcasts/dialoguebookreport_11.mp3,Dialogue Journal,38186,,120525376,URL,Dialogue Journal,The Dialogue Journal,,2021-08-06 00:43:33,Podcast,6026000,,The Dialogue Journal
2022-11-27 02:10:38,,69CE948A21FE01E0,Dialogue Doctrine & Covenants Gospel Study with George Handley on D&C 85–88,True,,True,https://media.blubrry.com/dialogue_journal/www.dialoguejournal.com/wp-content/uploads/podcasts/dialoguepodcast_106.mp3,Dialogue Journal,38188,,159222770,URL,Dialogue Journal,The Dialogue Journal,,2021-08-09 01:34:46,Podcast,3980000,,The Dialogue Journal
2022-11-27 02:10:38,,80693F1D2E3678F0,Dialogue Doctrine & Covenants Gospel Study with Page Turner and Heather Harris-Bergevin on D&C 89–93,True,,True,https://media.blubrry.com/dialogue_journal/www.dialoguejournal.com/wp-content/uploads/podcasts/dialoguepodcast_107.mp3,Dialogue Journal,38190,,111953817,URL,Dialogue Journal,The Dialogue Journal,,2021-08-23 00:22:31,Podcast,4665000,,The Dialogue Journal
2022-11-27 02:10:38,,5DA12AA368BC32A6,Dialogue Out Loud Presents The Lamanite Dilemma: Mormonism and Indigeneity by Monika Brown Crowfoot,True,,True,https://media.blubrry.com/dialogue_journal/www.dialoguejournal.com/wp-content/uploads/podcasts/dialogueoutloud_12.mp3,Dialogue Journal,38192,,21205216,URL,Dialogue Journal,The Dialogue Journal,,2021-08-23 20:43:34,Podcast,1060000,,The Dialogue Journal
2022-11-27 02:10:38,,3E242F00CD4BA712,Dialogue Book Report #12: Terryl L. Givens on Eugene England,True,,True,https://media.blubrry.com/dialogue_journal/www.dialoguejournal.com/wp-content/uploads/podcasts/dialoguebookreport_12.mp3,Dialogue Journal,38194,,50100161,URL,Dialogue Journal,The Dialogue Journal,,2021-08-31 01:12:41,Podcast,2505000,,The Dialogue Journal
2022-11-27 02:10:38,,852917F122BC13A5,Dialogue Out Loud Presents Diné Doctor: A Latter-day Saint Story of Healing by Farina King,True,,True,https://media.blubrry.com/dialogue_journal/www.dialoguejournal.com/wp-content/uploads/podcasts/dialogueoutloud_13.mp3,Dialogue Journal,38196,,21285376,URL,Dialogue Journal,The Dialogue Journal,,2021-09-09 22:04:12,Podcast,1064000,,The Dialogue Journal
2022-11-27 02:10:38,,28C92C879D885195,Dialogue Doctrine & Covenants Gospel Study with Charles Beacham on D&C 94–101,True,,True,https://media.blubrry.com/dialogue_journal/www.dialoguejournal.com/wp-content/uploads/podcasts/dialoguepodcast_108.mp3,Dialogue Journal,38198,,110454180,URL,Dialogue Journal,The Dialogue Journal,,2021-09-13 20:15:20,Podcast,4602000,,The Dialogue Journal
2022-11-27 02:10:38,,34C957F0ABA1FA9A,Dialogue Book Report #13: Kristine Haglund on Eugene England,True,,True,https://media.blubrry.com/dialogue_journal/www.dialoguejournal.com/wp-content/uploads/podcasts/dialoguebookreport_13.mp3,Dialogue Journal,38200,,59605597,URL,Dialogue Journal,The Dialogue Journal,,2021-09-15 00:30:42,Podcast,2980000,,The Dialogue Journal
2022-11-27 02:10:38,,FC99F29AEB19660C,"Dialogue Topic Pages #7: Book of Mormon Topics, Part 1",True,,True,https://media.blubrry.com/dialogue_journal/www.dialoguejournal.com/wp-content/uploads/podcasts/dialoguepodcasts_topics7.mp3,Dialogue Journal,38202,,51385385,URL,Dialogue Journal,The Dialogue Journal,,2021-09-21 19:04:27,Podcast,2569000,,The Dialogue Journal
2022-11-27 02:10:38,,8C39F8CD30FB9F51,Dialogue Doctrine & Covenants Gospel Study with Nathan Oman on D&C 102–110,True,,True,https://media.blubrry.com/dialogue_journal/www.dialoguejournal.com/wp-content/uploads/podcasts/dialoguepodcast_109.mp3,Dialogue Journal,38204,,86674392,URL,Dialogue Journal,The Dialogue Journal,,2021-09-27 03:15:12,Podcast,3611000,,The Dialogue Journal
2022-11-27 02:10:38,,CEDF49468CF569DE,Dialogue Doctrine & Covenants Gospel Study with Ramona Cutri on D&C 111–120,True,,True,https://media.blubrry.com/dialogue_journal/www.dialoguejournal.com/wp-content/uploads/podcasts/dialoguepodcast_100a.mp3,Dialogue Journal,38206,,82196796,URL,Dialogue Journal,The Dialogue Journal,,2021-10-15 00:45:09,Podcast,3425000,,The Dialogue Journal
2022-11-27 02:10:38,,A55CC922CC9BF790,"Dialogue Topic Pages #8: Book of Mormon Topics, Part 2",True,,True,https://media.blubrry.com/dialogue_journal/www.dialoguejournal.com/wp-content/uploads/podcasts/dialoguepodcast_topics8.mp3,Dialogue Journal,38208,,44955136,URL,Dialogue Journal,The Dialogue Journal,,2021-10-20 16:06:44,Podcast,2248000,,The Dialogue Journal
2022-11-27 02:10:38,,63D363F25EBD65B6,Dialogue Doctrine & Covenants Gospel Study with Jonathan Stapley on D&C 121–128,True,,True,https://media.blubrry.com/dialogue_journal/www.dialoguejournal.com/wp-content/uploads/podcasts/dialoguepodcast_111a.mp3,Dialogue Journal,38210,,88012280,URL,Dialogue Journal,The Dialogue Journal,,2021-10-25 00:39:20,Podcast,3667000,,The Dialogue Journal
2022-11-27 02:10:38,,2860900364CDEF8A,Dialogue Out Loud Presents Thoughts on the Sacrament During a Pandemic by Lori Davis,True,,True,https://media.blubrry.com/dialogue_journal/www.dialoguejournal.com/wp-content/uploads/podcasts/dialogueoutloud_14.mp3,Dialogue Journal,38212,,15845056,URL,Dialogue Journal,The Dialogue Journal,,2021-11-03 17:04:03,Podcast,792000,,The Dialogue Journal
2022-11-27 02:10:38,,B599BD4D3CE9F0B4,Dialogue Out Loud Presents LePetit Richards and the Big Dipper Carpet—An Amusement Based on a Reworking of Whittle’s Research Notes by Simon Peter Eggertsen,True,,True,https://media.blubrry.com/dialogue_journal/www.dialoguejournal.com/wp-content/uploads/podcasts/dialogueoutloud_15.mp3,Dialogue Journal,38214,,90485056,URL,Dialogue Journal,The Dialogue Journal,,2021-11-11 17:14:49,Podcast,4524000,,The Dialogue Journal
2022-11-27 02:10:38,,21D0E7CE0C3D6B4E,Dialogue Doctrine & Covenants Gospel Study with Andrea Radke-Moss on D&C 129–134,True,,True,https://media.blubrry.com/dialogue_journal/www.dialoguejournal.com/wp-content/uploads/podcasts/dialoguepodcast_112.mp3,Dialogue Journal,38216,,112527467,URL,Dialogue Journal,The Dialogue Journal,,2021-11-15 03:06:09,Podcast,4689000,,The Dialogue Journal
2022-11-27 02:10:38,,098F92D5616B986D,Dialogue in Review #1: Indigeneity and Mormonism,True,,True,https://media.blubrry.com/dialogue_journal/www.dialoguejournal.com/wp-content/uploads/podcasts/dialogueinreview_1.mp3,Dialogue Journal,38218,,140811809,URL,Dialogue Journal,The Dialogue Journal,,2021-11-22 19:10:54,Podcast,5867000,,The Dialogue Journal
2022-11-27 02:10:38,,24C1185356E38701,Dialogue Topic Pages #9: Evolution,True,,True,https://media.blubrry.com/dialogue_journal/www.dialoguejournal.com/wp-content/uploads/podcasts/dialogue_topics9.mp3,Dialogue Journal,38220,,50485216,URL,Dialogue Journal,The Dialogue Journal,,2021-11-23 18:50:24,Podcast,2524000,,The Dialogue Journal
2022-11-27 02:10:38,,41E91EF3D5CB8220,Dialogue Doctrine & Covenants Gospel Study with Amy Harris on D&C 135–138,True,,True,https://media.blubrry.com/dialogue_journal/www.dialoguejournal.com/wp-content/uploads/podcasts/dialoguepodcast_113.mp3,Dialogue Journal,38222,,84169772,URL,Dialogue Journal,The Dialogue Journal,,2021-11-29 03:43:06,Podcast,3507000,,The Dialogue Journal
2022-11-27 02:10:38,,3BC089E27E6440F9,Dialogue Doctrine & Covenants Gospel Study with Carter Charles on OD 2,True,,True,https://media.blubrry.com/dialogue_journal/www.dialoguejournal.com/wp-content/uploads/podcasts/dialoguepodcast_114.mp3,Dialogue Journal,38224,,97563692,URL,Dialogue Journal,The Dialogue Journal,,2021-12-13 00:48:36,Podcast,4065000,,The Dialogue Journal
2022-11-27 02:10:38,,B817B9FA5ADB6244,Dialogue Doctrine & Covenants Gospel Study with Nathan Kitchen on the Family Proclamation,True,,True,https://media.blubrry.com/dialogue_journal/www.dialoguejournal.com/wp-content/uploads/podcasts/dialoguepodcast_115.mp3,Dialogue Journal,38226,,133736805,URL,Dialogue Journal,The Dialogue Journal,,2021-12-27 02:44:45,Podcast,5572000,,The Dialogue Journal
2022-11-27 02:10:38,,1C2FFAAC4E469F6D,Dialogue Old Testament Gospel Study with J. Kirk Richards on Adam & Eve,True,,True,https://media.blubrry.com/dialogue_journal/www.dialoguejournal.com/wp-content/uploads/podcasts/dialoguepodcast_116.mp3,Dialogue Journal,38228,,91955098,URL,Dialogue Journal,The Dialogue Journal,,2022-01-10 02:19:01,Podcast,3831000,,The Dialogue Journal
2022-11-27 02:10:38,,C37C03C02F2CE576,Dialogue Old Testament Gospel Study with Jana Riess on Noah,True,,True,https://media.blubrry.com/dialogue_journal/www.dialoguejournal.com/wp-content/uploads/podcasts/dialoguepodcast_117.mp3,Dialogue Journal,38230,,83680133,URL,Dialogue Journal,The Dialogue Journal,,2022-01-24 01:20:15,Podcast,3487000,,The Dialogue Journal
2022-11-27 02:10:38,,D430FF30551D7BD6,"Dialogue Book Report #14: Mormon Book Roundup, January 2021",True,,True,https://media.blubrry.com/dialogue_journal/www.dialoguejournal.com/wp-content/uploads/podcasts/dialoguebookreport_14.mp3,Dialogue Journal,38232,,45605532,URL,Dialogue Journal,The Dialogue Journal,,2022-02-04 17:23:02,Podcast,2280000,,The Dialogue Journal
2022-11-27 02:10:38,,462CEAA0184F67E1,Dialogue Book Report #15: Restoration and Proclaim Peace by Patrick Mason,True,,True,https://media.blubrry.com/dialogue_journal/www.dialoguejournal.com/wp-content/uploads/podcasts/dialoguebookreport_15.mp3,Dialogue Journal,38234,,55365402,URL,Dialogue Journal,The Dialogue Journal,,2022-02-11 22:30:51,Podcast,2768000,,The Dialogue Journal
2022-11-27 02:10:38,,180ADFAF0B193253,Dialogue Old Testament Gospel Study with LaShawn Williams on Abraham,True,,True,https://media.blubrry.com/dialogue_journal/www.dialoguejournal.com/wp-content/uploads/podcasts/dialoguepodcast_118.mp3,Dialogue Journal,38236,,52007291,URL,Dialogue Journal,The Dialogue Journal,,2022-02-14 04:07:40,Podcast,2600000,,The Dialogue Journal
2022-05-21 03:06:46,,06227FA6283F5ACB,Special Fireside with Blair Hodges episode with Editor Taylor Petrey,True,,True,https://media.blubrry.com/dialogue_journal/www.dialoguejournal.com/wp-content/uploads/podcasts/dialoguefireside.mp3,Dialogue Journal,16878,,112245376,URL,Dialogue Journal,The Dialogue Journal,,2022-02-17 22:24:17,Podcast,5612000,,The Dialogue Journal
2022-11-27 02:10:38,,7B88FFF122E5C14F,"Dialogue Out Loud Presents Fear, Faith, and Other F-Words",True,,True,https://media.blubrry.com/dialogue_journal/www.dialoguejournal.com/wp-content/uploads/podcasts/dialogueoutloud_16.mp3,Dialogue Journal,38238,,32395456,URL,Dialogue Journal,The Dialogue Journal,,2022-02-18 02:35:24,Podcast,1620000,,The Dialogue Journal
2022-11-27 02:10:38,,4C236FF238F56302,Dialogue Old Testament Gospel Study with Esther Candari on art of Genesis,True,,True,https://media.blubrry.com/dialogue_journal/www.dialoguejournal.com/wp-content/uploads/podcasts/dialoguepodcast_119.mp3,Dialogue Journal,38240,,80921185,URL,Dialogue Journal,The Dialogue Journal,,2022-02-28 04:33:01,Podcast,4046000,,The Dialogue Journal
2022-05-21 03:06:46,,91BBF613815946FC,Dialogue Old Testament Gospel Study with Thomas Wayment on Joseph,True,,True,https://media.blubrry.com/dialogue_journal/www.dialoguejournal.com/wp-content/uploads/podcasts/dialoguepodcast_120.mp3,Dialogue Journal,16880,,74475210,URL,Dialogue Journal,The Dialogue Journal,,2022-03-14 02:10:30,Podcast,3724000,,The Dialogue Journal
2022-05-21 03:06:46,,D9B61EFE1CD6558C,Dialogue Out Loud Presents 2021 Winter Poetry,True,,True,https://media.blubrry.com/dialogue_journal/www.dialoguejournal.com/wp-content/uploads/podcasts/dialogueoutloud_17.mp3,Dialogue Journal,16882,,13329376,URL,Dialogue Journal,The Dialogue Journal,,2022-03-15 23:59:38,Podcast,666000,,The Dialogue Journal
2022-05-21 03:06:46,,DF3F192612D004F2,Dialogue Old Testament Gospel Study with Maxine Hanks on Miriam,True,,True,https://media.blubrry.com/dialogue_journal/www.dialoguejournal.com/wp-content/uploads/podcasts/dialoguepodcast_121.mp3,Dialogue Journal,16884,,71079291,URL,Dialogue Journal,The Dialogue Journal,,2022-03-28 01:01:53,Podcast,3554000,,The Dialogue Journal
2022-05-21 03:06:46,,3B055D0EBA83BF3A,Dialogue Book Report #16: Beyond the Mapped Stars by Rosalyn Eves,True,,True,https://media.blubrry.com/dialogue_journal/www.dialoguejournal.com/wp-content/uploads/podcasts/dialoguebookreport_16.mp3,Dialogue Journal,16886,,41720416,URL,Dialogue Journal,The Dialogue Journal,,2022-04-08 20:32:12,Podcast,2086000,,The Dialogue Journal
2022-05-21 03:06:46,,766F84CE5CE4AA24,Dialogue Old Testament Gospel Study with Darren Parry on the Exodus,True,,True,https://media.blubrry.com/dialogue_journal/www.dialoguejournal.com/wp-content/uploads/podcasts/dialoguepodcast_122.mp3,Dialogue Journal,16888,,70087161,URL,Dialogue Journal,The Dialogue Journal,,2022-04-11 00:00:02,Podcast,3504000,,The Dialogue Journal
2022-05-21 03:06:46,,F5A03F565510E718,Dialogue Out Loud Presents 2022 Spring Poetry,True,,True,https://media.blubrry.com/dialogue_journal/www.dialoguejournal.com/wp-content/uploads/podcasts/dialogueoutloud_18.mp3,Dialogue Journal,16890,,17286976,URL,Dialogue Journal,The Dialogue Journal,,2022-04-20 20:30:41,Podcast,864000,,The Dialogue Journal
2022-05-21 03:06:46,,EB0C5AFC05AD207E,Dialogue Old Testament Gospel Study with Mariya Manzhos on Moses,True,,True,https://media.blubrry.com/dialogue_journal/www.dialoguejournal.com/wp-content/uploads/podcasts/dialoguepodcast_123.mp3,Dialogue Journal,16892,,80151618,URL,Dialogue Journal,The Dialogue Journal,,2022-04-25 01:12:54,Podcast,4008000,,The Dialogue Journal
2022-05-21 03:06:46,,CD8953D19F2211B4,"Dialogue in Review #3: Heavenly Mother, Spring 2022",True,,True,https://media.blubrry.com/dialogue_journal/www.dialoguejournal.com/wp-content/uploads/podcasts/dialogueinreview3.mp3,Dialogue Journal,16894,,109271147,URL,Dialogue Journal,The Dialogue Journal,,2022-05-02 23:09:35,Podcast,4553000,,The Dialogue Journal
2022-05-21 03:06:46,,B6714B2AF2D51156,Dialogue Old Testament Gospel Study with Rachel Hunt Steenblik on Heavenly Mother,True,,True,https://media.blubrry.com/dialogue_journal/www.dialoguejournal.com/wp-content/uploads/podcasts/dialoguepodcast_124.mp3,Dialogue Journal,16896,,79997495,URL,Dialogue Journal,The Dialogue Journal,,2022-05-09 02:46:01,Podcast,4000000,,The Dialogue Journal
2022-11-27 02:10:38,,926943DC628554BE,Dialogue Out Loud Presents In Praise of Belly Buttons (four meditations),True,,True,https://media.blubrry.com/dialogue_journal/www.dialoguejournal.com/wp-content/uploads/podcasts/dialogueoutloud_19.mp3,Dialogue Journal,38242,,9565216,URL,Dialogue Journal,The Dialogue Journal,,2022-05-10 22:25:42,Podcast,478000,,The Dialogue Journal
2022-11-27 02:10:38,,5AF8B50B94845D38,Dialogue Out Loud Presents Mothers and Authority,True,,True,https://media.blubrry.com/dialogue_journal/www.dialoguejournal.com/wp-content/uploads/podcasts/dialogueoutloud_20.mp3,Dialogue Journal,38244,,24332416,URL,Dialogue Journal,The Dialogue Journal,,2022-09-02 01:59:00,Podcast,1216000,,The Dialogue Journal
2022-11-27 02:10:38,,586C37AC029F52B5,Dialogue Out Loud Presents A Woman There,True,,True,https://media.blubrry.com/dialogue_journal/www.dialoguejournal.com/wp-content/uploads/podcasts/dialogueoutloud_21.mp3,Dialogue Journal,38246,,23245216,URL,Dialogue Journal,The Dialogue Journal,,2022-09-03 01:59:00,Podcast,1162000,,The Dialogue Journal
2022-11-27 02:10:38,,7E45370A181D95B1,Dialogue Old Testament Gospel Study with Jordan Harvey on Joshua,True,,True,https://media.blubrry.com/dialogue_journal/www.dialoguejournal.com/wp-content/uploads/podcasts/dialoguepodcast_125.mp3,Dialogue Journal,38248,,76955275,URL,Dialogue Journal,The Dialogue Journal,,2022-09-05 02:05:00,Podcast,3848000,,The Dialogue Journal
2022-11-27 02:10:38,,F1AE18A0D4C3C797,Dialogue Old Testament Gospel Study with Sherrie Gavin on Ruth,True,,True,https://media.blubrry.com/dialogue_journal/www.dialoguejournal.com/wp-content/uploads/podcasts/dialoguepodcast_126.mp3,Dialogue Journal,38250,,59489283,URL,Dialogue Journal,The Dialogue Journal,,2022-09-07 02:05:00,Podcast,2974000,,The Dialogue Journal
2022-11-27 02:10:38,,002E9042083EC608,Dialogue Old Testament Gospel Study with Jennifer Finlayson-Fife on 1 Kings,True,,True,https://media.blubrry.com/dialogue_journal/www.dialoguejournal.com/wp-content/uploads/podcasts/dialoguepodcast_127.mp3,Dialogue Journal,38252,,68447193,URL,Dialogue Journal,The Dialogue Journal,,2022-09-09 02:05:00,Podcast,3422000,,The Dialogue Journal
2022-11-27 02:10:38,,19FE11D5D59C5BD8,Dialogue Old Testament Gospel Study with Linda Hoffman Kimball on 2 Kings,True,,True,https://media.blubrry.com/dialogue_journal/www.dialoguejournal.com/wp-content/uploads/podcasts/dialoguepodcast_129.mp3,Dialogue Journal,38254,,61473544,URL,Dialogue Journal,The Dialogue Journal,,2022-09-11 02:05:00,Podcast,3074000,,The Dialogue Journal
2022-11-27 02:10:38,,B43187938E4156E0,Dialogue Out Loud Presents Summer 2022 Poetry,True,,True,https://media.blubrry.com/dialogue_journal/www.dialoguejournal.com/wp-content/uploads/podcasts/dialogueoutloud_22.mp3,Dialogue Journal,38256,,18050176,URL,Dialogue Journal,The Dialogue Journal,,2022-09-12 01:59:00,Podcast,902000,,The Dialogue Journal
2022-11-27 02:10:38,,0CEE6E1258EA2956,"Dialogue Book Report #17, Charles Inouye’s Zion Earth, Zen Sky",True,,True,https://media.blubrry.com/dialogue_journal/www.dialoguejournal.com/wp-content/uploads/podcasts/dialoguebookreport_17.mp3,Dialogue Journal,38258,,74823616,URL,Dialogue Journal,The Dialogue Journal,,2022-09-14 01:39:00,Podcast,3741000,,The Dialogue Journal
2022-11-27 02:10:38,,F7E45E3AB0425A3C,Dialogue Old Testament Gospel Study with Suzanne Midori Hanna on Esther,True,,True,https://media.blubrry.com/dialogue_journal/www.dialoguejournal.com/wp-content/uploads/podcasts/dialoguepodcast_130.mp3,Dialogue Journal,38260,,107619373,URL,Dialogue Journal,The Dialogue Journal,,2022-09-14 02:05:00,Podcast,5381000,,The Dialogue Journal
2022-11-27 02:10:38,,C80EF453084E07BE,Dialogue Book Report #18: Steven L. Peck’s Heike’s Void,True,,True,https://media.blubrry.com/dialogue_journal/www.dialoguejournal.com/wp-content/uploads/podcasts/dialoguebookreport_18.mp3,Dialogue Journal,38262,,45494656,URL,Dialogue Journal,The Dialogue Journal,,2022-09-15 01:40:00,Podcast,2275000,,The Dialogue Journal
2022-11-27 02:10:38,,A5E4C6B8BB187332,"Dialogue Old Testament Gospel Study with Dave Sandberg, Laurel Armstrong, and John Gustav Wrathall on Job",True,,True,https://media.blubrry.com/dialogue_journal/www.dialoguejournal.com/wp-content/uploads/podcasts/dialoguepodcast_131.mp3,Dialogue Journal,38264,,86723504,URL,Dialogue Journal,The Dialogue Journal,,2022-09-16 02:05:00,Podcast,4336000,,The Dialogue Journal
2022-11-27 02:10:38,,EF73195FA01E065A,Dialogue Old Testament Gospel Study with Steven Ricks on Psalms,True,,True,https://media.blubrry.com/dialogue_journal/www.dialoguejournal.com/wp-content/uploads/podcasts/dialoguepodcast_132.mp3,Dialogue Journal,38266,,72551552,URL,Dialogue Journal,The Dialogue Journal,,2022-09-17 02:05:00,Podcast,3628000,,The Dialogue Journal
2022-11-27 02:10:38,,0B4E1C6A36A720F7,Dialogue Out Loud Presents The New Calling,True,,True,https://media.blubrry.com/dialogue_journal/www.dialoguejournal.com/wp-content/uploads/podcasts/dialogueoutloud_23.mp3,Dialogue Journal,38268,,66305483,URL,Dialogue Journal,The Dialogue Journal,,2022-09-18 01:59:00,Podcast,3315000,,The Dialogue Journal
2022-11-27 02:10:38,,4EC69A7F2716D139,Dialogue Old Testament Gospel Study with Steven Peck on Isaiah,True,,True,https://media.blubrry.com/dialogue_journal/www.dialoguejournal.com/wp-content/uploads/podcasts/dialoguepodcast_133.mp3,Dialogue Journal,38270,,64303650,URL,Dialogue Journal,The Dialogue Journal,,2022-09-21 00:22:15,Podcast,3215000,,The Dialogue Journal
2022-11-27 02:10:38,,FB6C0A1A0DEDDCED,Dialogue Old Testament Gospel Study with Kirsten Campbell on Isaiah,True,,True,https://media.blubrry.com/dialogue_journal/www.dialoguejournal.com/wp-content/uploads/podcasts/dialoguepodcast_134.mp3,Dialogue Journal,38272,,66581528,URL,Dialogue Journal,The Dialogue Journal,,2022-09-27 17:38:38,Podcast,3329000,,The Dialogue Journal
2022-11-27 02:10:38,,DD95EA5396ACBF63,Dialogue Out Loud Presents Mt. Rainier Sanctification,True,,True,https://media.blubrry.com/dialogue_journal/www.dialoguejournal.com/wp-content/uploads/podcasts/dialogueoutloud_24.mp3,Dialogue Journal,38274,,59845216,URL,Dialogue Journal,The Dialogue Journal,,2022-10-03 20:23:16,Podcast,2992000,,The Dialogue Journal
2022-11-27 02:10:38,,4227367B6921F322,Dialogue Old Testament Gospel Study with Deidre Green on Jeremiah,True,,True,https://media.blubrry.com/dialogue_journal/www.dialoguejournal.com/wp-content/uploads/podcasts/dialoguepodcast_135.mp3,Dialogue Journal,38276,,72091275,URL,Dialogue Journal,The Dialogue Journal,,2022-10-09 21:01:12,Podcast,3605000,,The Dialogue Journal
2022-11-27 02:10:38,,F646FB8419A3A560,Dialogue Out Loud Presents The Private Investigator,True,,True,https://media.blubrry.com/dialogue_journal/www.dialoguejournal.com/wp-content/uploads/podcasts/dialogueoutloud_25.mp3,Dialogue Journal,38278,,46705287,URL,Dialogue Journal,The Dialogue Journal,,2022-10-17 16:54:00,Podcast,2335000,,The Dialogue Journal
2022-11-27 02:10:38,,09F845A2C41F667D,Dialogue Old Testament Gospel Study with Adam McLain on Lamentations,True,,True,https://media.blubrry.com/dialogue_journal/www.dialoguejournal.com/wp-content/uploads/podcasts/dialoguepodcast_136.mp3,Dialogue Journal,38280,,76503357,URL,Dialogue Journal,The Dialogue Journal,,2022-10-25 20:45:37,Podcast,3825000,,The Dialogue Journal
2022-11-27 02:10:38,,B476A4840B2605A8,Dialogue Old Testament Gospel Study with James C. Jones on Daniel,True,,True,https://media.blubrry.com/dialogue_journal/www.dialoguejournal.com/wp-content/uploads/podcasts/dialoguepodcast_137.mp3,Dialogue Journal,38282,,70049544,URL,Dialogue Journal,The Dialogue Journal,,2022-11-17 04:34:24,Podcast,3502000,,The Dialogue Journal
2022-11-27 02:10:38,,15B159E6BD5B7E81,Dialogue Out Loud Presents The Great Zucchini War,True,,True,https://media.blubrry.com/dialogue_journal/www.dialoguejournal.com/wp-content/uploads/podcasts/dialogueoutloud_26.mp3,Dialogue Journal,38284,,28742447,URL,Dialogue Journal,The Dialogue Journal,,2022-11-17 19:43:41,Podcast,1437000,,The Dialogue Journal
2022-11-27 02:10:38,,EB6FF82FE5AE442C,Dialogue Out Loud Presents 2022 Fall Poetry,True,,True,https://media.blubrry.com/dialogue_journal/www.dialoguejournal.com/wp-content/uploads/podcasts/dialogueoutloud_27.mp3,Dialogue Journal,38286,,12145288,URL,Dialogue Journal,The Dialogue Journal,,2022-11-25 19:49:07,Podcast,607000,,The Dialogue Journal
2022-12-05 00:32:09,,38CC2E2330B6C1AC,Dialogue Out Loud Presents Trans in the Chapel,True,,True,https://media.blubrry.com/dialogue_journal/www.dialoguejournal.com/wp-content/uploads/podcasts/dialogueoutloud_28.mp3,Dialogue Journal,38582,,10405533,URL,Dialogue Journal,The Dialogue Journal,,2022-12-04 17:31:14,Podcast,520000,,The Dialogue Journal
2022-12-20 01:39:12,,3FE1F5D6D7E3B1B3,Dialogue Book Report #19: Strange Mormon Fiction: Dave Butler and William Morris,True,,True,https://media.blubrry.com/dialogue_journal/www.dialoguejournal.com/wp-content/uploads/podcasts/dialoguebookreport_19.mp3,Dialogue Journal,38590,,61673973,URL,Dialogue Journal,The Dialogue Journal,,2022-12-10 19:57:05,Podcast,3083000,,The Dialogue Journal
2022-12-20 01:39:12,,4FE0140E16DF5AEB,Dialogue Old Testament Gospel Study with Neylan McBaine on the Old Testament,True,,True,https://media.blubrry.com/dialogue_journal/www.dialoguejournal.com/wp-content/uploads/podcasts/dialoguepodcast_138.mp3,Dialogue Journal,38592,,78135487,URL,Dialogue Journal,The Dialogue Journal,,2022-12-12 02:58:00,Podcast,3907000,,The Dialogue Journal
2022-12-20 01:39:12,,9DE871A1FEFBEC7F,Dialogue Out Loud Presents Pioneer Mother,True,,True,https://media.blubrry.com/dialogue_journal/www.dialoguejournal.com/wp-content/uploads/podcasts/dialogueoutloud_29.mp3,Dialogue Journal,38594,,17645630,URL,Dialogue Journal,The Dialogue Journal,,2022-12-19 22:13:35,Podcast,882000,,The Dialogue Journal
2023-03-05 04:45:00,,F8F629DCA033BEA0,Dialogue Book Report #20: Intimate Examinations: Memoirsts Allison Hong Merrill and Rachel Rueckert,True,,True,https://media.blubrry.com/dialogue_journal/www.dialoguejournal.com/wp-content/uploads/podcasts/dialoguebookreport_20.mp3,Dialogue Journal,38970,,85570267,URL,Dialogue Journal,The Dialogue Journal,,2023-01-06 16:56:40,Podcast,4278000,,The Dialogue Journal
2023-03-05 04:45:00,,D6946C40C9CB864C,Introducing the New Testament: Dialogue New Testament Gospel Study with Margaret Olsen Hemming,True,,True,https://media.blubrry.com/dialogue_journal/www.dialoguejournal.com/wp-content/uploads/podcasts/dialoguepodcast_139.mp3,Dialogue Journal,38972,,80390899,URL,Dialogue Journal,The Dialogue Journal,,2023-01-09 01:18:34,Podcast,4019000,,The Dialogue Journal
2023-03-05 04:45:00,,743338D83B3199FB,Exilic and Post-Exilic Isaiah: An Interview with Colby Townsend,True,,True,https://media.blubrry.com/dialogue_journal/www.dialoguejournal.com/wp-content/uploads/podcasts/dialogueoutloud_30.mp3,Dialogue Journal,38974,,51893196,URL,Dialogue Journal,The Dialogue Journal,,2023-01-11 17:52:54,Podcast,1594000,,The Dialogue Journal
2023-03-05 04:45:00,,A8CB6FEF1E824D61,Mormons and Haitian Vodou: An Interview with Catherine S. Freeman,True,,True,https://media.blubrry.com/dialogue_journal/www.dialoguejournal.com/wp-content/uploads/podcasts/dialogueoutloud_31.mp3,Dialogue Journal,38976,,40926545,URL,Dialogue Journal,The Dialogue Journal,,2023-01-15 07:41:00,Podcast,1261000,,The Dialogue Journal
2023-03-05 04:45:00,,8903E100967267CC,Joseph Fielding Smith and Race: An Interview with Matthew L. Harris,True,,True,https://media.blubrry.com/dialogue_journal/www.dialoguejournal.com/wp-content/uploads/podcasts/dialogueoutloud_32.mp3,Dialogue Journal,38978,,43840991,URL,Dialogue Journal,The Dialogue Journal,,2023-01-20 02:02:19,Podcast,1356000,,The Dialogue Journal
2023-03-05 04:45:00,,4F2D0CCEFC70C367,Baptism and the Holy Ghost: Dialogue New Testament Gospel Study with Matthew Wickman,True,,True,https://media.blubrry.com/dialogue_journal/www.dialoguejournal.com/wp-content/uploads/podcasts/dialoguepodcast_140.mp3,Dialogue Journal,38980,,71761610,URL,Dialogue Journal,The Dialogue Journal,,2023-01-22 22:12:40,Podcast,3588000,,The Dialogue Journal
2023-03-05 04:45:00,,086AB8E88046C3F8,Comfort through Christ: Dialogue New Testament Gospel Study with Melissa Dalton-Bradford,True,,True,https://media.blubrry.com/dialogue_journal/www.dialoguejournal.com/wp-content/uploads/podcasts/dialoguepodcast_141.mp3,Dialogue Journal,38982,,77128814,URL,Dialogue Journal,The Dialogue Journal,,2023-02-13 02:13:53,Podcast,3855000,,The Dialogue Journal
2023-03-05 04:45:00,,B923855AFA2C8CBA,Valentine’s Day Bonus: Gospel Study Afterchat with Melissa Dalton-Bradord,True,,True,https://media.blubrry.com/dialogue_journal/www.dialoguejournal.com/wp-content/uploads/podcasts/melissadb_afterchat.mp3,Dialogue Journal,38984,,50648488,URL,Dialogue Journal,The Dialogue Journal,,2023-02-14 05:03:39,Podcast,2531000,,The Dialogue Journal
2023-03-05 04:45:00,,6C608A872F635A43,"Dialogue Book Report #21: Mormon Book Roundup, February 2023",True,,True,https://media.blubrry.com/dialogue_journal/www.dialoguejournal.com/wp-content/uploads/podcasts/dialoguebookreport_21.mp3,Dialogue Journal,38986,,87855458,URL,Dialogue Journal,The Dialogue Journal,,2023-02-15 00:26:09,Podcast,4393000,,The Dialogue Journal
2023-03-05 04:45:00,,4B11AAE8E9575AC9,Dialogue Out Loud Presents Dispatches from Kolob,True,,True,https://media.blubrry.com/dialogue_journal/www.dialoguejournal.com/wp-content/uploads/podcasts/dialogueoutloud_33.mp3,Dialogue Journal,38988,,28805141,URL,Dialogue Journal,The Dialogue Journal,,2023-02-24 00:59:45,Podcast,1440000,,The Dialogue Journal
2023-03-05 04:45:00,,33205787C21B9B75,Christ as Our Rock: Dialogue New Testament Gospel Study with Alice Faulkner Bush,True,,True,https://media.blubrry.com/dialogue_journal/www.dialoguejournal.com/wp-content/uploads/podcasts/dialoguepodcast_142.mp3,Dialogue Journal,38990,,84908602,URL,Dialogue Journal,The Dialogue Journal,,2023-02-27 21:46:44,Podcast,4244000,,The Dialogue Journal
2023-04-09 18:49:20,,69DBE660F7ABD3D0,Women at the General Conference Pulpit? An Interview with Eliza Wells,True,,True,https://media.blubrry.com/dialogue_journal/www.dialoguejournal.com/wp-content/uploads/podcasts/dialogueoutloud_34.mp3,Dialogue Journal,40970,,32661212,URL,Dialogue Journal,The Dialogue Journal,,2023-03-06 01:06:10,Podcast,1021000,,The Dialogue Journal
2023-04-09 18:49:20,,1FFE62730D1CA0E0,Following the ways of Christ: Dialogue New Testament Gospel Study with Tyrone Whitehorse,True,,True,https://media.blubrry.com/dialogue_journal/www.dialoguejournal.com/wp-content/uploads/podcasts/dialoguepodcast_143.mp3,Dialogue Journal,40972,,87830659,URL,Dialogue Journal,The Dialogue Journal,,2023-03-13 04:13:14,Podcast,4390000,,The Dialogue Journal
2023-04-09 18:49:20,,85C2A9156CE87793,Dialogue Book Report #22: Recent Mormon Poetry with Dayna Patterson and Tyler Chadwick,True,,True,https://media.blubrry.com/dialogue_journal/www.dialoguejournal.com/wp-content/uploads/podcasts/dialoguebookreport_22.mp3,Dialogue Journal,40974,,166108411,URL,Dialogue Journal,The Dialogue Journal,,2023-03-17 23:25:38,Podcast,5109000,,The Dialogue Journal
2023-04-09 18:49:20,,FDA5E4F4B2939664,Award-winning Winter 2022 Issue Poetry,True,,True,https://media.blubrry.com/dialogue_journal/www.dialoguejournal.com/wp-content/uploads/podcasts/dialogueoutloud_35.mp3,Dialogue Journal,40976,,12405467,URL,Dialogue Journal,The Dialogue Journal,,2023-03-19 23:39:15,Podcast,620000,,The Dialogue Journal
2023-04-09 18:49:20,,D016BE4964B412F1,Mormons and the Cross: An Interview with Jeremy M. Christiansen,True,,True,https://media.blubrry.com/dialogue_journal/www.dialoguejournal.com/wp-content/uploads/podcasts/dialogueoutloud_36.mp3,Dialogue Journal,40978,,44473387,URL,Dialogue Journal,The Dialogue Journal,,2023-03-24 01:59:00,Podcast,1362000,,The Dialogue Journal
2023-04-09 18:49:20,,8BEFCFFFA4E75897,Learning from Christ: Dialogue New Testament Gospel Study with Poet Darlene Young,True,,True,https://media.blubrry.com/dialogue_journal/www.dialoguejournal.com/wp-content/uploads/podcasts/dialoguepodcast_144.mp3,Dialogue Journal,40980,,40633869,URL,Dialogue Journal,The Dialogue Journal,,2023-03-27 22:21:40,Podcast,3435000,,The Dialogue Journal
2023-04-09 18:49:20,,3A39236EE4FCF451,Exploring Representation in Mormon Art: An Interview with Artist Rose Datoc Dall,True,,True,https://media.blubrry.com/dialogue_journal/www.dialoguejournal.com/wp-content/uploads/podcasts/dialogueoutloud_37.mp3,Dialogue Journal,40982,,53202846,URL,Dialogue Journal,The Dialogue Journal,,2023-03-31 00:25:00,Podcast,1631000,,The Dialogue Journal
2023-04-09 18:49:20,,EA45C1CF33C93231,“The Ward Organist”: Award-winning Fiction in Winter 2022 Issue,True,,True,https://media.blubrry.com/dialogue_journal/www.dialoguejournal.com/wp-content/uploads/podcasts/dialogueoutloud_38.mp3,Dialogue Journal,40984,,37085434,URL,Dialogue Journal,The Dialogue Journal,Ward Organist”: Award-winning Fiction in Winter 2022 Issue,2023-04-03 01:44:49,Podcast,1854000,,The Dialogue Journal
2023-04-09 18:49:20,,75AA704C18E3BA3F,The Book of Mormon in Light of a Tibetan Buddhist Parallel: Interview with Tanner Davidson McAlister,True,,True,https://media.blubrry.com/dialogue_journal/www.dialoguejournal.com/wp-content/uploads/podcasts/dialogueoutloud_39.mp3,Dialogue Journal,40986,,32902524,URL,Dialogue Journal,The Dialogue Journal,Book of Mormon in Light of a Tibetan Buddhist Parallel: Interview with Tanner Davidson McAlister,2023-04-07 00:34:00,Podcast,1007000,,The Dialogue Journal
2023-06-02 01:50:14,,6F5BC778E6C4495F,Dialogue Book Report #23: Lost Generation Authors,True,,True,https://media.blubrry.com/dialogue_journal/www.dialoguejournal.com/wp-content/uploads/podcasts/dialoguebookreport_23.mp3,Dialogue Journal,41142,,161477493,URL,Dialogue Journal,The Dialogue Journal,,2023-04-11 00:56:21,Podcast,4937000,,The Dialogue Journal
2023-06-02 01:50:14,,79CCFA920FCCEBC9,Dialogue Out Loud Presents Our Lady of Innumerable Appellatives,True,,True,https://media.blubrry.com/dialogue_journal/www.dialoguejournal.com/wp-content/uploads/podcasts/dialogueoutloud_40.mp3,Dialogue Journal,41144,,12900226,URL,Dialogue Journal,The Dialogue Journal,,2023-04-12 00:23:00,Podcast,645000,,The Dialogue Journal
2023-06-02 01:50:14,,E667481AFC55BF7C,Dialogue Out Loud Interviews: Winter 2022 Personal Voices,True,,True,https://media.blubrry.com/dialogue_journal/www.dialoguejournal.com/wp-content/uploads/podcasts/dialogueoutloud_41.mp3,Dialogue Journal,41146,,89728821,URL,Dialogue Journal,The Dialogue Journal,,2023-04-14 05:00:00,Podcast,2753000,,The Dialogue Journal
2023-06-02 01:50:14,,1F3E29133C2852CD,Dialogue Out Loud Presents How a Mormon Ended Up at Union Theological Seminary: A Step Toward Racial Justice and a Better Church,True,,True,https://media.blubrry.com/dialogue_journal/www.dialoguejournal.com/wp-content/uploads/podcasts/dialogueoutloud_42.mp3,Dialogue Journal,41148,,64366336,URL,Dialogue Journal,The Dialogue Journal,,2023-04-21 07:00:00,Podcast,1609000,,The Dialogue Journal
2023-06-02 01:50:14,,36936AA48F6919F9,An Arboreal Reading of John 11: Dialogue New Testament Gospel Study with Tyler Chadwick,True,,True,https://media.blubrry.com/dialogue_journal/www.dialoguejournal.com/wp-content/uploads/podcasts/dialoguepodcast_145.mp3,Dialogue Journal,41150,,143252076,URL,Dialogue Journal,The Dialogue Journal,Arboreal Reading of John 11: Dialogue New Testament Gospel Study with Tyler Chadwick,2023-04-25 18:12:23,Podcast,3580000,,The Dialogue Journal
2023-06-02 01:50:14,,441E2C3870EA96EB,Dialogue Out Loud Interviews: 2023 Fiction Writers,True,,True,https://media.blubrry.com/dialogue_journal/www.dialoguejournal.com/wp-content/uploads/podcasts/dialogueoutloud_43.mp3,Dialogue Journal,41152,,98704007,URL,Dialogue Journal,The Dialogue Journal,,2023-04-28 17:24:52,Podcast,3024000,,The Dialogue Journal
2023-06-02 01:50:14,,015ADB20E9D8CCF3,Spring 2023 Issue Poetry,True,,True,https://media.blubrry.com/dialogue_journal/www.dialoguejournal.com/wp-content/uploads/podcasts/dialogueoutloud_44.mp3,Dialogue Journal,41154,,21934415,URL,Dialogue Journal,The Dialogue Journal,,2023-05-01 01:14:00,Podcast,548000,,The Dialogue Journal
2023-06-02 01:50:14,,24F1AE18E59ED99B,Latter Day Struggles: Let’s Talk Book of Mormon With Taylor Petrey — Part 1,True,,True,https://media.blubrry.com/dialogue_journal/www.dialoguejournal.com/wp-content/uploads/podcasts/dialoguespecial_1.mp3,Dialogue Journal,41156,,106006336,URL,Dialogue Journal,The Dialogue Journal,,2023-05-03 09:21:00,Podcast,2650000,,The Dialogue Journal
2023-06-02 01:50:14,,B4896C2AD9B61589,Latter Day Struggles: Let’s Talk Book of Mormon With Taylor Petrey — Part 2,True,,True,https://media.blubrry.com/dialogue_journal/www.dialoguejournal.com/wp-content/uploads/podcasts/dialoguespecial_2.mp3,Dialogue Journal,41158,,104566336,URL,Dialogue Journal,The Dialogue Journal,,2023-05-05 08:39:00,Podcast,2614000,,The Dialogue Journal
2023-06-02 01:50:14,,A849CF5F2AD9BEDA,Transcending Mormonism: Transgender Experiences in the LDS Church with Keith Burns,True,,True,https://media.blubrry.com/dialogue_journal/www.dialoguejournal.com/wp-content/uploads/podcasts/dialogueoutloud_45.mp3,Dialogue Journal,41160,,50022159,URL,Dialogue Journal,The Dialogue Journal,,2023-05-08 15:10:25,Podcast,1530000,,The Dialogue Journal
2023-06-02 01:50:14,,64E0D6809B255209,"Michael Hicks, AML Lifetime Achievement Award",True,,True,https://media.blubrry.com/dialogue_journal/www.dialoguejournal.com/wp-content/uploads/podcasts/dialoguebookreport_24.mp3,Dialogue Journal,41162,,132793816,URL,Dialogue Journal,The Dialogue Journal,,2023-05-12 09:59:00,Podcast,4066000,,The Dialogue Journal
2023-06-02 01:50:14,,0F948BABC3A43402,Seeing Christ Clearly: Dialogue New Testament Gospel Study with Christie Frandsen,True,,True,https://media.blubrry.com/dialogue_journal/www.dialoguejournal.com/wp-content/uploads/podcasts/dialoguepodcast_146.mp3,Dialogue Journal,41164,,167615962,URL,Dialogue Journal,The Dialogue Journal,,2023-05-16 02:02:59,Podcast,4189000,,The Dialogue Journal
2023-06-02 01:50:14,,226FB597734CBFE8,Gathering and Judging Israel: A Conversation with Justin Goodson and Brian H. Shirts,True,,True,https://media.blubrry.com/dialogue_journal/www.dialoguejournal.com/wp-content/uploads/podcasts/dialogueoutloud_46.mp3,Dialogue Journal,41166,,52542263,URL,Dialogue Journal,The Dialogue Journal,,2023-05-19 06:29:00,Podcast,1607000,,The Dialogue Journal
2023-06-02 01:50:14,,1DD3DD3D688E8415,Bodies of Flesh and Bone: An Interview with Mormon Artist Hayley Labrum Morrison,True,,True,https://media.blubrry.com/dialogue_journal/www.dialoguejournal.com/wp-content/uploads/podcasts/dialogueoutloud_47.mp3,Dialogue Journal,41168,,63512459,URL,Dialogue Journal,The Dialogue Journal,,2023-05-26 01:44:09,Podcast,1946000,,The Dialogue Journal
2023-06-02 01:50:14,,9612B07CB28A7D7D,Power through Parables: Dialogue New Testament Gospel Study with Kwani Povi Winder,True,,True,https://media.blubrry.com/dialogue_journal/www.dialoguejournal.com/wp-content/uploads/podcasts/dialoguepodcast_147.mp3,Dialogue Journal,41170,,149019913,URL,Dialogue Journal,The Dialogue Journal,,2023-05-29 00:30:29,Podcast,3725000,,The Dialogue Journal
2023-06-24 01:39:01,,7C4ED632FD3D9A48,"The Trans Mormon Experience: A Panel Discussion with Emily English, Ray Nielson and Keith Burns",True,,True,https://media.blubrry.com/dialogue_journal/www.dialoguejournal.com/wp-content/uploads/podcasts/dialogueoutloud_48b.mp3,Dialogue Journal,41414,,123104300,URL,Dialogue Journal,The Dialogue Journal,"Trans Mormon Experience: A Panel Discussion with Emily English, Ray Nielson and Keith Burns",2023-06-03 00:14:25,Podcast,3789000,,The Dialogue Journal
2023-06-24 01:39:01,,5111778A137BB1C1,"Stephen Carter, AML Smith-Pettit Foundation Award",True,,True,https://media.blubrry.com/dialogue_journal/www.dialoguejournal.com/wp-content/uploads/podcasts/dialoguebookreport_26.mp3,Dialogue Journal,41416,,106164898,URL,Dialogue Journal,The Dialogue Journal,,2023-06-09 02:04:16,Podcast,3253000,,The Dialogue Journal
2023-06-24 01:39:01,,790DEDB77075A69C,The True Domain Name of the Church: A Conversation with Spencer P. Greenhalgh,True,,True,https://media.blubrry.com/dialogue_journal/www.dialoguejournal.com/wp-content/uploads/podcasts/dialogueoutloud_49.mp3,Dialogue Journal,41418,,78396489,URL,Dialogue Journal,The Dialogue Journal,True Domain Name of the Church: A Conversation with Spencer P. Greenhalgh,2023-06-15 23:44:05,Podcast,2391000,,The Dialogue Journal
2023-06-24 01:39:01,,04DDE5912D395FD5,Dialogue Out Loud presents Sodom and Gomorrah,True,,True,https://media.blubrry.com/dialogue_journal/www.dialoguejournal.com/wp-content/uploads/podcasts/dialogueoutloud_50.mp3,Dialogue Journal,41420,,16087166,URL,Dialogue Journal,The Dialogue Journal,,2023-06-23 02:37:28,Podcast,402000,,The Dialogue Journal
2023-06-30 04:35:34,,4CE422ADF72163CB,The Miracles of Christ: Dialogue New Testament Gospel Study with Bob Rees,True,,True,https://media.blubrry.com/dialogue_journal/www.dialoguejournal.com/wp-content/uploads/podcasts/dialoguepodcast_148.mp3,Dialogue Journal,41524,,139491458,URL,Dialogue Journal,The Dialogue Journal,Miracles of Christ: Dialogue New Testament Gospel Study with Bob Rees,2023-06-26 04:31:23,Podcast,3486000,,The Dialogue Journal
2023-06-30 04:35:34,,A90297D8AFFE99AB,Dialogue Out Loud presents A Missionary Farewell,True,,True,https://media.blubrry.com/dialogue_journal/www.dialoguejournal.com/wp-content/uploads/podcasts/dialogueoutloud_51.mp3,Dialogue Journal,41526,,62486656,URL,Dialogue Journal,The Dialogue Journal,,2023-06-29 22:54:45,Podcast,1562000,,The Dialogue Journal
2023-07-11 19:48:48,,284101BBD4F20D9A,Food Abstinence and Fasting Cures in the Kingdom of God: A Conversation with Cristina Rosetti,True,,True,https://media.blubrry.com/dialogue_journal/www.dialoguejournal.com/wp-content/uploads/podcasts/dialogueoutloud_52.mp3,Dialogue Journal,41562,,50458809,URL,Dialogue Journal,The Dialogue Journal,,2023-07-07 06:09:50,Podcast,1540000,,The Dialogue Journal
2023-07-16 03:56:11,,A02D54397E21ED83,Expressing Faith Through Art: A Conversation with Nicole Woodbury and Nnamdi Okonkwo,True,,True,https://media.blubrry.com/dialogue_journal/www.dialoguejournal.com/wp-content/uploads/podcasts/dialogueoutloud_53.mp3,Dialogue Journal,41584,,89260009,URL,Dialogue Journal,The Dialogue Journal,,2023-07-14 03:40:34,Podcast,2738000,,The Dialogue Journal
2023-07-22 21:57:29,,7CDC57D245055A29,Radical Reconciliation: A Conversation with Bob Rees,True,,True,https://media.blubrry.com/dialogue_journal/www.dialoguejournal.com/wp-content/uploads/podcasts/dialogueoutloud_54.mp3,Dialogue Journal,41588,,45878230,URL,Dialogue Journal,The Dialogue Journal,,2023-07-21 03:45:16,Podcast,1413000,,The Dialogue Journal
2023-08-03 03:26:38,,CA049EE5D3DC35F2,Christ and the Scriptures: Dialogue New Testament Gospel Study with Ryan Davis,True,,True,https://media.blubrry.com/dialogue_journal/www.dialoguejournal.com/wp-content/uploads/podcasts/dialoguepodcast_149.mp3,Dialogue Journal,41610,,162483393,URL,Dialogue Journal,The Dialogue Journal,,2023-07-24 02:44:34,Podcast,4061000,,The Dialogue Journal
2023-08-03 03:26:38,,E72EDD50EFD9EECF,Pioneer Day and the Apostle Paul: Dialogue Afterchat with Ryan Davis,True,,True,https://media.blubrry.com/dialogue_journal/www.dialoguejournal.com/wp-content/uploads/podcasts/afterchat_ryandavis.mp3,Dialogue Journal,41612,,50883688,URL,Dialogue Journal,The Dialogue Journal,,2023-07-24 12:51:00,Podcast,1271000,,The Dialogue Journal
2023-08-03 03:26:38,,E7175CF5F5A5D118,Religious Tension within 19th Century Families: A Conversation with Bonnie Young,True,,True,https://media.blubrry.com/dialogue_journal/www.dialoguejournal.com/wp-content/uploads/podcasts/dialogueoutloud_55.mp3,Dialogue Journal,41614,,44211417,URL,Dialogue Journal,The Dialogue Journal,,2023-07-28 16:18:48,Podcast,1354000,,The Dialogue Journal
2023-08-22 19:55:17,,C2FA0FEB824E7A43,From Summer 2023: the Poetry of Darlene Young,True,,True,https://media.blubrry.com/dialogue_journal/www.dialoguejournal.com/wp-content/uploads/podcasts/dialogueoutloud_56.mp3,Dialogue Journal,84955,,5242880,URL,Dialogue Journal,The Dialogue Journal,,2023-08-11 16:21:42,Podcast,,,The Dialogue Journal
2023-08-22 19:55:17,,152CFD13300880F3,Loving oneself: Dialogue New Testament Gospel Study with Tinesha Zandamela,True,,True,https://media.blubrry.com/dialogue_journal/www.dialoguejournal.com/wp-content/uploads/podcasts/dialoguepodcast_150.mp3,Dialogue Journal,84960,,118251817,URL,Dialogue Journal,The Dialogue Journal,,2023-08-13 20:29:05,Podcast,2955000,,The Dialogue Journal
2023-08-22 19:55:17,,DB6EAF9C257C51B0,From Summer 2023: The Poetry of Gregory Brooks,True,,True,https://media.blubrry.com/dialogue_journal/www.dialoguejournal.com/wp-content/uploads/podcasts/dialogueoutloud_57.mp3,Dialogue Journal,84965,,13778664,URL,Dialogue Journal,The Dialogue Journal,,2023-08-17 23:40:56,Podcast,421000,,The Dialogue Journal
