date_added,persistent_id,name,kind,podcast,bitrate,play_date_utc,unplayed,comments,track_number,location,sort_album,file_folder_count,track_id,play_count,size,library_folder_count,track_type,album,date_modified,release_date,genre,sample_rate,total_time,play_date,year,artist
2022-01-04 02:36:37,F5B3121597D664B5,Episode 48: Moroni 1-9 part 1 - I Will Not Deny the Christ,,True,,2019-08-06 23:02:15,True,,,https://mcdn.podbean.com/mf/web/iyhcqg/Moroni_1-9a_-_I_Will_Not_Deny_the_Christ.mp3,Scripture Study Project,,15548,,33074788,,URL,The Scripture Study Project,,2018-11-26 07:07:10,Podcast,,1790000,3647955735,,Zach and Krista
2022-01-04 02:36:37,8783E3D8E23AA3D4,Episode 49: Moroni 7 - Lay Hold of Every Good Thing,,True,,2019-08-06 23:02:15,True,,,https://mcdn.podbean.com/mf/web/jdrenx/Moroni_7_-_Every_Good_Thing.mp3,Scripture Study Project,,15550,,33322796,,URL,The Scripture Study Project,,2018-12-03 04:43:52,Podcast,,1796000,3647955735,,Zach and Krista
2022-01-04 02:36:37,9D71BA1DFDC0D594,Episode 50: Moroni 10 - Exhort!,,True,,2019-08-06 23:02:15,True,,,https://mcdn.podbean.com/mf/web/dwkken/Moroni_10_-_Exhort_.mp3,Scripture Study Project,,15552,,31858812,,URL,The Scripture Study Project,,2018-12-10 06:05:43,Podcast,,1793000,3647955735,,Zach and Krista
2022-01-04 02:36:37,E96CA7044F4CA91D,What's Next?,,True,,2019-08-06 23:02:15,True,,,https://mcdn.podbean.com/mf/web/h6kced/Y_-_Next_Year_Preview.mp3,Scripture Study Project,,15554,,7414775,,URL,The Scripture Study Project,,2018-12-28 06:05:55,Podcast,,389000,3647955735,,Zach and Krista
2022-01-04 02:36:37,4F742D4C4B64EF18,New Testament Intro - Come Follow Me,,True,,2019-08-06 23:02:15,True,,,https://mcdn.podbean.com/mf/web/vuiyhs/1_-_Come_Follow_Me.mp3,Scripture Study Project,,15556,,32794680,,URL,The Scripture Study Project,,2019-01-02 05:00:51,Podcast,,1779000,3647955735,,Zach and Krista
2022-01-04 02:36:37,DE57ED11AEFF2304,Matt 1 / Luke 1 - Unexpected!,,True,,2019-08-06 23:02:15,True,,,https://mcdn.podbean.com/mf/web/c39maj/2_-_Unexpected.mp3,Scripture Study Project,,15558,,31982741,,URL,The Scripture Study Project,,2019-01-07 05:53:21,Podcast,,1751000,3647955735,,Zach and Krista
2022-01-04 02:36:37,0FFEE16AFCFA6FFA,Matt 2 / Luke 2 - Worship,,True,,2019-08-06 23:02:15,True,,,https://mcdn.podbean.com/mf/web/9v99js/3_-_Worship.mp3,Scripture Study Project,,15560,,32841698,,URL,The Scripture Study Project,,2019-01-14 04:17:22,Podcast,,1794000,3647955735,,Zach and Krista
2022-01-04 02:36:37,3801BB4AD67D4062,John 1 - See,,True,,2019-08-06 23:02:15,True,,,https://mcdn.podbean.com/mf/web/x4q229/4_-_See.mp3,Scripture Study Project,,15562,,31602650,,URL,The Scripture Study Project,,2019-01-21 04:22:43,Podcast,,1731000,3647955735,,Zach and Krista
2022-01-04 02:36:37,3F4BA36F91DABC00,Matt 3 / Mark 1 / Luke 3 - Repent,,True,,2019-08-06 23:02:15,True,,,https://mcdn.podbean.com/mf/web/zq7ac4/5_-_Repent.mp3,Scripture Study Project,,15564,,30630697,,URL,The Scripture Study Project,,2019-01-28 05:42:22,Podcast,,1619000,3647955735,,Zach and Krista
2022-01-04 02:36:37,518F788BAE7E8E9C,Matt 4 / Luke 4-5 - If,,True,,2019-08-06 23:02:15,True,,,https://mcdn.podbean.com/mf/web/gvwmsf/6_-_If.mp3,Scripture Study Project,,15566,,33143145,,URL,The Scripture Study Project,,2019-02-04 04:49:01,Podcast,,1781000,3647955735,,Zach and Krista
2022-01-04 02:36:37,2027FFAF6364C9BC,John 2-4 - Born Again,,True,,2019-08-06 23:02:15,True,,,https://mcdn.podbean.com/mf/web/rsakze/7_-_Born_Again.mp3,Scripture Study Project,,15568,,32528379,,URL,The Scripture Study Project,,2019-02-11 05:48:07,Podcast,,1790000,3647955735,,Zach and Krista
2022-01-04 02:36:37,D92322807B972B55,Matt 5 / Luke 6 - Mount,,True,,2019-08-06 23:02:15,True,,,https://mcdn.podbean.com/mf/web/kexgzv/8_-_Mount.mp3,Scripture Study Project,,15570,,32480720,,URL,The Scripture Study Project,,2019-02-18 07:05:38,Podcast,,1791000,3647955735,,Zach and Krista
2022-01-04 02:36:37,8D3818944B9FD011,Matt 6-7 - Heed,,True,,2019-08-06 23:02:15,True,,,https://mcdn.podbean.com/mf/web/kbkhid/9_-_Heed.mp3,Scripture Study Project,,15572,,32200861,,URL,The Scripture Study Project,,2019-02-25 06:40:58,Podcast,,1792000,3647955735,,Zach and Krista
2022-01-04 02:36:37,BE46FC06C145AD63,Matt 8-9 / Mark 2-5 - Miracles,,True,,2019-08-06 23:02:15,True,,,https://mcdn.podbean.com/mf/web/qfigxc/10_-_Miracles.mp3,Scripture Study Project,,15574,,31798848,,URL,The Scripture Study Project,,2019-03-04 04:43:08,Podcast,,1752000,3647955735,,Zach and Krista
2022-01-04 02:36:37,52401711BBF0B399,"Matt 10-12 / Mark 2 / Luke 7, 11 - Yoke",,True,,2019-08-06 23:02:15,True,,,https://mcdn.podbean.com/mf/web/gdz2qh/11_-_Yoke.mp3,Scripture Study Project,,15576,,29919294,,URL,The Scripture Study Project,,2019-03-11 04:56:09,Podcast,,1663000,3647955735,,Zach and Krista
2022-01-04 02:36:37,972DB005ABDB0EB2,Bonus: Rio Grange - Conference,,True,,2019-08-06 23:02:15,True,,,https://mcdn.podbean.com/mf/web/aw22ut/11a_-_Rio.mp3,Scripture Study Project,,15578,,30267414,,URL,The Scripture Study Project,,2019-03-15 06:37:01,Podcast,,1780000,3647955735,,Zach and Krista
2022-01-04 02:36:37,6C6FF009137552A3,"Matt 13 / Luke 8, 13 - Sower",,True,,2019-08-06 23:02:15,True,,,https://mcdn.podbean.com/mf/web/qadfmb/12_-_Sower.mp3,Scripture Study Project,,15580,,30455823,,URL,The Scripture Study Project,,2019-03-18 05:34:55,Podcast,,1685000,3647955735,,Zach and Krista
2022-01-04 02:36:37,D7F16ECBD1ECE7BE,Matt 14-15 / Mark 6-7 / John 5-6 - Fear,,True,,2019-08-06 23:02:15,True,,,https://mcdn.podbean.com/mf/web/casf2h/13_-_Fear.mp3,Scripture Study Project,,15582,,31562681,,URL,The Scripture Study Project,,2019-03-25 04:15:08,Podcast,,1790000,3647955735,,Zach and Krista
2022-01-04 02:36:37,1D702C9FC0A0CBC9,Matt 16-17 / Mark 8-9 / Luke 9 - Testimony,,True,,2019-08-06 23:02:15,True,,,https://mcdn.podbean.com/mf/web/abe88z/14_-_Testimony.mp3,Scripture Study Project,,15584,,32947812,,URL,The Scripture Study Project,,2019-04-01 04:52:11,Podcast,,1787000,3647955735,,Zach and Krista
2022-01-04 02:36:37,FAF0E937D8FE922C,Easter,,True,,2019-08-06 23:02:15,True,,,https://mcdn.podbean.com/mf/web/3grwn7/15_-_Easter.mp3,Scripture Study Project,,15586,,32535673,,URL,The Scripture Study Project,,2019-04-14 04:50:22,Podcast,,1735000,3647955735,,Zach and Krista
2022-01-04 02:36:37,19847E4A16310E8E,Matt 18/ Luke 10 - Commandments,,True,,2019-08-06 23:02:15,True,,,https://mcdn.podbean.com/mf/web/fvd9b3/16_-_Love.mp3,Scripture Study Project,,15588,,30376150,,URL,The Scripture Study Project,,2019-04-22 04:16:18,Podcast,,1640000,3647955735,,Zach and Krista
2022-01-04 02:36:37,616EB31B85BF2BE3,Bonus: Ashley Laneri - Women,,True,,2019-08-06 23:02:15,True,,,https://mcdn.podbean.com/mf/web/iinabg/16_Bonus_cut_-_Ashley.mp3,Scripture Study Project,,15590,,29199773,,URL,The Scripture Study Project,,2019-04-25 06:08:35,Podcast,,1783000,3647955735,,Zach and Krista
2022-01-04 02:36:37,DE140A49E32EA451,John 7-10 - Shepherd,,True,,2019-08-06 23:02:15,True,,,https://mcdn.podbean.com/mf/web/363hqp/17_-_Shepherd.mp3,Scripture Study Project,,15592,,32763823,,URL,The Scripture Study Project,,2019-04-29 05:11:17,Podcast,,1791000,3647955735,,Zach and Krista
2022-01-04 02:36:37,B8E3119342857B6B,Luke 12-17 / John 11 - Sheep,,True,,2019-08-06 23:02:15,True,,,https://mcdn.podbean.com/mf/web/8mr3f6/18_-_Sheep.mp3,Scripture Study Project,,15594,,30489476,,URL,The Scripture Study Project,,2019-05-06 05:21:16,Podcast,,1636000,3647955735,,Zach and Krista
2022-01-04 02:36:37,436877043FBB66E8,"Matt 19-20, Mark 10, Luke 18 - Great",,True,,2019-08-06 23:02:15,True,,,https://mcdn.podbean.com/mf/web/efeyq4/19_-_Great.mp3,Scripture Study Project,,15596,,30125529,,URL,The Scripture Study Project,,2019-05-13 04:33:00,Podcast,,1650000,3647955735,,Zach and Krista
2022-01-04 02:36:37,AFAE326086DCC9BC,Matt 21-23 / Mark 11 / Luke 19-20 / John 12 - Fruit,,True,,2019-08-06 23:02:15,True,,,https://mcdn.podbean.com/mf/web/t823ik/20_-_Fruit.mp3,Scripture Study Project,,15598,,32531704,,URL,The Scripture Study Project,,2019-05-20 05:55:01,Podcast,,1794000,3647955735,,Zach and Krista
2022-01-04 02:36:37,CF745012CEDF9AEF,JS-M / Matt 25 / Mark 12-13 / Luke 21 - Coming,,True,,2019-08-06 23:02:15,True,,,https://mcdn.podbean.com/mf/web/fp2kd2/21_-_Coming.mp3,Scripture Study Project,,15600,,32224697,,URL,The Scripture Study Project,,2019-05-27 05:46:47,Podcast,,1775000,3647955735,,Zach and Krista
2022-01-04 02:36:37,BD30BDB94A711F80,John 13-17 - Love,,True,,2019-08-06 23:02:15,True,,,https://mcdn.podbean.com/mf/web/mkzgbj/22_-_Love.mp3,Scripture Study Project,,15602,,33068693,,URL,The Scripture Study Project,,2019-06-03 05:05:39,Podcast,,1786000,3647955735,,Zach and Krista
2022-01-04 02:36:37,DFA09BC50739C79E,"Matt 26, Mark 12, Luke 22, John 18 - Remember",,True,,2019-08-06 23:02:15,True,,,https://mcdn.podbean.com/mf/web/rrg2ha/23_-_Remember.mp3,Scripture Study Project,,15604,,28981564,,URL,The Scripture Study Project,,2019-06-10 03:57:33,Podcast,,1546000,3647955735,,Zach and Krista
2022-01-04 02:36:37,BD22FA87DE5D8C23,"Matt 27, Mark 15, Luke 23, John 19 - King",,True,,2019-08-06 23:02:15,True,,,https://mcdn.podbean.com/mf/web/jubpqw/24_-_King.mp3,Scripture Study Project,,15606,,30956225,,URL,The Scripture Study Project,,2019-06-17 05:23:54,Podcast,,1683000,3647955735,,Zach and Krista
2022-01-04 02:36:37,981F598403B17F32,"Matt 28, Mark 16, Luke 24, John 20-21 - Living",,True,,2019-08-06 23:02:15,True,,,https://mcdn.podbean.com/mf/web/jie9ys/25_-_Living.mp3,Scripture Study Project,,15608,,32712648,,URL,The Scripture Study Project,,2019-06-24 02:58:19,Podcast,,1797000,3647955735,,Zach and Krista
2022-01-04 02:36:37,3E426794013B5416,Acts 1-5 - Apostle,,True,,2019-07-08 19:25:11,True,,,https://mcdn.podbean.com/mf/web/9q6ma9/26_-_Apostle.mp3,Scripture Study Project,,15610,,31782159,,URL,The Scripture Study Project,,2019-07-01 05:59:51,Podcast,,1749000,3645437111,,Zach and Krista
2022-01-04 02:36:37,5916ABB8759D6F59,Acts 6-9 - Chosen,,True,,2019-07-14 14:40:07,True,,,https://mcdn.podbean.com/mf/web/mrgxz4/27_-_Chosen.mp3,Scripture Study Project,,15612,,27789489,,URL,The Scripture Study Project,,2019-07-08 05:21:26,Podcast,,1493000,3645938407,,Zach and Krista
2022-01-04 02:36:37,AE07E535047B0BED,Acts 10-15 - Reveal,,True,,2019-07-24 16:41:57,True,,,https://mcdn.podbean.com/mf/web/txdmp2/28_-_Reveal.mp3,Scripture Study Project,,15614,,31003982,,URL,The Scripture Study Project,,2019-07-15 05:13:53,Podcast,,1673000,3646809717,,Zach and Krista
2022-01-04 02:36:37,B96139EA0C56B8E0,Acts 16-21 - Known,,True,,2019-08-01 15:02:26,True,,,https://mcdn.podbean.com/mf/web/sy6d3t/29_-_Know.mp3,Scripture Study Project,,15616,,32797305,,URL,The Scripture Study Project,,2019-07-22 06:30:37,Podcast,,1798000,3647494946,,Zach and Krista
2022-01-04 02:36:37,2596DC10904F94EA,Acts 22-28 - Ship,,True,,2019-07-30 17:34:42,True,,,https://mcdn.podbean.com/mf/web/3ye2eu/30_-_Ship.mp3,Scripture Study Project,,15618,,33344419,,URL,The Scripture Study Project,,2019-07-29 04:48:00,Podcast,,1798000,3647331282,,Zach and Krista
2022-01-04 02:36:37,9D63055311BE66F8,Romans 1-6 - Righteousness,,True,,2019-08-06 23:43:57,True,,,https://mcdn.podbean.com/mf/web/b7whfj/31_-_Righteousness.mp3,Scripture Study Project,,15620,,32651330,,URL,The Scripture Study Project,,2019-08-05 06:35:28,Podcast,,1766000,3647958237,,Zach and Krista
2022-01-04 02:36:37,D0FF0A68339BE5B1,Romans 7-16 - Belong,,True,,2019-08-15 19:05:48,True,,,https://mcdn.podbean.com/mf/web/tyy6gy/32_-_Welcome.mp3,Scripture Study Project,,15622,,29316006,,URL,The Scripture Study Project,,2019-08-12 06:24:06,Podcast,,1633000,3648719148,,Zach and Krista
2022-01-04 02:36:37,F09D25729BCF0BAF,Bonus: Salt Gathering - Study,,True,,2019-08-15 19:54:47,True,,,https://mcdn.podbean.com/mf/web/t37h4n/31_Bonus_-_Salt_Discussion.mp3,Scripture Study Project,,15624,,48996398,,URL,The Scripture Study Project,,2019-08-15 05:29:47,Podcast,,2935000,3648722087,,Zach and Krista
2022-01-04 02:36:37,43197F3E962484C7,1 Corinthians 1-7 - Temple,,True,,2019-08-21 21:07:03,True,,,https://mcdn.podbean.com/mf/web/fcwvps/33_-_Temple.mp3,Scripture Study Project,,15626,,32086129,,URL,The Scripture Study Project,,2019-08-19 03:19:33,Podcast,,1730000,3649244823,,Zach and Krista
2022-01-04 02:36:37,EB4C4333DC39C019,1 Cor 8-13 - Body,,True,,2019-08-26 18:58:00,True,,,https://mcdn.podbean.com/mf/web/9aankx/34_-_Body.mp3,Scripture Study Project,,15628,,31162163,,URL,The Scripture Study Project,,2019-08-26 04:28:38,Podcast,,1763000,3649669080,,Zach and Krista
2022-01-04 02:36:37,328A68C1189F7823,1 Corinthians 14-16 - Voices,,True,,2019-09-09 14:04:42,True,,,https://mcdn.podbean.com/mf/web/x5y7az/35_-_Voices.mp3,Scripture Study Project,,15630,,32620197,,URL,The Scripture Study Project,,2019-09-02 04:42:20,Podcast,,1768000,3650861082,,Zach and Krista
2022-01-04 02:36:37,7B9E14ECEDE68623,2 Corinthians 1-7 - Groan,,True,,2019-09-10 18:21:51,True,,,https://mcdn.podbean.com/mf/web/r6tug3/36_-_Groan.mp3,Scripture Study Project,,15632,,30222868,,URL,The Scripture Study Project,,2019-09-09 04:40:06,Podcast,,1767000,3650962911,,Zach and Krista
2022-01-04 02:36:37,47139667034A405D,2 Corinthians 8-13 - Thorn,,True,,2019-09-16 22:54:51,True,,,https://mcdn.podbean.com/mf/web/qy7pkh/37_-_Thorn.mp3,Scripture Study Project,,15634,,31338009,,URL,The Scripture Study Project,,2019-09-16 04:38:53,Podcast,,1694000,3651497691,,Zach and Krista
2022-01-04 02:36:37,9E13457E4346FE2B,Galatians - Stand,,True,,2019-11-16 01:47:08,True,,,https://mcdn.podbean.com/mf/web/s8xigm/38_-_Stand.mp3,Scripture Study Project,,15636,,31801492,,URL,The Scripture Study Project,,2019-09-23 04:03:33,Podcast,,1788000,3656688428,,Zach and Krista
2022-01-04 02:36:37,0F52E97D4CC0A9D7,Ephesians - Battle,,True,,2019-10-09 20:12:19,True,,,https://mcdn.podbean.com/mf/web/k5jdqs/39_-_Battle.mp3,Scripture Study Project,,15638,,31915474,,URL,The Scripture Study Project,,2019-09-30 05:09:43,Podcast,,1793000,3653475139,,Zach and Krista
2022-01-04 02:36:37,522DA64274344E73,Philippians-Colossians - Rejoice,,True,,2019-10-15 20:23:29,True,,,https://mcdn.podbean.com/mf/web/nwhci9/40_-_Rejoice.mp3,Scripture Study Project,,15640,,30446423,,URL,The Scripture Study Project,,2019-10-14 05:45:04,Podcast,,1668000,3653994209,,Zach and Krista
2022-01-04 02:36:37,EDF5FD2D6EF69C15,1-2 Thessalonians - Patience,,True,,2019-10-23 23:10:51,True,,,https://mcdn.podbean.com/mf/web/sfev6d/41_-_Patience.mp3,Scripture Study Project,,15642,,33391934,,URL,The Scripture Study Project,,2019-10-21 05:12:07,Podcast,,1791000,3654695451,,Zach and Krista
2022-01-04 02:36:37,9723940819E1CA1C,"1-2 Timothy, Titus, Philemon - Swerve",,True,,2019-10-28 21:49:07,True,,,https://mcdn.podbean.com/mf/web/wjmcq9/43_-_Swerve.mp3,Scripture Study Project,,15644,,31180008,,URL,The Scripture Study Project,,2019-10-28 04:26:26,Podcast,,1723000,3655122547,,Zach and Krista
2022-01-04 02:36:37,6AA09DCE99AE85EF,Hebrews 1-6 - Captain,,True,,2019-11-14 19:25:36,True,,,https://mcdn.podbean.com/mf/web/7fwv26/43_-_Captain.mp3,Scripture Study Project,,15646,,32238404,,URL,The Scripture Study Project,,2019-11-04 05:52:03,Podcast,,1730000,3656579136,,Zach and Krista
2022-01-04 02:36:37,9B8E437BC9FCF6AC,Hebrews 7-13 - Assurance,,True,,2019-11-16 00:56:36,True,,,https://mcdn.podbean.com/mf/web/mgx4ps/44_-_Assurance.mp3,Scripture Study Project,,15648,,33440047,,URL,The Scripture Study Project,,2019-11-11 05:26:54,Podcast,,1791000,3656685396,,Zach and Krista
2022-01-04 02:36:37,902ACA6AD6295BA5,James - Doers,,True,,2019-11-21 20:24:27,True,,,https://mcdn.podbean.com/mf/web/xfgaj3/45_-_Doers.mp3,Scripture Study Project,,15650,,32634414,,URL,The Scripture Study Project,,2019-11-18 06:33:05,Podcast,,1786000,3657187467,,Zach and Krista
2022-01-04 02:36:37,BB2E70FB162322CB,1-2 Peter - Endure,,True,,2019-11-27 00:38:47,True,,,https://mcdn.podbean.com/mf/web/3288s3/46_-_Endure.mp3,Scripture Study Project,,15652,,27641186,,URL,The Scripture Study Project,,2019-11-25 04:45:00,Podcast,,1526000,3657634727,,Zach and Krista
2022-01-04 02:36:37,260052AEC4DE1AC2,"1-3 John, Jude - Fellowship",,True,,2019-12-21 15:37:27,True,,,https://mcdn.podbean.com/mf/web/872pru/47_-_Fellowship.mp3,Scripture Study Project,,15654,,30222042,,URL,The Scripture Study Project,,2019-12-02 04:53:45,Podcast,,1634000,3659762247,,Zach and Krista
2022-01-04 02:36:37,ECA6D9330730CB1C,Revelation 1-11 - Revelation,,True,,2019-12-21 21:46:55,True,,,https://mcdn.podbean.com/mf/web/tec7m6/48_-_Revelation.mp3,Scripture Study Project,,15656,,31603483,,URL,The Scripture Study Project,,2019-12-09 05:00:00,Podcast,,1719000,3659784415,,Zach and Krista
2022-01-04 02:36:37,84013251A19DE0D2,Christmas - First,,True,,2019-12-21 21:56:18,True,,,https://mcdn.podbean.com/mf/web/3uhxi6/49_-_Christmas.mp3,Scripture Study Project,,15658,,19408671,,URL,The Scripture Study Project,,2019-12-16 07:04:45,Podcast,,1066000,3659784978,,Zach and Krista
2022-01-04 02:36:37,ACB6AAD60F637E49,Revelation 12-22 - Overcome,,True,,2020-01-04 20:21:38,True,,,https://mcdn.podbean.com/mf/web/jc4a7x/50_-_Overcome.mp3,Scripture Study Project,,15660,,32075517,,URL,The Scripture Study Project,,2019-12-23 05:00:00,Podcast,,1790000,3660988898,,Zach and Krista
2022-01-04 02:36:37,4C28FA19E88AA335,Book of Mormon Intro Pages - Thesis,,True,,2020-01-10 16:15:05,True,,,https://mcdn.podbean.com/mf/web/wq6kfy/1_-_Introductory_Pages_C_.mp3,Scripture Study Project,,15662,,29195713,,URL,The Scripture Study Project,,2020-01-04 21:52:28,Podcast,,1598000,3661492505,,Zach and Krista
2022-01-04 02:36:37,928D2647B46C7DF1,"1 Nephi 1-7 - ""the Lord spake unto me""",,True,,,True,,,https://mcdn.podbean.com/mf/web/gr9azv/2_-_1_Nephi_1-7_B_.mp3,Scripture Study Project,,15664,,31327120,,URL,The Scripture Study Project,,2020-01-06 05:21:36,Podcast,,1720000,,,Zach and Krista
2022-01-04 02:36:37,7D5F61CBDD37EB3B,"1 Nephi 8-10 - ""rely on this Redeemer""",,True,,,True,,,https://mcdn.podbean.com/mf/web/gjyn7h/3_-_1_Nephi_8-10_B_.mp3,Scripture Study Project,,15666,,29994857,,URL,The Scripture Study Project,,2020-01-13 05:38:34,Podcast,,1771000,,,Zach and Krista
2022-01-04 02:36:37,1AA1DEB550A7CA5C,"1 Nephi 11-15 - ""it is the love of God""",,True,,,True,,,https://mcdn.podbean.com/mf/web/fq64m6/4_-_1_Nephi_11-15.mp3,Scripture Study Project,,15668,,24724117,,URL,The Scripture Study Project,,2020-01-20 05:06:17,Podcast,,1714000,,,Zach and Krista
2022-01-04 02:36:37,B7C2E6DFE03A8DB4,"1 Nephi 16-22 - ""leadeth me by the way""",,True,,,True,,,https://mcdn.podbean.com/mf/web/u3rg3y/5_-_1_Nephi_16-22.mp3,Scripture Study Project,,15670,,31213174,,URL,The Scripture Study Project,,2020-01-27 06:04:36,Podcast,,1733000,,,Zach and Krista
2022-01-04 02:36:37,FC824DFED1808969,"2 Nephi 1-5 - ""encircled about eternally""",,True,,,True,,,https://mcdn.podbean.com/mf/web/rqdwu3/6_-_2_Nephi_1-5.mp3,Scripture Study Project,,15672,,26237546,,URL,The Scripture Study Project,,2020-02-03 06:41:45,Podcast,,1799000,,,Zach and Krista
2022-01-04 02:36:37,21F692971032F9CE,"2 Nephi 6-10 - ""the Mighty God shall deliver his people""",,True,,,True,,,https://mcdn.podbean.com/mf/web/dkkucy/7_-_2_Nephi_6-10.mp3,Scripture Study Project,,15674,,32220876,,URL,The Scripture Study Project,,2020-02-10 04:59:48,Podcast,,1754000,,,Zach and Krista
2022-01-04 02:36:37,34660E82D9860B41,"2 Nephi 11-25 - ""persuade...to believe in Christ""",,True,,,True,,,https://mcdn.podbean.com/mf/web/ewn4xt/8_-_2_Nephi_11-25.mp3,Scripture Study Project,,15676,,33476502,,URL,The Scripture Study Project,,2020-02-17 06:28:12,Podcast,,1772000,,,Zach and Krista
2022-01-04 02:36:37,6F648718C6EA2CEB,"2 Nephi 26-30 - ""the words of a book""",,True,,,True,,,https://mcdn.podbean.com/mf/web/se2pk4/9_-_2_Nephi_26-30.mp3,Scripture Study Project,,15678,,29956322,,URL,The Scripture Study Project,,2020-02-24 05:58:24,Podcast,,1556000,,,Zach and Krista
2022-01-04 02:36:37,6B0350CC45A51173,"2 Nephi 31-33 - ""feast upon the words of Christ""",,True,,,True,,,https://mcdn.podbean.com/mf/web/rs2dt8/10_-_2_Nephi_31-33.mp3,Scripture Study Project,,15680,,30535807,,URL,The Scripture Study Project,,2020-03-02 06:32:04,Podcast,,1684000,,,Zach and Krista
2022-01-04 02:36:37,0B462761BAB49442,"Jacob 1-4 - ""anxiety for the welfare of your souls""",,True,,,True,,,https://mcdn.podbean.com/mf/web/euus6m/11_-_Jacob_1-4.mp3,Scripture Study Project,,15682,,33617842,,URL,The Scripture Study Project,,2020-03-09 05:34:12,Podcast,,1775000,,,Zach and Krista
2022-01-04 02:36:37,E58E46311D559DF7,"Jacob 5-7 - ""I could not be shaken""",,True,,,True,,,https://mcdn.podbean.com/mf/web/pzpbf9/12_-_Jacob_5-7.mp3,Scripture Study Project,,15684,,37806509,,URL,The Scripture Study Project,,2020-03-16 05:48:38,Podcast,,1927000,,,Zach and Krista
2022-01-04 02:36:37,BB03D80FDE0A74E9,"Enos-Words of Mormon - ""for a wise purpose""",,True,,,True,,,https://mcdn.podbean.com/mf/web/t8cgt8/13_-_Enos-WofM.mp3,Scripture Study Project,,15686,,27011337,,URL,The Scripture Study Project,,2020-03-23 04:51:47,Podcast,,1720000,,,Zach and Krista
2022-01-04 02:36:37,107AF4E7429539E0,Bonus: General Conference & Easter,,True,,,True,,,https://mcdn.podbean.com/mf/web/3mbjgr/14_-_GC-Easter.mp3,Scripture Study Project,,15688,,29817900,,URL,The Scripture Study Project,,2020-03-30 04:33:37,Podcast,,1528000,,,Zach and Krista
2022-01-04 02:36:37,F67F422A58DA6109,"Mosiah 1-3 - ""the mysteries of God""",,True,,2020-04-25 21:45:22,True,,,https://mcdn.podbean.com/mf/web/uccmgj/15_-_Mosiah_1-3.mp3,Scripture Study Project,,15690,,30139045,,URL,The Scripture Study Project,,2020-04-13 06:06:37,Podcast,,1587000,3670674322,,Zach and Krista
2022-01-04 02:36:37,9CC7AEF495C66993,"Mosiah 4-6 - ""a mighty change in us""",,True,,,True,,,https://mcdn.podbean.com/mf/web/45f5g9/16_-_Mosiah_4-6.mp3,Scripture Study Project,,15692,,26115437,,URL,The Scripture Study Project,,2020-04-20 04:20:37,Podcast,,1785000,,,Zach and Krista
2022-01-04 02:36:37,1DC0F160E6B37DFB,"Mosiah 7-10 - ""deliver you out of bondage""",,True,,,True,,,https://mcdn.podbean.com/mf/web/cxvhqu/17_-_Mosiah_7-10.mp3,Scripture Study Project,,15694,,33284448,,URL,The Scripture Study Project,,2020-04-27 05:37:49,Podcast,,1744000,,,Zach and Krista
2022-01-04 02:36:37,54217AE5CE2B404A,"Mosiah 11-17 - ""here is the man""",,True,,,True,,,https://mcdn.podbean.com/mf/web/xaz36w/18_-_Mosiah_11-17.mp3,Scripture Study Project,,15696,,34423573,,URL,The Scripture Study Project,,2020-05-04 05:48:29,Podcast,,1787000,,,Zach and Krista
2022-01-04 02:36:37,C783A6F82F25CF97,"Mosiah 18-24 - ""none could deliver them but the Lord their God""",,True,,2020-05-29 21:45:00,True,,,https://mcdn.podbean.com/mf/web/mu7t6n/19-Mosiah18-249je6v.mp3,Scripture Study Project,,15698,,33400314,,URL,The Scripture Study Project,,2020-05-11 07:00:35,Podcast,,1781000,3673611900,,Zach and Krista
2022-01-04 02:36:37,C07407F733588933,Bonus: Mosiah 18 with Maria Eckersley,,True,,,True,,,https://mcdn.podbean.com/mf/web/vnkoqr/19a-Mosiah18bonus7oqt4.mp3,Scripture Study Project,,15700,,29868843,,URL,The Scripture Study Project,,2020-05-14 05:35:01,Podcast,,1777000,,,Zach and Krista
2022-01-04 02:36:37,31C5809F26269DE0,"Mosiah 25-28 - ""I have repented...and been redeemed""",,True,,,True,,,https://mcdn.podbean.com/mf/web/0oi3b5/20-Mosiah25-286bztg.mp3,Scripture Study Project,,15702,,29656207,,URL,The Scripture Study Project,,2020-05-18 03:47:29,Podcast,,1600000,,,Zach and Krista
2022-01-04 02:36:37,14A0F5F38154B956,"Mosiah 29-Alma 4 -  ""that he might reclaim them""",,True,,,True,,,https://mcdn.podbean.com/mf/web/1x3ne7/21_-_Mosiah_29-Alma_1_amjbj.mp3,Scripture Study Project,,15704,,30268366,,URL,The Scripture Study Project,,2020-05-25 05:28:39,Podcast,,1661000,,,Zach and Krista
2022-01-04 02:36:37,6E53AB6DF04EE640,"Alma 5-7 - ""can you imagine""",,True,,,True,,,https://mcdn.podbean.com/mf/web/16xz9i/22_-_Alma_5-7_95odu.mp3,Scripture Study Project,,15706,,29746866,,URL,The Scripture Study Project,,2020-06-01 04:28:02,Podcast,,1799000,,,Zach and Krista
2022-01-04 02:36:37,B880BC345E9A3567,"Alma 8-16 - ""How long shall we suffer""",,True,,,True,,,https://mcdn.podbean.com/mf/web/vd11w5/23_-_Alma_8-16_7jikx.mp3,Scripture Study Project,,15708,,30295797,,URL,The Scripture Study Project,,2020-06-08 03:21:54,Podcast,,1656000,,,Zach and Krista
2022-01-04 02:36:37,F5D814C79A0531A2,"Alma 17-22 - ""an instrument in the hand of God""",,True,,,True,,,https://mcdn.podbean.com/mf/web/ih6naw/24_-_Alma_17-22_847tc.mp3,Scripture Study Project,,15710,,29110463,,URL,The Scripture Study Project,,2020-06-22 06:14:26,Podcast,,1550000,,,Zach and Krista
2022-01-04 02:36:37,63E6229FDE6BFF50,"Alma 23-29 - ""I ought to be content""",,True,,2020-07-11 21:52:51,True,,,https://mcdn.podbean.com/mf/web/pdfhmb/25_-_Alma_23-29_76geg.mp3,Scripture Study Project,,15712,,27098100,,URL,The Scripture Study Project,,2020-06-29 05:50:59,Podcast,,1781000,3677327571,,Zach and Krista
2022-01-04 02:36:37,8150E80B74153C47,"Alma 30-31 - ""I have all things as a testimony""",,True,,2020-07-18 20:51:33,True,,,https://mcdn.podbean.com/mf/web/8willt/26_-_Alma_30-31_7w9vt.mp3,Scripture Study Project,,15714,,32822641,,URL,The Scripture Study Project,,2020-07-06 05:20:38,Podcast,,1762000,3677928693,,Zach and Krista
2022-01-04 02:36:37,9FFFA42F6BEB1648,"Alma 32-35 - ""no place to worship""",,True,,2020-07-20 13:36:06,True,,,https://mcdn.podbean.com/mf/web/5p7v2a/Alma_32-35_9pr4j.mp3,Scripture Study Project,,15716,,31459996,,URL,The Scripture Study Project,,2020-07-13 05:58:22,Podcast,,1783000,3678075366,,Zach and Krista
2022-01-04 02:36:37,E4E21000AD7C1A23,"Alma 36-38 - ""O Jesus, thou Son of God""",,True,,2020-11-17 19:16:59,,,,https://mcdn.podbean.com/mf/web/cpv5dj/28_-_Alma_36-38_ahtz9.mp3,Scripture Study Project,,15718,1,28864096,,URL,The Scripture Study Project,,2020-07-20 05:30:33,Podcast,,1783000,3688460219,,Zach and Krista
2022-01-04 02:36:37,2C440C9C63742BCB,"Alma 39-42 - ""my son, go thy way""",,True,,2020-12-04 23:51:13,,,,https://mcdn.podbean.com/mf/web/rcxfx5/29_-_alma_39-4273ryx.mp3,Scripture Study Project,,15720,1,32369808,,URL,The Scripture Study Project,,2020-07-27 07:21:15,Podcast,,1735000,3689945473,,Zach and Krista
2022-01-04 02:36:37,FA90A27C9FE84E6F,"Alma 43-52 - ""preparations for war""",,True,,2020-12-05 01:00:39,,,,https://mcdn.podbean.com/mf/web/25igpf/30_-_alma_43-52bqi8x.mp3,Scripture Study Project,,15722,1,32014334,,URL,The Scripture Study Project,,2020-08-03 04:37:13,Podcast,,1784000,3689949639,,Zach and Krista
2022-01-04 02:36:37,B8A7C9FC3E8CBBE7,"Alma 53-63 - ""two thousand sons""",,True,,2020-08-22 15:21:18,True,,,https://mcdn.podbean.com/mf/web/nryv7y/31_-_alma_54-62a533x.mp3,Scripture Study Project,,15724,,33034050,,URL,The Scripture Study Project,,2020-08-10 04:00:00,Podcast,,1756000,3680932878,,Zach and Krista
2022-01-04 02:36:37,509A6B0D52E1F423,"Helaman 1-6 - ""serious difficulty""",,True,,2020-08-27 13:19:23,True,,,https://mcdn.podbean.com/mf/web/vsbu2z/32_-_Helaman_1-69p1by.mp3,Scripture Study Project,,15726,,31489058,,URL,The Scripture Study Project,,2020-08-16 22:40:07,Podcast,,1713000,3681357563,,Zach and Krista
2022-01-04 02:36:37,34B65846C09DE393,"Helaman 7-12 - ""remember him""",,True,,2020-08-26 15:32:40,True,,,https://mcdn.podbean.com/mf/web/xc4sn5/33_-_Helaman_7-1287vrf.mp3,Scripture Study Project,,15728,,28188577,,URL,The Scripture Study Project,,2020-08-24 05:12:44,Podcast,,1710000,3681279160,,Zach and Krista
2022-01-04 02:36:37,C82DD0A9AC1422A6,"Helaman 13-16 - ""got upon the wall""",,True,,2020-12-07 23:10:46,,,,https://mcdn.podbean.com/mf/web/cwzsxg/34_-_Helaman_13-167hd29.mp3,Scripture Study Project,,15730,1,29238667,,URL,The Scripture Study Project,,2020-08-31 03:03:47,Podcast,,1569000,3690202246,,Zach and Krista
2022-01-04 02:36:37,DF22C8C829C14D7F,"3 Nephi 1-7 - ""Lift up your head and be of good cheer""",,True,,2020-12-08 18:57:27,,,,https://mcdn.podbean.com/mf/web/texkad/35_-_3_Nephi_1-76twh2.mp3,Scripture Study Project,,15732,1,26876780,,URL,The Scripture Study Project,,2020-09-07 03:11:16,Podcast,,1511000,3690273447,,Zach and Krista
2022-01-04 02:36:37,947208E6E33AC4BB,"3 Nephi 8-11 - ""they heard a voice""",,True,,2020-12-08 19:43:09,,,,https://mcdn.podbean.com/mf/web/8u5eau/36_-_3_Nephi_8-11aig5n.mp3,Scripture Study Project,,15734,1,28479730,,URL,The Scripture Study Project,,2020-09-14 01:23:05,Podcast,,1579000,3690276189,,Zach and Krista
2022-01-04 02:36:37,6DD691574E2CC9FD,"3 Nephi 12-16 - ""all things had become new""",,True,,2020-12-09 14:53:10,,,,https://mcdn.podbean.com/mf/web/25jjuc/37_-_3_Nephi_12-168hxgm.mp3,Scripture Study Project,,15736,1,31396393,,URL,The Scripture Study Project,,2020-09-21 00:00:00,Podcast,,1792000,3690345190,,Zach and Krista
2022-01-04 02:36:37,E08C4A453C729777,"3 Nephi 17-19 - ""tarry a little longer""",,True,,2020-12-09 19:30:57,,,,https://mcdn.podbean.com/mf/web/x6522i/38_-_3_Nephi_17-19667mw.mp3,Scripture Study Project,,15738,1,31902652,,URL,The Scripture Study Project,,2020-09-28 04:01:17,Podcast,,1770000,3690361857,,Zach and Krista
2022-01-04 02:36:37,58D7BB5671112E16,"3 Nephi 20-26 - ""my people, O house of Israel""",,True,,,True,,,https://mcdn.podbean.com/mf/web/z25hky/39_-_3_Nephi_20-26b13kg.mp3,Scripture Study Project,,15740,,32129084,,URL,The Scripture Study Project,,2020-10-12 02:53:04,Podcast,,1792000,,,Zach and Krista
2022-01-04 02:36:37,5600735E61961910,"3 Nephi 27 - 4 Nephi - ""What is it that ye desire of me""",,True,,2020-12-11 16:44:00,,,,https://mcdn.podbean.com/mf/web/uyph9a/40_-_3_Nephi_27-4_Nephi840td.mp3,Scripture Study Project,,15742,1,31188905,,URL,The Scripture Study Project,,2020-10-19 02:05:31,Podcast,,1794000,3690524640,,Zach and Krista
2022-01-04 02:36:37,12D9DA40E63E594F,"Mormon 1-6 - ""clasped in the arms of Jesus""",,True,,2020-12-12 21:45:03,,,,https://mcdn.podbean.com/mf/web/ivbaxd/41_-_Mormon_1-698fpz.mp3,Scripture Study Project,,15744,1,30529043,,URL,The Scripture Study Project,,2020-10-26 02:22:02,Podcast,,1702000,3690629103,,Zach and Krista
2022-01-04 02:36:37,6742C9AA20F6A95F,"Mormon 7-9 - ""God of miracles""",,True,,2020-11-07 18:40:21,,,,https://mcdn.podbean.com/mf/web/ctwbd6/42_-_Mormon_7-979wbd.mp3,Scripture Study Project,,15746,1,34154552,,URL,The Scripture Study Project,,2020-11-02 21:13:12,Podcast,,1710000,3687594021,,Zach and Krista
2022-01-04 02:36:37,ADA95605241E9D48,"Ether 1-5 - ""greater things made manifest""",,True,,2021-03-07 01:24:22,,,,https://mcdn.podbean.com/mf/web/8jqnh2/43_-_Ether_1-59waci.mp3,Scripture Study Project,,15748,1,34482130,,URL,The Scripture Study Project,,2020-11-09 03:50:00,Podcast,,1786000,3697899862,,Zach and Krista
2022-01-04 02:36:37,320EB42D07490E70,"Ether 6-11 - ""the great deep""",,True,,2021-03-08 14:37:29,,,,https://mcdn.podbean.com/mf/web/x6fpzh/44_-_Ether_6-116oz2o.mp3,Scripture Study Project,,15750,2,28062500,,URL,The Scripture Study Project,,2020-11-16 03:44:31,Podcast,,1624000,3698033849,,Zach and Krista
2022-01-04 02:36:37,7A13CDC0D068A7A6,"Ether 12-15 - ""by faith""",,True,,2021-03-08 17:27:41,,,,https://mcdn.podbean.com/mf/web/xqdwnm/45_-_Ether_12-1568lgl.mp3,Scripture Study Project,,15752,1,31782182,,URL,The Scripture Study Project,,2020-11-23 04:07:25,Podcast,,1780000,3698044061,,Zach and Krista
2022-01-04 02:36:37,9B01C060F716A7FF,"Moroni 1-6 - ""ordained""",,True,,2021-03-08 17:47:34,,,,https://mcdn.podbean.com/mf/web/wrq4rv/46_-_Moroni_1-66psm5.mp3,Scripture Study Project,,15754,1,32637143,,URL,The Scripture Study Project,,2020-11-30 04:21:25,Podcast,,1787000,3698045254,,Zach and Krista
2022-01-04 02:36:37,DA47ACCA6C0B395B,"Moroni 7-9 - ""every good thing""",,True,,2021-03-08 18:53:06,,,,https://mcdn.podbean.com/mf/web/xdd8dy/47_-_Moroni_7-97q4z8.mp3,Scripture Study Project,,15756,1,32717121,,URL,The Scripture Study Project,,2020-12-07 04:57:03,Podcast,,1772000,3698049186,,Zach and Krista
2022-01-04 02:36:37,549ECAE66C232E24,"Moroni 10 - ""perfected in Christ""",,True,,2021-03-08 20:51:56,,,,https://mcdn.podbean.com/mf/web/usyuzw/48_-_Moroni_109i4hy.mp3,Scripture Study Project,,15758,1,31137024,,URL,The Scripture Study Project,,2020-12-14 04:23:23,Podcast,,1676000,3698056316,,Zach and Krista
2022-01-04 02:36:37,D50275C24E153312,"New Years - ""Ring Out Wild Bells""",,True,,2021-03-08 21:01:19,,,,https://mcdn.podbean.com/mf/web/kydexs/49_-_New_Year66vzm.mp3,Scripture Study Project,,15760,1,15844667,,URL,The Scripture Study Project,,2020-12-31 18:16:37,Podcast,,844000,3698056879,,Zach and Krista
2022-01-04 02:36:37,58A40E66C0296DB9,Section 1 - Hearken,,True,,,True,,,https://mcdn.podbean.com/mf/web/nz927i/1_-_DC_1awezz.mp3,Scripture Study Project,,15762,,30637854,,URL,The Scripture Study Project,,2021-01-04 04:01:47,Podcast,,1639000,,,Zach and Krista
2022-01-04 02:36:37,6E714C8C4EB7B9D9,History 1-26 - Learn,,True,,,True,,,https://mcdn.podbean.com/mf/web/thvapx/2_-_JSH_1-266n2ym.mp3,Scripture Study Project,,15764,,29327346,,URL,The Scripture Study Project,,2021-01-04 04:02:39,Podcast,,1590000,,,Zach and Krista
2022-01-04 02:36:37,C788EFDDB734F109,History 27-65 / Section 2 - Work,,True,,2021-02-01 22:36:14,,,,https://mcdn.podbean.com/mf/web/tbp9sf/3_-_JSH_27-65831bo.mp3,Scripture Study Project,,15766,1,30751778,,URL,The Scripture Study Project,,2021-01-09 03:25:07,Podcast,,1640000,3695038574,,Zach and Krista
2022-01-04 02:36:37,13E40613C38FB2CA,Sections 3-5 - Embark,,True,,2021-02-03 14:07:48,,,,https://mcdn.podbean.com/mf/web/ghybxs/4_-_DC_3-58954y.mp3,Scripture Study Project,,15768,1,32469898,,URL,The Scripture Study Project,,2021-01-16 02:11:42,Podcast,,1790000,3695180868,,Zach and Krista
2022-01-04 02:36:37,E9D9008CB5DFD534,Sections 6-9 - Revelation,,True,,2021-02-04 19:21:54,,,,https://mcdn.podbean.com/mf/web/s93nur/5_-_DC_6-99n4aq.mp3,Scripture Study Project,,15770,1,33056513,,URL,The Scripture Study Project,,2021-01-22 15:00:00,Podcast,,1793000,3695286114,,Zach and Krista
2022-01-04 02:36:37,49A8FE1A977F48F6,Sections 10-11 - Desire,,True,,2021-02-01 14:50:20,,,,https://mcdn.podbean.com/mf/web/sywfcy/6_-_DC_10-116hqbk.mp3,Scripture Study Project,,15772,1,31078828,,URL,The Scripture Study Project,,2021-01-30 18:12:25,Podcast,,1639000,3695010620,,Zach and Krista
2022-01-04 02:36:37,246091717B918D4C,Sections 12-13 / JSH 1:66-75 - Fellow,,True,,,True,,,https://mcdn.podbean.com/mf/web/wm4nxy/7_-_DC_12-13_JSH_66-756smbo.mp3,Scripture Study Project,,15774,,31237896,,URL,The Scripture Study Project,,2021-02-06 03:24:45,Podcast,,1745000,,,Zach and Krista
2022-01-04 02:36:37,D0EC07E440CF49B0,Sections 14-17 - Witness,,True,,,True,,,https://mcdn.podbean.com/mf/web/qkiatp/8_-_DC_14-177xdoh.mp3,Scripture Study Project,,15776,,32589163,,URL,The Scripture Study Project,,2021-02-13 04:50:49,Podcast,,1796000,,,Zach and Krista
2022-01-04 02:36:37,157D30FA13E89D6D,Sections 18-19 - Repent,,True,,2021-05-06 23:04:01,,,,https://mcdn.podbean.com/mf/web/nkck8r/9_-_DC_18-19bqfks.mp3,Scripture Study Project,,15778,1,33042230,,URL,The Scripture Study Project,,2021-02-20 06:46:24,Podcast,,1790000,3703165441,,Zach and Krista
2022-01-04 02:36:37,F520357AF584F24E,Sections 20-22 - Organized,,True,,,True,,,https://mcdn.podbean.com/mf/web/67u2xe/10_-_DC_20-229zhc3.mp3,Scripture Study Project,,15780,,31813197,,URL,The Scripture Study Project,,2021-02-27 04:08:22,Podcast,,1691000,,,Zach and Krista
2022-01-04 02:36:37,EA06766660660A23,Sections 23-26 - Calling,,True,,,True,,,https://mcdn.podbean.com/mf/web/59kx26/11_-_DC_23-26bjeid.mp3,Scripture Study Project,,15782,,31175128,,URL,The Scripture Study Project,,2021-03-06 05:02:15,Podcast,,1701000,,,Zach and Krista
2022-01-04 02:36:37,CE281C58229BCCBC,Sections 27-28 - Contrary,,True,,,True,,,https://mcdn.podbean.com/mf/web/cgnssx/12_-_DC_27-289iskv.mp3,Scripture Study Project,,15784,,31665445,,URL,The Scripture Study Project,,2021-03-15 04:17:27,Podcast,,1706000,,,Zach and Krista
2022-01-04 02:36:37,3A222A759BC0E4E7,Section 29 - Gather,,True,,,True,,,https://mcdn.podbean.com/mf/web/jgyk63/13_-_DC_299zoax.mp3,Scripture Study Project,,15786,,33882687,,URL,The Scripture Study Project,,2021-03-20 03:20:24,Podcast,,1793000,,,Zach and Krista
2022-01-04 02:36:37,0F312A949467CE6B,Easter (Replay),,True,,,True,,,https://mcdn.podbean.com/mf/web/8enzmf/14_-_Easter99mal.mp3,Scripture Study Project,,15788,,32630828,,URL,The Scripture Study Project,,2021-03-28 04:19:20,Podcast,,1749000,,,Zach and Krista
2022-01-04 02:36:37,8008026C6E867214,Sections 30-36 - Voice,,True,,,True,,,https://mcdn.podbean.com/mf/web/j4kmsy/15_-_DC_30-369yrr0.mp3,Scripture Study Project,,15790,,29051729,,URL,The Scripture Study Project,,2021-04-03 00:00:00,Podcast,,1531000,,,Zach and Krista
2022-01-04 02:36:37,05982E7ACF9654DF,Sections 37-40 - Present,,True,,2021-04-19 13:47:32,,,,https://mcdn.podbean.com/mf/web/47gjfq/16_-_DC_37-408oqwn.mp3,Scripture Study Project,,15792,1,30015816,,URL,The Scripture Study Project,,2021-04-10 02:38:44,Podcast,,1787000,3701663252,,Zach and Krista
2021-12-30 22:54:10,C86C78AA7EA0F9F8,Sections 41-44 - Law,MPEG audio file,True,145,,True,"""All things are present before me,"" says the Lord to the early saints. That phrase is mind-blowing especially when we start to consider its implications. However, for us, all things are not present; we have a past that might weigh on us and a future that ",172,file://localhost/C:/Users/bruce/Music/iTunes/iTunes Media/Podcasts/The Scripture Study Project/172 Sections 41-44 - Law 1.mp3,Scripture Study Project,4,5048,,32647962,1,File,The Scripture Study Project,2021-04-19 17:27:22,2021-04-19 03:58:16,Podcast,44100,1788421,,2021,Zach and Krista
2022-01-04 02:36:37,DB91CED56200C220,Section 45 - Embrace,,True,,2021-07-31 21:54:54,,,,https://mcdn.podbean.com/mf/web/9f3bvf/18_-_DC_45bgfhd.mp3,Scripture Study Project,,15794,1,31177236,,URL,The Scripture Study Project,,2021-04-24 02:43:06,Podcast,,1692000,3710591694,,Zach and Krista
2022-01-04 02:36:37,8B1D6AA8ECA80467,Sections 46-48 - Gifts,,True,,2021-05-04 20:21:27,,,,https://mcdn.podbean.com/mf/web/nejet3/19_-_DC_46-48bsne3.mp3,Scripture Study Project,,15796,1,28208192,,URL,The Scripture Study Project,,2021-05-01 02:29:58,Podcast,,1561000,3702982887,,Zach and Krista
2022-01-04 02:36:37,E8086BA276192B2E,Sections 49-50 - Discern,,True,,,True,,,https://mcdn.podbean.com/mf/web/5fg63y/20_-_DC_49-50a1awj.mp3,Scripture Study Project,,15798,,34087086,,URL,The Scripture Study Project,,2021-05-08 13:24:36,Podcast,,1790000,,,Zach and Krista
2022-01-04 02:36:37,3826FBD2C38EE51D,Sections 51-57 - Inheritance,,True,,2021-05-31 23:47:20,,,,https://mcdn.podbean.com/mf/web/2irfzv/21_-_DC_51-57alqoi.mp3,Scripture Study Project,,15800,1,28756072,,URL,The Scripture Study Project,,2021-05-15 16:20:49,Podcast,,1513000,3705328040,,Zach and Krista
2022-01-04 02:36:37,810601113B2006FA,Sections 58-59 - Foundation,,True,,2021-05-25 16:09:59,,,,https://mcdn.podbean.com/mf/web/zngim8/22_-_DC_58-5976rtk.mp3,Scripture Study Project,,15802,1,29214839,,URL,The Scripture Study Project,,2021-05-22 15:52:46,Podcast,,1547000,3704782199,,Zach and Krista
2022-01-04 02:36:37,EA0FBC13233242B0,Sections 60-62 - Matters,,True,,,True,,,https://mcdn.podbean.com/mf/web/66qgmb/23_-_DC_60-626g1ol.mp3,Scripture Study Project,,15804,,27651981,,URL,The Scripture Study Project,,2021-05-29 04:29:24,Podcast,,1507000,,,Zach and Krista
2022-01-04 02:36:37,F326818A5848A622,Section 63 - Faithful,,True,,,True,,,https://mcdn.podbean.com/mf/web/5j35ww/24_-_DC_637r0ja.mp3,Scripture Study Project,,15806,,15841166,,URL,The Scripture Study Project,,2021-06-06 03:20:11,Podcast,,871000,,,Zach and Krista
2022-01-04 02:36:37,DFD6672B8F0DDA75,Sections 64-66 - Kingdom,,True,,2021-09-23 22:24:08,,,,https://mcdn.podbean.com/mf/web/w6v9x7/25_-_DC_64-669nzzn.mp3,Scripture Study Project,,15808,1,14756464,,URL,The Scripture Study Project,,2021-06-12 01:52:34,Podcast,,785000,3715259048,,Zach and Krista
2022-01-04 02:36:37,24336E928CA7EBC7,Sections 67-70 - Abundance,,True,,2021-09-23 22:15:24,,,,https://mcdn.podbean.com/mf/web/my55xf/26_-_DC_67-7063wq5.mp3,Scripture Study Project,,15810,2,16792599,,URL,The Scripture Study Project,,2021-06-18 12:00:00,Podcast,,882000,3715258524,,Zach and Krista
2022-01-04 02:36:37,1D60FB5FE6484F12,Sections 71-75 - Expedient,,True,,2021-09-23 22:05:33,,,,https://mcdn.podbean.com/mf/web/sduwm2/27_-_DC_71-75axaz2.mp3,Scripture Study Project,,15812,1,16418438,,URL,The Scripture Study Project,,2021-06-27 12:21:03,Podcast,,904000,3715257933,,Zach and Krista
2022-01-04 02:36:37,FA99B09C365C208B,Section 76 - Vision,,True,,,True,,,https://mcdn.podbean.com/mf/web/9bztmp/28_-_DC_76a49fi.mp3,Scripture Study Project,,15814,,32519607,,URL,The Scripture Study Project,,2021-07-03 01:21:00,Podcast,,1761000,,,Zach and Krista
2022-01-04 02:36:37,F55986A2FE5683B7,Sections 81-83 - Bound,,True,,,True,,,https://mcdn.podbean.com/mf/web/9mrjs4/30_-_DC_81-83bk7ln.mp3,Scripture Study Project,,15816,,19474365,,URL,The Scripture Study Project,,2021-07-19 04:37:40,Podcast,,1012000,,,Zach and Krista
2022-01-04 02:36:37,1F990202BDE8DDBC,Section 84 - Power,,True,,2021-07-31 18:25:30,,,,https://mcdn.podbean.com/mf/web/md6hht/31_-_DC_8495gwu.mp3,Scripture Study Project,,15818,1,19958190,,URL,The Scripture Study Project,,2021-07-24 00:00:00,Podcast,,1021000,3710579130,,Zach and Krista
2022-01-04 02:36:37,03BACEDB91B00227,Sections 85-87 - Divided,,True,,,True,,,https://mcdn.podbean.com/mf/web/7aqrn3/32_-_DC_85-879mm5n.mp3,Scripture Study Project,,15820,,17231192,,URL,The Scripture Study Project,,2021-07-31 00:00:00,Podcast,,932000,,,Zach and Krista
2022-01-04 02:36:37,6DF446AAA3EFB0B6,Section 88 - Peace,,True,,,True,,,https://mcdn.podbean.com/mf/web/zfy6iz/33_-_DC_887qlte.mp3,Scripture Study Project,,15822,,22239916,,URL,The Scripture Study Project,,2021-08-08 21:48:53,Podcast,,1167000,,,Zach and Krista
2022-01-04 02:36:37,79AB6114AD3612A5,Sections 89-92 - Health,,True,,,True,,,https://mcdn.podbean.com/mf/web/ke5c73/34_-_DC_89-927ok1s.mp3,Scripture Study Project,,15824,,19513054,,URL,The Scripture Study Project,,2021-08-16 02:52:26,Podcast,,1065000,,,Zach and Krista
2022-01-04 02:36:37,69C34B9D78286977,Section 93 - Fulness,,True,,2021-09-09 20:07:47,,,,https://mcdn.podbean.com/mf/web/vrhbd7/35_-_DC_93bhriz.mp3,Scripture Study Project,,15826,1,20056616,,URL,The Scripture Study Project,,2021-08-21 03:25:48,Podcast,,1088000,3714041267,,Zach and Krista
2022-01-04 02:36:37,03BE880CF2F8FD6F,Sections 94-97 - Build,,True,,2021-09-16 21:39:01,,,,https://mcdn.podbean.com/mf/web/m8h985/36_-_DC_94-97bdmdk.mp3,Scripture Study Project,,15828,1,19686139,,URL,The Scripture Study Project,,2021-08-30 03:22:37,Podcast,,1105000,3714651541,,Zach and Krista
2022-01-04 02:36:37,59002FC2461DB45E,Sections 98-101 - Affliction,,True,,2021-09-11 18:25:04,,,,https://mcdn.podbean.com/mf/web/u37uxz/37_-_DC_98-101awosv.mp3,Scripture Study Project,,15830,1,31625287,,URL,The Scripture Study Project,,2021-09-06 04:04:11,Podcast,,1778000,3714207904,,Zach and Krista
2022-01-04 02:36:37,D9A87B6954E70886,Sections 102-105 - Victory,,True,,,True,,,https://mcdn.podbean.com/mf/web/bgab5e/38_-_DC_102-105b3065.mp3,Scripture Study Project,,15832,,30643694,,URL,The Scripture Study Project,,2021-09-13 01:44:26,Podcast,,1659000,,,Zach and Krista
2022-01-04 02:36:37,FC9D74317E9EADCE,Sections 106-108 - Special,,True,,,True,,,https://mcdn.podbean.com/mf/web/4fmchx/39_-_DC_106-10886n9p.mp3,Scripture Study Project,,15834,,30121312,,URL,The Scripture Study Project,,2021-09-20 12:04:43,Podcast,,1681000,,,Zach and Krista
2022-01-04 02:36:37,40B17ECBB18E573A,Section 109-110 - Accept,,True,,,True,,,https://mcdn.podbean.com/mf/web/yyphkn/40_-_DC_109-1108sdto.mp3,Scripture Study Project,,15836,,28983630,,URL,The Scripture Study Project,,2021-09-26 03:35:29,Podcast,,1550000,,,Zach and Krista
2022-01-04 02:36:37,71AF6D03F1978807,Sections 111-114 - Follies,,True,,,True,,,https://mcdn.podbean.com/mf/web/kz2nr6/41_-_DC_111-1146jx40.mp3,Scripture Study Project,,15838,,25666588,,URL,The Scripture Study Project,,2021-10-01 13:50:00,Podcast,,1366000,,,Zach and Krista
2022-01-04 02:36:37,AB4AC9040A1C5178,Sections 115-120 - Arise,,True,,,True,,,https://mcdn.podbean.com/mf/web/4vd9fr/42_-_DC_115-1209etm3.mp3,Scripture Study Project,,15840,,29933423,,URL,The Scripture Study Project,,2021-10-08 16:02:00,Podcast,,1644000,,,Zach and Krista
2022-01-04 02:36:37,A754DD105B5701A0,Sections 121-123 - Prison-Temple,,True,,,True,,,https://mcdn.podbean.com/mf/web/hsvbi9/43_-_DC_121-12373917.mp3,Scripture Study Project,,15842,,32162765,,URL,The Scripture Study Project,,2021-10-15 18:00:00,Podcast,,1734000,,,Zach and Krista
2022-01-04 02:36:37,505074B18F2D38F9,Section 124 - Nauvoo,,True,,,True,,,https://mcdn.podbean.com/mf/web/5vtpxa/44_-_DC_12492hez.mp3,Scripture Study Project,,15844,,28279644,,URL,The Scripture Study Project,,2021-10-22 11:17:00,Podcast,,1571000,,,Zach and Krista
2022-01-04 02:36:37,EF9CFC91B5BA7CAE,Sections 125-128 - Gladness,,True,,,True,,,https://mcdn.podbean.com/mf/web/ynrvzw/45_-_DC_125-128anzf7.mp3,Scripture Study Project,,15846,,27157080,,URL,The Scripture Study Project,,2021-11-06 03:25:03,Podcast,,1472000,,,Zach and Krista
2022-01-04 02:36:37,994A73C668D0CAAA,Sections 129-132 - Doctrine,,True,,,True,,,https://mcdn.podbean.com/mf/web/az6s55/46_-_DC_129-132aafb6.mp3,Scripture Study Project,,15848,,32662564,,URL,The Scripture Study Project,,2021-11-06 03:36:52,Podcast,,1798000,,,Zach and Krista
2022-01-04 02:36:38,5EF9DA1912CD2838,Sections 133-134: Appendix,,True,,,True,,,https://mcdn.podbean.com/mf/web/aw8vye/47_-_DC_133-1348bm79.mp3,Scripture Study Project,,15850,,26689806,,URL,The Scripture Study Project,,2021-11-18 03:42:53,Podcast,,1548000,,,Zach and Krista
2022-01-04 02:36:38,2D937B352210CEFA,Sections 135-136 - Gems,,True,,,True,,,https://mcdn.podbean.com/mf/web/cz5g5u/48_-_DC_135-1368w8ab.mp3,Scripture Study Project,,15852,,27348661,,URL,The Scripture Study Project,,2021-11-22 03:09:57,Podcast,,1455000,,,Zach and Krista
2022-01-04 02:36:38,848DA922FFAE71E5,Sections 137-138 - Behold,,True,,,True,,,https://mcdn.podbean.com/mf/web/aztrdb/49_-_DC_137-138altyt.mp3,Scripture Study Project,,15854,,33081661,,URL,The Scripture Study Project,,2021-11-29 03:58:37,Podcast,,1790000,,,Zach and Krista
2022-01-04 02:36:38,EE138ED46860AE4B,"Moses 1, Abr 3 - Who?",,True,,2022-02-17 00:54:22,,,,https://mcdn.podbean.com/mf/web/mxstwg/1_-_Moses_1_Abr_3ajbca.mp3,Scripture Study Project,,15856,2,32353309,,URL,The Scripture Study Project,,2022-01-01 19:59:03,Podcast,,1708000,3727878862,,Zach and Krista
2022-01-04 02:36:38,7D91E475EEE9E655,Genesis 1-2 - Creation,,True,,2022-02-19 01:59:08,,,,https://mcdn.podbean.com/mf/web/g9sp3z/2_-_Gen_1-26pxf8.mp3,Scripture Study Project,,15858,2,22811510,,URL,The Scripture Study Project,,2022-01-01 20:02:04,Podcast,,1230000,3728055548,,Zach and Krista
2022-05-21 03:06:49,EE9F0750A99DA47A,Genesis 3-4 - Sacrifice,,True,,2022-02-19 19:19:08,,,,https://mcdn.podbean.com/mf/web/73zakz/3_-_Gen_3-4a20a3.mp3,Scripture Study Project,,17008,2,29641213,,URL,The Scripture Study Project,,2022-01-07 14:04:30,Podcast,,1638000,3728117948,,Zach and Krista
2022-05-21 03:06:49,FCB7CEFBBB32FCBB,"Genesis 5, Moses 6 - Walk",,True,,2022-02-19 20:04:58,,,,https://mcdn.podbean.com/mf/web/6e8pak/4_-_Gen_5_Moses_66pr09.mp3,Scripture Study Project,,17010,1,32494868,,URL,The Scripture Study Project,,2022-01-14 13:00:00,Podcast,,1782000,3728120698,,Zach and Krista
2022-05-21 03:06:49,A10B853697AE936E,Moses 7 - Zion,,True,,2022-02-19 20:52:04,,,,https://mcdn.podbean.com/mf/web/66mnii/5_-_Moses_7baqkp.mp3,Scripture Study Project,,17012,1,32905427,,URL,The Scripture Study Project,,2022-01-23 02:57:27,Podcast,,1791000,3728123524,,Zach and Krista
2022-05-21 03:06:49,53079B7F2D2FCEF4,Genesis 6-11 - Protect,,True,,2022-02-22 19:46:10,,,,https://mcdn.podbean.com/mf/web/vfxxbx/6_-_Gen_6-1162paw.mp3,Scripture Study Project,,17014,1,29692896,,URL,The Scripture Study Project,,2022-01-28 11:00:00,Podcast,,1564000,3728378770,,Zach and Krista
2022-05-21 03:06:49,C23876E58AF1265A,Gen 12-17 - Blessing,,True,,2022-02-23 01:22:18,,,,https://mcdn.podbean.com/mf/web/8zevs3/7_-_Gen_12-178l4uo.mp3,Scripture Study Project,,17016,1,29063413,,URL,The Scripture Study Project,,2022-02-04 13:29:00,Podcast,,1565000,3728398938,,Zach and Krista
2022-05-21 03:06:49,ED81478E310A9612,Gen 18-23 - Altar,,True,,2022-02-26 19:39:19,,,,https://mcdn.podbean.com/mf/web/f8eigd/8_-_Gen_18-238kp18.mp3,Scripture Study Project,,17018,1,29955825,,URL,The Scripture Study Project,,2022-02-11 19:46:28,Podcast,,1710000,3728723959,,Zach and Krista
2022-05-21 03:06:49,D7133AC4BA490081,Gen 24-27 - Way,,True,,,True,,,https://mcdn.podbean.com/mf/web/kyaxgt/9_-_Gen_24-27are36.mp3,Scripture Study Project,,17020,,31329972,,URL,The Scripture Study Project,,2022-02-18 11:00:00,Podcast,,1665000,,,Zach and Krista
2022-05-21 03:06:49,527633127BF3511E,Gen 28-33 - Prevail,,True,,,True,,,https://mcdn.podbean.com/mf/web/segtyt/10_-_Gen_28-3361lgt.mp3,Scripture Study Project,,17022,,33313249,,URL,The Scripture Study Project,,2022-02-27 20:37:41,Podcast,,1793000,,,Zach and Krista
2022-05-21 03:06:49,8099A3DFA8CEA3E1,Gen 37-41 - Prosper,,True,,,True,,,https://mcdn.podbean.com/mf/web/hhmsci/11_-_Gen_37-418fxnr.mp3,Scripture Study Project,,17024,,32372531,,URL,The Scripture Study Project,,2022-03-05 03:17:28,Podcast,,1769000,,,Zach and Krista
2022-05-21 03:06:49,F54ED9D8197B3A49,Gen 42-50 - Forgive,,True,,,True,,,https://mcdn.podbean.com/mf/web/yjebxe/12_-_Gen_42-50ahwkp.mp3,Scripture Study Project,,17026,,29324446,,URL,The Scripture Study Project,,2022-03-11 16:39:00,Podcast,,1650000,,,Zach and Krista
2022-05-21 03:06:49,7630F1FA864B4C55,Ex 1-6 - I Am,,True,,,True,,,https://mcdn.podbean.com/mf/web/e3pybf/13_-_Ex_1-6bbhir.mp3,Scripture Study Project,,17028,,30380214,,URL,The Scripture Study Project,,2022-03-20 17:03:03,Podcast,,1727000,,,Zach and Krista
2022-05-21 03:06:49,DE450E2E10135BCC,Ex 7-13 - Plagues,,True,,,True,,,https://mcdn.podbean.com/mf/web/h4fdbv/14_-_Ex_7-139y70q.mp3,Scripture Study Project,,17030,,29330664,,URL,The Scripture Study Project,,2022-03-25 19:20:00,Podcast,,1690000,,,Zach and Krista
2022-05-21 03:06:49,5B3A7718754D4EB3,Ex 14-17 - Murmur,,True,,,True,,,https://mcdn.podbean.com/mf/web/k3svu8/15_-_Ex_14-17awoei.mp3,Scripture Study Project,,17032,,30685061,,URL,The Scripture Study Project,,2022-04-01 19:42:00,Podcast,,1799000,,,Zach and Krista
2022-05-21 03:06:49,3A69FC0C75A904B8,Ex 18-20 - Peculiar,,True,,2022-04-23 18:37:14,,,,https://mcdn.podbean.com/mf/web/bsdppv/16_-_Ex_18-20b43ek.mp3,Scripture Study Project,,17034,1,30314550,,URL,The Scripture Study Project,,2022-04-17 01:49:39,Podcast,,1785000,3733562234,,Zach and Krista
2022-05-21 03:06:49,494B655BAC413680,"Ex 24, 31-34 - Goodness",,True,,2022-04-23 20:15:51,,,,https://mcdn.podbean.com/mf/web/24supc/17_-_Ex_24_31-34abvgp.mp3,Scripture Study Project,,17036,1,32639901,,URL,The Scripture Study Project,,2022-04-22 14:52:45,Podcast,,1788000,3733568151,,Zach and Krista
2022-05-21 03:06:49,1542AAA5EEFF1B7A,"Ex 35-40, Lev 1, 16, 19 - Holy",,True,,2022-06-29 19:24:06,,,,https://mcdn.podbean.com/mf/web/9uy82i/18_-_Ex_35-40_Levbr3c1.mp3,Scripture Study Project,,17038,1,32351008,,URL,The Scripture Study Project,,2022-04-30 14:06:49,Podcast,,1792000,3739353846,,Zach and Krista
2022-05-21 03:06:49,47EABF4FE1E0E05E,"Num 11-14, 20-24 - Spirit",,True,,2022-07-02 18:15:51,,,,https://mcdn.podbean.com/mf/web/y75eyf/19_-_Num_11-14_20-247lxap.mp3,Scripture Study Project,,17040,1,34935390,,URL,The Scripture Study Project,,2022-05-08 02:23:53,Podcast,,1798000,3739608951,,Zach and Krista
2022-05-21 03:06:49,F8BDB688861115F3,Deut - Remember,,True,,,True,,,https://mcdn.podbean.com/mf/web/hr5kaj/20_-_Deut6k8gc.mp3,Scripture Study Project,,17042,,31491901,,URL,The Scripture Study Project,,2022-05-12 19:23:00,Podcast,,1787000,,,Zach and Krista
2022-05-21 03:06:49,559A00DD48BD2648,Joshua - Courage,,True,,,True,,,https://mcdn.podbean.com/mf/web/d3843d/21_-_Josh67jdf.mp3,Scripture Study Project,,17044,,30046716,,URL,The Scripture Study Project,,2022-05-20 13:42:05,Podcast,,1616000,,,Zach and Krista
2022-05-28 03:13:17,A2BD7862178AB04D,Judges - Deliver,MPEG audio file,True,149,,True,"	· There's a chilling story President Kimball relates in his book ""Miracle of Forgiveness"" about a man who pulls himself from alcoholism, practices sobriety for years and readies himself to be sealed in the temple with his wife, and then, on the eve of hi",224,https://mcdn.podbean.com/mf/web/hfz3fe/22_-_Judges5zqfp.mp3,Scripture Study Project,,17878,,33105716,,URL,The Scripture Study Project,2022-05-28 03:13:17,2022-05-27 22:01:20,Podcast,44100,1774000,,2022,Zach and Krista
2022-08-20 21:46:15,C99015E43F3565C5,Ruth - kindness,,True,,,True,,,https://mcdn.podbean.com/mf/web/w8buvu/23_-_Ruth8sjr1.mp3,Scripture Study Project,,37398,,31059047,,URL,The Scripture Study Project,,2022-06-05 03:44:02,Podcast,,1763000,,,Zach and Krista
2022-08-20 21:46:15,6B42F3EE2C22AC91,1 Samuel - Ebenezer,,True,,,True,,,https://mcdn.podbean.com/mf/web/wkbrxv/24_-_1_Samuel_ab3z7n.mp3,Scripture Study Project,,37400,,34121245,,URL,The Scripture Study Project,,2022-06-10 16:45:50,Podcast,,1789000,,,Zach and Krista
2022-08-20 21:46:15,86655FF809D00FCA,"2 Samuel, 1 Kings - Fallen",,True,,,True,,,https://mcdn.podbean.com/mf/web/fswb7z/25_-_2_Samuel_1_Kings6juvm.mp3,Scripture Study Project,,37402,,33691657,,URL,The Scripture Study Project,,2022-06-18 22:01:59,Podcast,,1789000,,,Zach and Krista
2022-08-20 21:46:15,7C35888662F00172,1 Kings 17-19 - Heard,,True,,,True,,,https://mcdn.podbean.com/mf/web/ve2e5x/26_-_1_Kings_17-196upns.mp3,Scripture Study Project,,37404,,29959196,,URL,The Scripture Study Project,,2022-06-27 01:33:19,Podcast,,1591000,,,Zach and Krista
2022-08-20 21:46:15,F960CD0E007D438D,2 Kings 2-7 - Unprecedented,,True,,,True,,,https://mcdn.podbean.com/mf/web/g6cpbu/27_-_2_Kings_2-7a8k2l.mp3,Scripture Study Project,,37406,,16412406,,URL,The Scripture Study Project,,2022-07-03 22:13:37,Podcast,,857000,,,Zach and Krista
2022-08-20 21:46:15,3F58E7C0C14CFA97,2 Kings 17-25 - Turn,,True,,,True,,,https://mcdn.podbean.com/mf/web/zjf5ti/28_-_2_Kings_17-25b1p9n.mp3,Scripture Study Project,,37408,,17470856,,URL,The Scripture Study Project,,2022-07-08 12:33:00,Podcast,,926000,,,Zach and Krista
2022-08-20 21:46:15,514A62559E33DD62,"Ezra, Nehemiah - Work",,True,,,True,,,https://mcdn.podbean.com/mf/web/y99jjh/29_-_Ezra_Nehemiah8aolo.mp3,Scripture Study Project,,37410,,20969281,,URL,The Scripture Study Project,,2022-07-16 02:19:32,Podcast,,1122000,,,Zach and Krista
2022-08-20 21:47:06,F6E98FEC8A959BC3,Esther - Scepter,MPEG audio file,True,148,2022-08-21 19:25:50,,"Years ago in a seminary class where we were studying a scriptural account of a woman, one of the young men blurted out that he felt the lesson didn't apply to the boys in the class because it was about a woman in the scriptures. Immediately one of the old",232,https://mcdn.podbean.com/mf/web/eya72p/30_-_Estherasg9y.mp3,Scripture Study Project,,37466,1,17685001,,URL,The Scripture Study Project,2022-08-20 21:47:06,2022-07-23 03:18:04,Podcast,44100,949000,3743933150,2022,Zach and Krista
2022-08-20 21:47:12,F62FA31F97BB39FD,Job - Perfect,MPEG audio file,True,149,2022-08-21 01:01:19,,"One thing that took getting used to as I prepared for a mission to Germany was the Germany fairy tale. Contrary to many romantic tales where heroes prevail against evil and receive rewards for their efforts, Germany fairy tales contain stories where good ",233,https://mcdn.podbean.com/mf/web/xh3dbd/31_-_Job9ewc7.mp3,Scripture Study Project,,37650,1,22761458,,URL,The Scripture Study Project,2022-08-20 21:47:12,2022-08-01 03:56:16,Podcast,44100,1218000,3743866879,2022,Zach and Krista
2022-08-20 21:46:15,15F011FF2AEAAADB,Psalms - Blessed,,True,,2022-08-11 14:42:58,,,,https://mcdn.podbean.com/mf/web/6zuyhn/32_-_Psalmsaraf4.mp3,Scripture Study Project,,37412,1,31961608,,URL,The Scripture Study Project,,2022-08-08 02:31:16,Podcast,,1695000,3743052178,,Zach and Krista
2022-09-03 17:53:23,2332923372EC5F0F,Proverbs - Wisdom,MPEG audio file,True,148,2022-09-17 19:35:18,,"	·  One of my favorite things about learning from the Lord is that He teaches with images, stories, and symbols. I learned this week that the Hebrew word ""mashawl"" translated in verse 1 as ""proverb"" is translated in many other places as ""parable"". In othe",235,https://mcdn.podbean.com/mf/web/eqpbps/33_-_Proverbs69cdf.mp3,Scripture Study Project,,37726,1,19246897,,URL,The Scripture Study Project,2022-09-03 17:53:23,2022-08-27 03:43:08,Podcast,44100,1035911,3746266518,2022,Zach and Krista
2022-09-03 17:54:27,2CA83A783B1F37BF,Isaiah 1-12 - Delight,MPEG audio file,True,147,2022-09-17 20:02:29,,"Some commentators have described the book of Isaiah the climactic book of the Hebrew Bible or Old Testament. Isaiah's writings were certainly important to many later writers, including Nephi, Abinadi, Mormon, and Jesus Christ himself. When describing his ",236,https://mcdn.podbean.com/mf/web/scvhsd/34_-_Isaiah_1-128hezk.mp3,Scripture Study Project,,37748,1,32994303,,URL,The Scripture Study Project,2022-09-03 17:54:27,2022-09-02 12:00:00,Podcast,44100,1785913,3746268149,2022,Zach and Krista
2022-09-10 17:54:51,C875CBF1AF44A61A,Isaiah 13-35 - Fat Things,MPEG audio file,True,146,2022-09-18 01:23:24,,"When Krista and I were first married she introduced me to the idea of ""empty calories""--foods that you could eat but that would give little to no nutrition (this was how she described many of the things I had grown used to eating in college). This week we",237,https://mcdn.podbean.com/mf/web/8kk474/35_-_Isaiah_13-358fw9i.mp3,Scripture Study Project,,37792,1,32152850,,URL,The Scripture Study Project,2022-09-10 17:54:51,2022-09-10 00:36:00,Podcast,44100,1755559,3746287404,2022,Zach and Krista
2022-11-27 02:10:41,88570C35245D80E9,Isaiah 40-49 - Comfort,,True,,2022-09-28 23:53:07,,,,https://mcdn.podbean.com/mf/web/immkn3/36_-_Isaiah_40-49aarhq.mp3,Scripture Study Project,,38324,1,30411404,,URL,The Scripture Study Project,,2022-09-18 01:55:44,Podcast,,1615000,3747232387,,Zach and Krista
2022-11-27 02:10:41,55CF265D22C58793,Isaiah 50-57 - Servant,,True,,2022-11-18 04:00:03,,,,https://mcdn.podbean.com/mf/web/8fvn33/37_-_Isaiah_50-577i3jz.mp3,Scripture Study Project,,38326,1,34585946,,URL,The Scripture Study Project,,2022-09-23 15:13:09,Podcast,,1793000,3751563603,,Zach and Krista
2022-11-27 02:10:41,16D9CDE0F38C4FF9,Isaiah 58-66 - Ways,,True,,2022-11-18 03:59:58,,,,https://mcdn.podbean.com/mf/web/9qm4re/38_-_Isaiah_58-668cwni.mp3,Scripture Study Project,,38328,1,31995755,,URL,The Scripture Study Project,,2022-09-29 19:33:00,Podcast,,1757000,3751563598,,Zach and Krista
2022-11-27 02:10:41,AD3A75CAA7F4079F,Jeremiah 1-20: Derision,,True,,2022-11-18 03:59:55,,,,https://mcdn.podbean.com/mf/web/gxzv2a/39_-_Jeremiah_1-2085hiu.mp3,Scripture Study Project,,38330,1,30898243,,URL,The Scripture Study Project,,2022-10-07 20:52:18,Podcast,,1710000,3751563595,,Zach and Krista
2022-11-27 02:10:41,6556E6E06695262C,Jeremiah 30-Lamentations: Shepherd,,True,,2022-11-18 03:59:49,,,,https://mcdn.podbean.com/mf/web/s68pn6/40_-_Jeremiah_30-Lamentations92mxa.mp3,Scripture Study Project,,38332,1,32584391,,URL,The Scripture Study Project,,2022-10-17 03:45:08,Podcast,,1784000,3751563589,,Zach and Krista
2022-11-27 02:10:41,856BF64585ED0715,Ezekiel - Watch,,True,,2022-11-18 03:59:46,,,,https://mcdn.podbean.com/mf/web/j6nzir/41_-_Ezekiel6zi3v.mp3,Scripture Study Project,,38334,1,31096595,,URL,The Scripture Study Project,,2022-10-21 12:56:00,Podcast,,1710000,3751563586,,Zach and Krista
2022-11-27 02:10:41,4DBDDAFDDBF98EE4,Daniel 1-6 - Excellent,,True,,2022-11-05 23:27:35,,,,https://mcdn.podbean.com/mf/web/84rti5/42_-_Daniel9n42h.mp3,Scripture Study Project,,38336,1,27964740,,URL,The Scripture Study Project,,2022-10-31 02:08:07,Podcast,,1456000,3750514055,,Zach and Krista
2022-11-27 02:10:51,17222744BD5E7B57,Hosea-Joel - Meaning in the Minor Prophets,MPEG audio file,True,147,2022-11-24 00:52:21,True,"Recently I heard a description of some of the reasons why members of the Church have struggled or are struggling with their faith. For a small group, they struggle because they no longer believe the Church is true. For a larger group, they struggle becaus",245,file://localhost/C:/Users/bruce/Music/iTunes/iTunes Media/Podcasts/The Scripture Study Project/245 Hosea-Joel - Meaning in the Mino.mp3,Scripture Study Project,4,38460,,30402736,1,File,The Scripture Study Project,2022-11-27 02:10:51,2022-11-10 22:00:44,Podcast,44100,1653760,3752070741,2022,Zach and Krista
2022-11-27 02:12:16,1F9F826428A0BB36,Amos-Obadiah - Savior(s),MPEG audio file,True,138,2022-11-25 23:01:01,True,"I remember years ago watching an episode of a hidden camera tv show where actors acted out a scene where one man, dressed as someone living on the streets, was given money by other only to have that money stolen by some mocking teenagers. The episode focu",246,file://localhost/C:/Users/bruce/Music/iTunes/iTunes Media/Podcasts/The Scripture Study Project/246 Amos-Obadiah - Savior(s).mp3,Scripture Study Project,4,38488,,29003823,1,File,The Scripture Study Project,2022-11-27 02:12:16,2022-11-12 02:45:01,Podcast,44100,1668989,3752236861,2022,Zach and Krista
2022-11-27 02:13:18,ED2FD75FA18D5A16,Jonah-Micah - Flea,MPEG audio file,True,151,2022-12-16 13:40:32,True,The story of Jonah is a masterpiece of scriptural story that weaves together a very human and relatable character in Jonah with a compelling illustration of the true character of the Lord interlaced with suspense and surprise. It may be one of the best bo,247,file://localhost/C:/Users/bruce/Music/iTunes/iTunes Media/Podcasts/The Scripture Study Project/247 Jonah-Micah - Flea.mp3,Scripture Study Project,4,38512,,27357912,1,File,The Scripture Study Project,2022-11-27 02:13:18,2022-11-18 03:20:00,Podcast,44100,1440130,3754017632,2022,Zach and Krista
